Season,Team,Matches_x,HomeWins,HomeDraws,HomeLosses,HomeGoalsScored,HomeGoalsConceded,HomeShots,HomeShotsOnTarget,HomeCorners,HomeFouls,HomeYellowCards,HomeRedCards,Matches_y,AwayWins,AwayDraws,AwayLosses,AwayGoalsScored,AwayGoalsConceded,AwayShots,AwayShotsOnTarget,AwayCorners,AwayFouls,AwayYellowCards,AwayRedCards,Matches,Wins,Draws,Losses,GoalsScored,GoalsConceded,GoalDifference,Points,GoalsPerMatch,ConcededPerMatch,ShotsPerMatch,ShotsOnTargetPerMatch,CornersPerMatch,FoulsPerMatch,YellowCardsPerMatch,RedCardsPerMatch,HomeWinRate,AwayWinRate,WinRate
2000/01,Arsenal,19,15,3,1,45,13,323,189,176,248,17,1,19,5,7,7,18,25,217,106,119,247,31,2,38,20,10,8,63,38,25,70,1.6578947368421053,1.0,14.210526315789474,7.7631578947368425,7.7631578947368425,13.026315789473685,1.263157894736842,0.07894736842105263,0.7894736842105263,0.2631578947368421,0.5263157894736842
2000/01,Aston Villa,19,8,8,3,27,20,183,88,111,205,24,1,19,5,7,7,19,23,166,77,75,286,42,2,38,13,15,10,46,43,3,54,1.2105263157894737,1.131578947368421,9.18421052631579,4.342105263157895,4.894736842105263,12.921052631578947,1.736842105263158,0.07894736842105263,0.42105263157894735,0.2631578947368421,0.34210526315789475
2000/01,Bradford,19,4,7,8,20,29,221,101,108,255,27,0,19,1,4,14,10,41,150,73,71,262,30,1,38,5,11,22,30,70,-40,26,0.7894736842105263,1.8421052631578947,9.763157894736842,4.578947368421052,4.7105263157894735,13.605263157894736,1.5,0.02631578947368421,0.21052631578947367,0.05263157894736842,0.13157894736842105
2000/01,Charlton,19,11,5,3,31,19,206,119,114,233,24,2,19,3,5,11,19,38,167,98,99,234,20,1,38,14,10,14,50,57,-7,52,1.3157894736842106,1.5,9.81578947368421,5.7105263157894735,5.605263157894737,12.289473684210526,1.1578947368421053,0.07894736842105263,0.5789473684210527,0.15789473684210525,0.3684210526315789
2000/01,Chelsea,19,13,3,3,44,20,280,136,118,257,30,0,19,4,7,8,24,25,224,104,94,288,45,2,38,17,10,11,68,45,23,61,1.7894736842105263,1.1842105263157894,13.263157894736842,6.315789473684211,5.578947368421052,14.342105263157896,1.9736842105263157,0.05263157894736842,0.6842105263157895,0.21052631578947367,0.4473684210526316
2000/01,Coventry,19,4,7,8,14,23,213,95,127,247,25,3,19,4,3,12,22,40,176,82,79,282,51,1,38,8,10,20,36,63,-27,34,0.9473684210526315,1.6578947368421053,10.236842105263158,4.657894736842105,5.421052631578948,13.921052631578947,2.0,0.10526315789473684,0.21052631578947367,0.21052631578947367,0.21052631578947367
2000/01,Derby,19,8,7,4,23,24,148,65,80,270,37,1,19,2,5,12,14,35,157,76,79,259,39,1,38,10,12,16,37,59,-22,42,0.9736842105263158,1.5526315789473684,8.026315789473685,3.710526315789474,4.184210526315789,13.921052631578947,2.0,0.05263157894736842,0.42105263157894735,0.10526315789473684,0.2631578947368421
2000/01,Everton,19,6,8,5,29,27,229,117,110,266,37,2,19,5,1,13,16,32,165,78,93,292,37,3,38,11,9,18,45,59,-14,42,1.1842105263157894,1.5526315789473684,10.368421052631579,5.131578947368421,5.342105263157895,14.68421052631579,1.9473684210526316,0.13157894736842105,0.3157894736842105,0.2631578947368421,0.2894736842105263
2000/01,Ipswich,19,11,5,3,31,15,298,141,124,199,10,1,19,9,1,9,26,27,193,85,82,215,21,1,38,20,6,12,57,42,15,66,1.5,1.105263157894737,12.921052631578947,5.947368421052632,5.421052631578948,10.894736842105264,0.8157894736842105,0.05263157894736842,0.5789473684210527,0.47368421052631576,0.5263157894736842
2000/01,Leeds,19,11,3,5,36,21,281,132,169,300,30,0,19,9,5,5,28,22,194,96,101,289,42,3,38,20,8,10,64,43,21,68,1.6842105263157894,1.131578947368421,12.5,6.0,7.105263157894737,15.5,1.894736842105263,0.07894736842105263,0.5789473684210527,0.47368421052631576,0.5263157894736842
2000/01,Leicester,19,10,4,5,28,23,199,97,99,188,24,1,19,4,2,13,11,28,127,62,75,238,32,1,38,14,6,18,39,51,-12,48,1.0263157894736843,1.3421052631578947,8.578947368421053,4.184210526315789,4.578947368421052,11.210526315789474,1.4736842105263157,0.05263157894736842,0.5263157894736842,0.21052631578947367,0.3684210526315789
2000/01,Liverpool,19,13,4,2,40,14,282,142,145,219,21,2,19,7,5,7,31,25,206,107,98,254,29,2,38,20,9,9,71,39,32,69,1.868421052631579,1.0263157894736843,12.842105263157896,6.552631578947368,6.394736842105263,12.447368421052632,1.3157894736842106,0.10526315789473684,0.6842105263157895,0.3684210526315789,0.5263157894736842
2000/01,Man City,19,4,3,12,20,31,204,98,135,284,37,1,19,4,7,8,21,34,173,76,85,305,32,2,38,8,10,20,41,65,-24,34,1.0789473684210527,1.7105263157894737,9.921052631578947,4.578947368421052,5.7894736842105265,15.5,1.8157894736842106,0.07894736842105263,0.21052631578947367,0.21052631578947367,0.21052631578947367
2000/01,Man United,19,15,2,2,49,12,323,152,151,195,13,2,19,9,6,4,30,19,233,112,118,238,31,1,38,24,8,6,79,31,48,80,2.0789473684210527,0.8157894736842105,14.631578947368421,6.947368421052632,7.078947368421052,11.394736842105264,1.1578947368421053,0.07894736842105263,0.7894736842105263,0.47368421052631576,0.631578947368421
2000/01,Middlesbrough,19,4,7,8,18,23,212,93,85,215,28,4,19,5,8,6,26,21,140,74,61,283,44,2,38,9,15,14,44,44,0,42,1.1578947368421053,1.1578947368421053,9.263157894736842,4.394736842105263,3.8421052631578947,13.105263157894736,1.894736842105263,0.15789473684210525,0.21052631578947367,0.2631578947368421,0.23684210526315788
2000/01,Newcastle,19,10,4,5,26,17,245,104,101,286,18,2,19,4,5,10,18,33,169,87,92,266,30,3,38,14,9,15,44,50,-6,51,1.1578947368421053,1.3157894736842106,10.894736842105264,5.026315789473684,5.078947368421052,14.526315789473685,1.263157894736842,0.13157894736842105,0.5263157894736842,0.21052631578947367,0.3684210526315789
2000/01,Southampton,19,11,2,6,27,22,243,100,115,246,24,1,19,3,8,8,13,26,171,74,96,263,25,0,38,14,10,14,40,48,-8,52,1.0526315789473684,1.263157894736842,10.894736842105264,4.578947368421052,5.552631578947368,13.394736842105264,1.2894736842105263,0.02631578947368421,0.5789473684210527,0.15789473684210525,0.3684210526315789
2000/01,Sunderland,19,9,7,3,24,16,256,134,102,286,34,3,19,6,5,8,22,25,193,84,85,332,39,2,38,15,12,11,46,41,5,57,1.2105263157894737,1.0789473684210527,11.81578947368421,5.7368421052631575,4.921052631578948,16.263157894736842,1.9210526315789473,0.13157894736842105,0.47368421052631576,0.3157894736842105,0.39473684210526316
2000/01,Tottenham,19,11,6,2,31,16,235,107,105,270,18,3,19,2,4,13,16,38,148,74,66,256,27,0,38,13,10,15,47,54,-7,49,1.236842105263158,1.4210526315789473,10.078947368421053,4.7631578947368425,4.5,13.842105263157896,1.1842105263157894,0.07894736842105263,0.5789473684210527,0.10526315789473684,0.34210526315789475
2000/01,West Ham,19,6,6,7,24,20,280,132,115,263,34,2,19,4,6,9,21,30,195,97,98,210,35,1,38,10,12,16,45,50,-5,42,1.1842105263157894,1.3157894736842106,12.5,6.026315789473684,5.605263157894737,12.447368421052632,1.8157894736842106,0.07894736842105263,0.3157894736842105,0.21052631578947367,0.2631578947368421
2001/02,Arsenal,19,12,4,3,42,25,317,154,150,259,32,2,19,14,5,0,37,11,201,107,96,302,45,4,38,26,9,3,79,36,43,87,2.0789473684210527,0.9473684210526315,13.631578947368421,6.868421052631579,6.473684210526316,14.763157894736842,2.026315789473684,0.15789473684210525,0.631578947368421,0.7368421052631579,0.6842105263157895
2001/02,Aston Villa,19,8,7,4,22,17,186,91,119,228,16,1,19,4,7,8,24,30,196,98,82,264,25,1,38,12,14,12,46,47,-1,50,1.2105263157894737,1.236842105263158,10.052631578947368,4.973684210526316,5.2894736842105265,12.947368421052632,1.0789473684210527,0.05263157894736842,0.42105263157894735,0.21052631578947367,0.3157894736842105
2001/02,Blackburn,19,8,6,5,33,20,260,126,117,270,27,2,19,4,4,11,22,31,182,87,119,296,31,2,38,12,10,16,55,51,4,46,1.4473684210526316,1.3421052631578947,11.631578947368421,5.605263157894737,6.2105263157894735,14.894736842105264,1.5263157894736843,0.10526315789473684,0.42105263157894735,0.21052631578947367,0.3157894736842105
2001/02,Bolton,19,5,7,7,20,31,199,79,114,240,22,5,19,4,6,9,24,31,167,81,80,271,35,2,38,9,13,16,44,62,-18,40,1.1578947368421053,1.631578947368421,9.631578947368421,4.2105263157894735,5.105263157894737,13.447368421052632,1.5,0.18421052631578946,0.2631578947368421,0.21052631578947367,0.23684210526315788
2001/02,Charlton,19,5,6,8,23,30,195,100,141,246,27,2,19,5,8,6,15,19,176,78,101,235,35,1,38,10,14,14,38,49,-11,44,1.0,1.2894736842105263,9.763157894736842,4.684210526315789,6.368421052631579,12.657894736842104,1.631578947368421,0.07894736842105263,0.2631578947368421,0.2631578947368421,0.2631578947368421
2001/02,Chelsea,19,11,4,4,43,21,287,134,119,235,30,1,19,6,9,4,23,17,199,81,100,261,40,2,38,17,13,8,66,38,28,64,1.736842105263158,1.0,12.789473684210526,5.657894736842105,5.7631578947368425,13.052631578947368,1.8421052631578947,0.07894736842105263,0.5789473684210527,0.3157894736842105,0.4473684210526316
2001/02,Derby,19,5,4,10,20,26,195,87,106,261,33,0,19,3,2,14,13,37,99,52,56,263,40,3,38,8,6,24,33,63,-30,30,0.868421052631579,1.6578947368421053,7.7368421052631575,3.6578947368421053,4.2631578947368425,13.789473684210526,1.9210526315789473,0.07894736842105263,0.2631578947368421,0.15789473684210525,0.21052631578947367
2001/02,Everton,19,8,4,7,26,23,223,114,110,267,18,2,19,3,6,10,19,34,161,81,73,273,37,1,38,11,10,17,45,57,-12,43,1.1842105263157894,1.5,10.105263157894736,5.131578947368421,4.815789473684211,14.210526315789474,1.4473684210526316,0.07894736842105263,0.42105263157894735,0.15789473684210525,0.2894736842105263
2001/02,Fulham,19,7,7,5,21,16,209,89,113,242,27,2,19,3,7,9,15,28,170,68,98,249,28,0,38,10,14,14,36,44,-8,44,0.9473684210526315,1.1578947368421053,9.973684210526315,4.131578947368421,5.552631578947368,12.921052631578947,1.4473684210526316,0.05263157894736842,0.3684210526315789,0.15789473684210525,0.2631578947368421
2001/02,Ipswich,19,6,4,9,20,24,230,120,144,183,15,0,19,3,5,11,21,40,172,69,80,263,26,1,38,9,9,20,41,64,-23,36,1.0789473684210527,1.6842105263157894,10.578947368421053,4.973684210526316,5.894736842105263,11.736842105263158,1.0789473684210527,0.02631578947368421,0.3157894736842105,0.15789473684210525,0.23684210526315788
2001/02,Leeds,19,9,6,4,31,21,279,133,122,274,28,1,19,9,6,4,22,16,191,102,92,320,44,4,38,18,12,8,53,37,16,66,1.394736842105263,0.9736842105263158,12.368421052631579,6.184210526315789,5.631578947368421,15.631578947368421,1.894736842105263,0.13157894736842105,0.47368421052631576,0.47368421052631576,0.47368421052631576
2001/02,Leicester,19,3,7,9,15,34,179,91,115,273,30,2,19,2,6,11,15,30,125,67,82,262,46,3,38,5,13,20,30,64,-34,28,0.7894736842105263,1.6842105263157894,8.0,4.157894736842105,5.184210526315789,14.078947368421053,2.0,0.13157894736842105,0.15789473684210525,0.10526315789473684,0.13157894736842105
2001/02,Liverpool,19,12,5,2,33,14,235,105,105,206,14,2,19,12,3,4,34,16,191,109,83,224,27,1,38,24,8,6,67,30,37,80,1.763157894736842,0.7894736842105263,11.210526315789474,5.631578947368421,4.947368421052632,11.31578947368421,1.0789473684210527,0.07894736842105263,0.631578947368421,0.631578947368421,0.631578947368421
2001/02,Man United,19,11,2,6,40,17,285,126,154,221,30,0,19,13,3,3,47,28,254,130,110,215,24,1,38,24,5,9,87,45,42,77,2.289473684210526,1.1842105263157894,14.18421052631579,6.7368421052631575,6.947368421052632,11.473684210526315,1.4210526315789473,0.02631578947368421,0.5789473684210527,0.6842105263157895,0.631578947368421
2001/02,Middlesbrough,19,7,5,7,23,26,173,75,101,248,21,4,19,5,4,10,12,21,139,55,67,257,30,3,38,12,9,17,35,47,-12,45,0.9210526315789473,1.236842105263158,8.210526315789474,3.4210526315789473,4.421052631578948,13.289473684210526,1.3421052631578947,0.18421052631578946,0.3684210526315789,0.2631578947368421,0.3157894736842105
2001/02,Newcastle,19,12,3,4,40,23,263,129,155,243,17,0,19,9,5,5,34,29,201,94,107,255,33,2,38,21,8,9,74,52,22,71,1.9473684210526316,1.368421052631579,12.210526315789474,5.868421052631579,6.894736842105263,13.105263157894736,1.3157894736842106,0.05263157894736842,0.631578947368421,0.47368421052631576,0.5526315789473685
2001/02,Southampton,19,7,5,7,23,22,188,86,99,267,15,4,19,5,4,10,23,32,169,81,76,274,24,2,38,12,9,17,46,54,-8,45,1.2105263157894737,1.4210526315789473,9.394736842105264,4.394736842105263,4.605263157894737,14.236842105263158,1.0263157894736843,0.15789473684210525,0.3684210526315789,0.2631578947368421,0.3157894736842105
2001/02,Sunderland,19,7,7,5,18,16,264,134,110,270,29,1,19,3,3,13,11,35,170,68,86,280,39,0,38,10,10,18,29,51,-22,40,0.7631578947368421,1.3421052631578947,11.421052631578947,5.315789473684211,5.157894736842105,14.473684210526315,1.7894736842105263,0.02631578947368421,0.3684210526315789,0.15789473684210525,0.2631578947368421
2001/02,Tottenham,19,10,4,5,32,24,232,102,119,232,18,1,19,4,4,11,17,29,180,76,87,225,40,4,38,14,8,16,49,53,-4,50,1.2894736842105263,1.394736842105263,10.842105263157896,4.684210526315789,5.421052631578948,12.026315789473685,1.5263157894736843,0.13157894736842105,0.5263157894736842,0.21052631578947367,0.3684210526315789
2001/02,West Ham,19,12,4,3,32,14,257,127,128,226,30,0,19,3,4,12,16,43,162,71,82,232,37,3,38,15,8,15,48,57,-9,53,1.263157894736842,1.5,11.026315789473685,5.2105263157894735,5.526315789473684,12.052631578947368,1.763157894736842,0.07894736842105263,0.631578947368421,0.15789473684210525,0.39473684210526316
2002/03,Arsenal,19,15,2,2,47,20,299,176,156,232,22,1,19,8,7,4,38,22,199,120,110,251,33,2,38,23,9,6,85,42,43,78,2.236842105263158,1.105263157894737,13.105263157894736,7.7894736842105265,7.0,12.710526315789474,1.4473684210526316,0.07894736842105263,0.7894736842105263,0.42105263157894735,0.6052631578947368
2002/03,Aston Villa,19,11,2,6,25,14,263,130,132,243,30,4,19,1,7,11,17,33,219,103,108,271,34,0,38,12,9,17,42,47,-5,45,1.105263157894737,1.236842105263158,12.68421052631579,6.131578947368421,6.315789473684211,13.526315789473685,1.6842105263157894,0.10526315789473684,0.5789473684210527,0.05263157894736842,0.3157894736842105
2002/03,Birmingham,19,8,5,6,25,23,185,101,98,275,30,1,19,5,4,10,16,26,154,68,85,227,41,4,38,13,9,16,41,49,-8,48,1.0789473684210527,1.2894736842105263,8.921052631578947,4.447368421052632,4.815789473684211,13.210526315789474,1.868421052631579,0.13157894736842105,0.42105263157894735,0.2631578947368421,0.34210526315789475
2002/03,Blackburn,19,9,7,3,24,15,242,122,127,264,28,1,19,7,5,7,28,28,187,99,87,265,34,3,38,16,12,10,52,43,9,60,1.368421052631579,1.131578947368421,11.289473684210526,5.815789473684211,5.631578947368421,13.921052631578947,1.631578947368421,0.10526315789473684,0.47368421052631576,0.3684210526315789,0.42105263157894735
2002/03,Bolton,19,7,8,4,27,24,265,138,119,217,29,2,19,3,6,10,14,27,158,73,77,204,39,2,38,10,14,14,41,51,-10,44,1.0789473684210527,1.3421052631578947,11.131578947368421,5.552631578947368,5.157894736842105,11.078947368421053,1.7894736842105263,0.10526315789473684,0.3684210526315789,0.15789473684210525,0.2631578947368421
2002/03,Charlton,19,8,3,8,26,30,210,121,99,235,24,2,19,6,4,9,19,26,148,84,102,258,30,0,38,14,7,17,45,56,-11,49,1.1842105263157894,1.4736842105263157,9.421052631578947,5.394736842105263,5.2894736842105265,12.973684210526315,1.4210526315789473,0.05263157894736842,0.42105263157894735,0.3157894736842105,0.3684210526315789
2002/03,Chelsea,19,12,5,2,41,15,249,133,112,200,32,0,19,7,5,7,27,23,224,125,102,245,31,1,38,19,10,9,68,38,30,67,1.7894736842105263,1.0,12.447368421052632,6.7894736842105265,5.631578947368421,11.710526315789474,1.6578947368421053,0.02631578947368421,0.631578947368421,0.3684210526315789,0.5
2002/03,Everton,19,11,5,3,28,19,244,135,154,254,29,4,19,6,3,10,20,30,193,104,106,277,24,3,38,17,8,13,48,49,-1,59,1.263157894736842,1.2894736842105263,11.5,6.2894736842105265,6.842105263157895,13.973684210526315,1.394736842105263,0.18421052631578946,0.5789473684210527,0.3157894736842105,0.4473684210526316
2002/03,Fulham,19,11,3,5,26,18,205,101,111,225,20,2,19,2,6,11,15,32,159,81,92,261,36,4,38,13,9,16,41,50,-9,48,1.0789473684210527,1.3157894736842106,9.578947368421053,4.7894736842105265,5.342105263157895,12.789473684210526,1.4736842105263157,0.15789473684210525,0.5789473684210527,0.10526315789473684,0.34210526315789475
2002/03,Leeds,19,7,3,9,25,26,249,111,107,279,28,0,19,7,2,10,33,31,164,99,72,268,43,2,38,14,5,19,58,57,1,47,1.5263157894736843,1.5,10.868421052631579,5.526315789473684,4.7105263157894735,14.394736842105264,1.868421052631579,0.05263157894736842,0.3684210526315789,0.3684210526315789,0.3684210526315789
2002/03,Liverpool,19,9,8,2,30,16,298,173,132,189,15,0,19,9,2,8,31,25,207,111,94,215,29,3,38,18,10,10,61,41,20,64,1.605263157894737,1.0789473684210527,13.289473684210526,7.473684210526316,5.947368421052632,10.631578947368421,1.1578947368421053,0.07894736842105263,0.47368421052631576,0.47368421052631576,0.47368421052631576
2002/03,Man City,19,9,2,8,28,26,261,150,148,204,19,3,19,6,4,9,19,28,180,93,94,241,35,3,38,15,6,17,47,54,-7,51,1.236842105263158,1.4210526315789473,11.605263157894736,6.394736842105263,6.368421052631579,11.710526315789474,1.4210526315789473,0.15789473684210525,0.47368421052631576,0.3157894736842105,0.39473684210526316
2002/03,Man United,19,16,2,1,42,12,309,180,160,209,16,0,19,9,6,4,32,22,222,128,108,223,29,1,38,25,8,5,74,34,40,83,1.9473684210526316,0.8947368421052632,13.973684210526315,8.105263157894736,7.052631578947368,11.368421052631579,1.1842105263157894,0.02631578947368421,0.8421052631578947,0.47368421052631576,0.6578947368421053
2002/03,Middlesbrough,19,10,7,2,36,21,234,107,114,241,21,1,19,3,3,13,12,23,155,77,97,235,29,4,38,13,10,15,48,44,4,49,1.263157894736842,1.1578947368421053,10.236842105263158,4.842105263157895,5.552631578947368,12.526315789473685,1.3157894736842106,0.13157894736842105,0.5263157894736842,0.15789473684210525,0.34210526315789475
2002/03,Newcastle,19,15,2,2,36,17,274,170,147,200,19,1,19,6,4,9,27,31,215,114,113,243,29,2,38,21,6,11,63,48,15,69,1.6578947368421053,1.263157894736842,12.868421052631579,7.473684210526316,6.842105263157895,11.657894736842104,1.263157894736842,0.07894736842105263,0.7894736842105263,0.3157894736842105,0.5526315789473685
2002/03,Southampton,19,9,8,2,25,16,248,128,119,253,23,1,19,4,5,10,18,30,212,99,98,254,24,2,38,13,13,12,43,46,-3,52,1.131578947368421,1.2105263157894737,12.105263157894736,5.973684210526316,5.7105263157894735,13.342105263157896,1.236842105263158,0.07894736842105263,0.47368421052631576,0.21052631578947367,0.34210526315789475
2002/03,Sunderland,19,3,2,14,11,31,200,95,130,287,27,0,19,1,5,13,10,34,124,68,86,243,33,1,38,4,7,27,21,65,-44,19,0.5526315789473685,1.7105263157894737,8.526315789473685,4.2894736842105265,5.684210526315789,13.947368421052632,1.5789473684210527,0.02631578947368421,0.15789473684210525,0.05263157894736842,0.10526315789473684
2002/03,Tottenham,19,9,4,6,30,29,238,125,125,271,29,3,19,5,4,10,21,33,158,89,98,217,31,3,38,14,8,16,51,62,-11,50,1.3421052631578947,1.631578947368421,10.421052631578947,5.631578947368421,5.868421052631579,12.842105263157896,1.5789473684210527,0.15789473684210525,0.47368421052631576,0.2631578947368421,0.3684210526315789
2002/03,West Brom,19,3,5,11,17,34,195,98,98,247,26,0,19,3,3,13,12,31,180,89,76,263,27,4,38,6,8,24,29,65,-36,26,0.7631578947368421,1.7105263157894737,9.868421052631579,4.921052631578948,4.578947368421052,13.421052631578947,1.394736842105263,0.10526315789473684,0.15789473684210525,0.15789473684210525,0.15789473684210525
2002/03,West Ham,19,5,7,7,21,24,208,111,128,266,33,1,19,5,5,9,21,35,186,82,82,214,31,4,38,10,12,16,42,59,-17,42,1.105263157894737,1.5526315789473684,10.368421052631579,5.078947368421052,5.526315789473684,12.631578947368421,1.6842105263157894,0.13157894736842105,0.2631578947368421,0.2631578947368421,0.2631578947368421
2003/04,Arsenal,16,12,4,0,29,11,216,126,106,195,20,1,17,10,7,0,32,12,193,112,73,232,25,2,33,22,11,0,61,23,38,77,1.8484848484848484,0.696969696969697,12.393939393939394,7.212121212121212,5.424242424242424,12.93939393939394,1.3636363636363635,0.09090909090909091,0.75,0.5882352941176471,0.6666666666666666
2003/04,Aston Villa,16,8,5,3,20,14,213,116,111,240,18,0,18,6,4,8,22,23,198,97,112,258,26,3,34,14,9,11,42,37,5,51,1.2352941176470589,1.088235294117647,12.088235294117647,6.264705882352941,6.5588235294117645,14.647058823529411,1.2941176470588236,0.08823529411764706,0.5,0.3333333333333333,0.4117647058823529
2003/04,Birmingham,18,8,5,5,25,22,174,98,111,240,24,3,16,4,7,5,14,19,121,59,59,222,19,1,34,12,12,10,39,41,-2,48,1.1470588235294117,1.2058823529411764,8.676470588235293,4.617647058823529,5.0,13.588235294117647,1.2647058823529411,0.11764705882352941,0.4444444444444444,0.25,0.35294117647058826
2003/04,Blackburn,16,4,3,9,22,28,219,119,115,190,24,1,17,6,4,7,22,21,181,88,93,258,32,2,33,10,7,16,44,49,-5,37,1.3333333333333333,1.4848484848484849,12.121212121212121,6.2727272727272725,6.303030303030303,13.575757575757576,1.696969696969697,0.09090909090909091,0.25,0.35294117647058826,0.30303030303030304
2003/04,Bolton,16,5,7,4,20,17,262,151,127,194,28,0,18,7,3,8,22,34,210,109,74,219,34,0,34,12,10,12,42,51,-9,46,1.2352941176470589,1.5,13.882352941176471,7.647058823529412,5.911764705882353,12.147058823529411,1.8235294117647058,0.0,0.3125,0.3888888888888889,0.35294117647058826
2003/04,Charlton,16,6,4,6,25,26,185,103,87,185,18,2,18,6,5,7,21,22,162,81,88,225,16,1,34,12,9,13,46,48,-2,45,1.3529411764705883,1.411764705882353,10.205882352941176,5.411764705882353,5.147058823529412,12.058823529411764,1.0,0.08823529411764706,0.375,0.3333333333333333,0.35294117647058826
2003/04,Chelsea,16,11,2,3,33,13,200,98,103,176,16,2,17,11,3,3,30,14,211,113,96,216,27,1,33,22,5,6,63,27,36,71,1.9090909090909092,0.8181818181818182,12.454545454545455,6.393939393939394,6.03030303030303,11.878787878787879,1.303030303030303,0.09090909090909091,0.6875,0.6470588235294118,0.6666666666666666
2003/04,Everton,18,7,5,6,24,19,249,127,124,213,27,1,16,1,5,10,16,31,153,70,98,206,24,2,34,8,10,16,40,50,-10,34,1.1764705882352942,1.4705882352941178,11.823529411764707,5.794117647058823,6.529411764705882,12.323529411764707,1.5,0.08823529411764706,0.3888888888888889,0.0625,0.23529411764705882
2003/04,Fulham,17,9,4,4,26,16,191,106,80,240,25,2,16,3,5,8,19,25,159,86,54,209,31,1,33,12,9,12,45,41,4,45,1.3636363636363635,1.2424242424242424,10.606060606060606,5.818181818181818,4.0606060606060606,13.606060606060606,1.696969696969697,0.09090909090909091,0.5294117647058824,0.1875,0.36363636363636365
2003/04,Leeds,17,4,6,7,21,28,181,90,89,247,30,2,16,2,2,12,13,41,133,69,79,232,35,2,33,6,8,19,34,69,-35,26,1.0303030303030303,2.090909090909091,9.515151515151516,4.818181818181818,5.090909090909091,14.515151515151516,1.9696969696969697,0.12121212121212122,0.23529411764705882,0.125,0.18181818181818182
2003/04,Leicester,18,3,10,5,19,26,202,122,106,245,23,2,15,3,5,7,26,30,118,66,63,213,28,5,33,6,15,12,45,56,-11,33,1.3636363636363635,1.696969696969697,9.696969696969697,5.696969696969697,5.121212121212121,13.878787878787879,1.5454545454545454,0.21212121212121213,0.16666666666666666,0.2,0.18181818181818182
2003/04,Liverpool,15,9,2,4,24,13,229,115,112,176,14,0,18,6,8,4,24,18,242,139,105,221,30,1,33,15,10,8,48,31,17,55,1.4545454545454546,0.9393939393939394,14.272727272727273,7.696969696969697,6.575757575757576,12.030303030303031,1.3333333333333333,0.030303030303030304,0.6,0.3333333333333333,0.45454545454545453
2003/04,Man City,16,4,8,4,22,17,258,138,113,156,17,1,17,4,3,10,22,28,199,116,83,210,25,2,33,8,11,14,44,45,-1,35,1.3333333333333333,1.3636363636363635,13.848484848484848,7.696969696969697,5.9393939393939394,11.090909090909092,1.2727272727272727,0.09090909090909091,0.25,0.23529411764705882,0.24242424242424243
2003/04,Man United,18,11,4,3,36,15,243,130,108,192,20,0,16,9,2,5,23,18,194,116,80,193,19,1,34,20,6,8,59,33,26,66,1.7352941176470589,0.9705882352941176,12.852941176470589,7.235294117647059,5.529411764705882,11.323529411764707,1.1470588235294117,0.029411764705882353,0.6111111111111112,0.5625,0.5882352941176471
2003/04,Middlesbrough,18,7,4,7,22,22,236,130,100,226,27,0,17,5,4,8,18,24,172,97,67,244,29,1,35,12,8,15,40,46,-6,44,1.1428571428571428,1.3142857142857143,11.657142857142857,6.485714285714286,4.771428571428571,13.428571428571429,1.6,0.02857142857142857,0.3888888888888889,0.29411764705882354,0.34285714285714286
2003/04,Newcastle,17,11,3,3,32,13,252,153,124,220,16,0,17,2,10,5,15,22,140,79,89,206,26,3,34,13,13,8,47,35,12,52,1.3823529411764706,1.0294117647058822,11.529411764705882,6.823529411764706,6.264705882352941,12.529411764705882,1.2352941176470589,0.08823529411764706,0.6470588235294118,0.11764705882352941,0.38235294117647056
2003/04,Portsmouth,16,7,4,5,26,17,198,114,95,209,23,0,18,2,4,12,11,34,158,75,82,288,35,3,34,9,8,17,37,51,-14,35,1.088235294117647,1.5,10.470588235294118,5.5588235294117645,5.205882352941177,14.617647058823529,1.7058823529411764,0.08823529411764706,0.4375,0.1111111111111111,0.2647058823529412
2003/04,Southampton,18,8,5,5,21,14,234,133,97,223,26,1,15,2,5,8,11,21,158,93,99,174,22,2,33,10,10,13,32,35,-3,40,0.9696969696969697,1.0606060606060606,11.878787878787879,6.848484848484849,5.9393939393939394,12.030303030303031,1.4545454545454546,0.09090909090909091,0.4444444444444444,0.13333333333333333,0.30303030303030304
2003/04,Tottenham,17,9,3,5,32,25,223,125,94,233,18,0,16,3,2,11,11,25,141,73,83,265,33,0,33,12,5,16,43,50,-7,41,1.303030303030303,1.5151515151515151,11.030303030303031,6.0,5.363636363636363,15.090909090909092,1.5454545454545454,0.0,0.5294117647058824,0.1875,0.36363636363636365
2003/04,Wolves,16,7,5,4,21,27,176,86,87,196,25,0,17,0,5,12,11,38,158,73,68,213,33,1,33,7,10,16,32,65,-33,31,0.9696969696969697,1.9696969696969697,10.121212121212121,4.818181818181818,4.696969696969697,12.393939393939394,1.7575757575757576,0.030303030303030304,0.4375,0.0,0.21212121212121213
2004/05,Arsenal,16,10,5,1,43,18,214,140,113,178,21,0,17,11,3,3,30,15,204,126,79,208,23,1,33,21,8,4,73,33,40,71,2.212121212121212,1.0,12.666666666666666,8.06060606060606,5.818181818181818,11.696969696969697,1.3333333333333333,0.030303030303030304,0.625,0.6470588235294118,0.6363636363636364
2004/05,Aston Villa,17,8,5,4,24,14,183,94,99,222,17,1,17,4,5,8,17,28,169,88,95,300,36,1,34,12,10,12,41,42,-1,46,1.2058823529411764,1.2352941176470589,10.352941176470589,5.352941176470588,5.705882352941177,15.352941176470589,1.5588235294117647,0.058823529411764705,0.47058823529411764,0.23529411764705882,0.35294117647058826
2004/05,Birmingham,17,6,6,5,20,13,183,97,101,230,21,2,17,3,5,9,15,29,126,59,69,245,31,0,34,9,11,14,35,42,-7,38,1.0294117647058822,1.2352941176470589,9.088235294117647,4.588235294117647,5.0,13.970588235294118,1.5294117647058822,0.058823529411764705,0.35294117647058826,0.17647058823529413,0.2647058823529412
2004/05,Blackburn,17,5,7,5,20,19,223,114,109,276,31,2,16,4,5,7,9,18,157,69,78,241,33,2,33,9,12,12,29,37,-8,39,0.8787878787878788,1.121212121212121,11.515151515151516,5.545454545454546,5.666666666666667,15.666666666666666,1.9393939393939394,0.12121212121212122,0.29411764705882354,0.25,0.2727272727272727
2004/05,Bolton,17,8,5,4,22,14,273,155,103,216,19,0,17,7,3,7,22,24,153,74,77,259,28,1,34,15,8,11,44,38,6,53,1.2941176470588236,1.1176470588235294,12.529411764705882,6.735294117647059,5.294117647058823,13.970588235294118,1.3823529411764706,0.029411764705882353,0.47058823529411764,0.4117647058823529,0.4411764705882353
2004/05,Charlton,17,8,3,6,27,23,163,100,86,205,9,1,17,4,6,7,13,27,121,55,67,213,26,1,34,12,9,13,40,50,-10,45,1.1764705882352942,1.4705882352941178,8.352941176470589,4.5588235294117645,4.5,12.294117647058824,1.0294117647058822,0.058823529411764705,0.47058823529411764,0.23529411764705882,0.35294117647058826
2004/05,Chelsea,17,12,5,0,31,5,253,142,125,212,16,0,16,13,2,1,31,7,226,131,99,203,28,0,33,25,7,1,62,12,50,82,1.878787878787879,0.36363636363636365,14.515151515151516,8.272727272727273,6.787878787878788,12.575757575757576,1.3333333333333333,0.0,0.7058823529411765,0.8125,0.7575757575757576
2004/05,Crystal Palace,17,5,4,8,18,17,181,97,85,209,25,1,17,1,5,11,18,41,125,67,85,253,24,1,34,6,9,19,36,58,-22,27,1.0588235294117647,1.7058823529411764,9.0,4.823529411764706,5.0,13.588235294117647,1.4411764705882353,0.058823529411764705,0.29411764705882354,0.058823529411764705,0.17647058823529413
2004/05,Everton,17,11,1,5,21,14,203,94,96,200,18,1,16,6,5,5,19,19,132,67,67,231,28,3,33,17,6,10,40,33,7,57,1.2121212121212122,1.0,10.151515151515152,4.878787878787879,4.9393939393939394,13.06060606060606,1.393939393939394,0.12121212121212122,0.6470588235294118,0.375,0.5151515151515151
2004/05,Fulham,16,6,4,6,20,23,160,80,82,184,19,1,17,3,4,10,19,30,142,75,81,231,33,4,33,9,8,16,39,53,-14,35,1.1818181818181819,1.606060606060606,9.151515151515152,4.696969696969697,4.9393939393939394,12.575757575757576,1.5757575757575757,0.15151515151515152,0.375,0.17647058823529413,0.2727272727272727
2004/05,Liverpool,17,11,3,3,28,13,247,124,115,173,14,1,17,5,3,9,20,22,196,91,84,223,21,1,34,16,6,12,48,35,13,54,1.411764705882353,1.0294117647058822,13.029411764705882,6.323529411764706,5.852941176470588,11.647058823529411,1.0294117647058822,0.058823529411764705,0.6470588235294118,0.29411764705882354,0.47058823529411764
2004/05,Man City,17,7,5,5,21,13,185,94,110,190,15,1,17,4,6,7,21,24,175,99,103,228,26,2,34,11,11,12,42,37,5,44,1.2352941176470589,1.088235294117647,10.588235294117647,5.676470588235294,6.264705882352941,12.294117647058824,1.2058823529411764,0.08823529411764706,0.4117647058823529,0.23529411764705882,0.3235294117647059
2004/05,Man United,16,11,5,0,27,7,293,158,149,188,14,1,17,8,5,4,21,13,230,123,107,226,27,4,33,19,10,4,48,20,28,67,1.4545454545454546,0.6060606060606061,15.848484848484848,8.515151515151516,7.757575757575758,12.545454545454545,1.2424242424242424,0.15151515151515152,0.6875,0.47058823529411764,0.5757575757575758
2004/05,Middlesbrough,17,7,6,4,24,19,241,138,100,214,16,1,16,5,4,7,22,25,168,96,81,190,26,1,33,12,10,11,46,44,2,46,1.393939393939394,1.3333333333333333,12.393939393939394,7.090909090909091,5.484848484848484,12.242424242424242,1.2727272727272727,0.06060606060606061,0.4117647058823529,0.3125,0.36363636363636365
2004/05,Newcastle,16,7,4,5,24,24,270,145,133,191,19,3,16,2,7,7,18,27,156,80,77,219,31,1,32,9,11,12,42,51,-9,38,1.3125,1.59375,13.3125,7.03125,6.5625,12.8125,1.5625,0.125,0.4375,0.125,0.28125
2004/05,Norwich,17,5,5,7,27,32,197,108,92,242,15,1,17,0,7,10,10,35,131,58,66,228,14,1,34,5,12,17,37,67,-30,27,1.088235294117647,1.9705882352941178,9.647058823529411,4.882352941176471,4.647058823529412,13.823529411764707,0.8529411764705882,0.058823529411764705,0.29411764705882354,0.0,0.14705882352941177
2004/05,Portsmouth,17,7,3,7,25,24,204,107,98,214,22,2,17,2,5,10,13,29,134,67,65,196,28,0,34,9,8,17,38,53,-15,35,1.1176470588235294,1.5588235294117647,9.941176470588236,5.117647058823529,4.794117647058823,12.058823529411764,1.4705882352941178,0.058823529411764705,0.4117647058823529,0.11764705882352941,0.2647058823529412
2004/05,Southampton,17,4,9,4,25,25,200,98,83,190,12,1,17,1,4,12,12,30,140,68,73,239,25,0,34,5,13,16,37,55,-18,28,1.088235294117647,1.6176470588235294,10.0,4.882352941176471,4.588235294117647,12.617647058823529,1.088235294117647,0.029411764705882353,0.23529411764705882,0.058823529411764705,0.14705882352941177
2004/05,Tottenham,17,8,4,5,31,21,240,134,96,200,23,0,17,5,5,7,11,17,172,91,75,196,23,1,34,13,9,12,42,38,4,48,1.2352941176470589,1.1176470588235294,12.117647058823529,6.617647058823529,5.029411764705882,11.647058823529411,1.3529411764705883,0.029411764705882353,0.47058823529411764,0.29411764705882354,0.38235294117647056
2004/05,West Brom,16,4,7,5,14,21,150,76,94,215,16,2,17,1,7,9,18,32,149,87,70,223,21,3,33,5,14,14,32,53,-21,29,0.9696969696969697,1.606060606060606,9.06060606060606,4.9393939393939394,4.96969696969697,13.272727272727273,1.121212121212121,0.15151515151515152,0.25,0.058823529411764705,0.15151515151515152
2005/06,Arsenal,19,14,3,2,48,13,253,167,120,227,24,0,19,6,4,9,20,18,209,107,91,252,31,2,38,20,7,11,68,31,37,67,1.7894736842105263,0.8157894736842105,12.157894736842104,7.2105263157894735,5.552631578947368,12.605263157894736,1.4473684210526316,0.05263157894736842,0.7368421052631579,0.3157894736842105,0.5263157894736842
2005/06,Aston Villa,19,6,6,7,20,20,212,108,125,275,30,0,19,4,6,9,22,35,166,89,112,262,32,2,38,10,12,16,42,55,-13,42,1.105263157894737,1.4473684210526316,9.947368421052632,5.184210526315789,6.2368421052631575,14.131578947368421,1.631578947368421,0.05263157894736842,0.3157894736842105,0.21052631578947367,0.2631578947368421
2005/06,Birmingham,19,6,5,8,19,20,201,91,128,226,24,2,19,2,5,12,9,30,153,77,90,257,29,5,38,8,10,20,28,50,-22,34,0.7368421052631579,1.3157894736842106,9.31578947368421,4.421052631578948,5.7368421052631575,12.710526315789474,1.394736842105263,0.18421052631578946,0.3157894736842105,0.10526315789473684,0.21052631578947367
2005/06,Blackburn,19,13,3,3,31,17,214,98,116,300,31,4,19,6,3,10,20,25,170,85,114,268,45,2,38,19,6,13,51,42,9,63,1.3421052631578947,1.105263157894737,10.105263157894736,4.815789473684211,6.052631578947368,14.947368421052632,2.0,0.15789473684210525,0.6842105263157895,0.3157894736842105,0.5
2005/06,Bolton,19,11,5,3,29,13,247,132,114,243,20,1,19,4,6,9,20,28,155,66,84,262,44,2,38,15,11,12,49,41,8,56,1.2894736842105263,1.0789473684210527,10.578947368421053,5.2105263157894735,5.2105263157894735,13.289473684210526,1.6842105263157894,0.07894736842105263,0.5789473684210527,0.21052631578947367,0.39473684210526316
2005/06,Charlton,19,8,4,7,22,21,216,100,70,250,23,2,19,5,4,10,19,34,155,83,73,236,23,1,38,13,8,17,41,55,-14,47,1.0789473684210527,1.4473684210526316,9.763157894736842,4.815789473684211,3.763157894736842,12.789473684210526,1.2105263157894737,0.07894736842105263,0.42105263157894735,0.2631578947368421,0.34210526315789475
2005/06,Chelsea,19,18,1,0,47,9,261,143,109,218,22,2,19,11,3,5,25,13,253,134,115,216,41,3,38,29,4,5,72,22,50,91,1.894736842105263,0.5789473684210527,13.526315789473685,7.2894736842105265,5.894736842105263,11.421052631578947,1.6578947368421053,0.13157894736842105,0.9473684210526315,0.5789473684210527,0.7631578947368421
2005/06,Everton,19,8,4,7,22,22,227,127,146,271,34,3,19,6,4,9,12,27,151,79,90,264,31,4,38,14,8,16,34,49,-15,50,0.8947368421052632,1.2894736842105263,9.947368421052632,5.421052631578948,6.2105263157894735,14.078947368421053,1.7105263157894737,0.18421052631578946,0.42105263157894735,0.3157894736842105,0.3684210526315789
2005/06,Fulham,19,13,2,4,31,21,180,100,82,232,26,1,19,1,4,14,17,37,178,78,83,228,37,1,38,14,6,18,48,58,-10,48,1.263157894736842,1.5263157894736843,9.421052631578947,4.684210526315789,4.342105263157895,12.105263157894736,1.6578947368421053,0.05263157894736842,0.6842105263157895,0.05263157894736842,0.3684210526315789
2005/06,Liverpool,19,15,3,1,32,8,344,177,158,195,16,1,19,10,4,5,25,17,219,106,76,243,34,4,38,25,7,6,57,25,32,82,1.5,0.6578947368421053,14.81578947368421,7.447368421052632,6.157894736842105,11.526315789473685,1.3157894736842106,0.13157894736842105,0.7894736842105263,0.5263157894736842,0.6578947368421053
2005/06,Man City,19,9,2,8,26,20,249,124,119,265,25,0,19,4,2,13,17,28,181,88,84,249,45,4,38,13,4,21,43,48,-5,43,1.131578947368421,1.263157894736842,11.31578947368421,5.578947368421052,5.342105263157895,13.526315789473685,1.8421052631578947,0.10526315789473684,0.47368421052631576,0.21052631578947367,0.34210526315789475
2005/06,Man United,19,13,5,1,37,8,324,171,133,224,26,0,19,12,3,4,35,26,231,115,88,262,34,2,38,25,8,5,72,34,38,83,1.894736842105263,0.8947368421052632,14.605263157894736,7.526315789473684,5.815789473684211,12.789473684210526,1.5789473684210527,0.05263157894736842,0.6842105263157895,0.631578947368421,0.6578947368421053
2005/06,Middlesbrough,19,7,5,7,28,30,211,120,105,248,29,1,19,5,4,10,20,28,185,99,79,248,25,2,38,12,9,17,48,58,-10,45,1.263157894736842,1.5263157894736843,10.421052631578947,5.7631578947368425,4.842105263157895,13.052631578947368,1.4210526315789473,0.07894736842105263,0.3684210526315789,0.2631578947368421,0.3157894736842105
2005/06,Newcastle,19,11,5,3,28,15,223,127,106,310,28,3,19,6,2,11,19,27,147,81,84,290,38,4,38,17,7,14,47,42,5,58,1.236842105263158,1.105263157894737,9.736842105263158,5.473684210526316,5.0,15.789473684210526,1.736842105263158,0.18421052631578946,0.5789473684210527,0.3157894736842105,0.4473684210526316
2005/06,Portsmouth,19,5,7,7,17,24,247,135,128,242,26,1,19,5,1,13,20,38,164,87,90,254,28,0,38,10,8,20,37,62,-25,38,0.9736842105263158,1.631578947368421,10.81578947368421,5.842105263157895,5.7368421052631575,13.052631578947368,1.4210526315789473,0.02631578947368421,0.2631578947368421,0.2631578947368421,0.2631578947368421
2005/06,Sunderland,19,1,4,14,12,37,192,111,103,257,28,0,19,2,2,15,14,32,145,72,74,281,41,4,38,3,6,29,26,69,-43,15,0.6842105263157895,1.8157894736842106,8.868421052631579,4.815789473684211,4.657894736842105,14.157894736842104,1.8157894736842106,0.10526315789473684,0.05263157894736842,0.10526315789473684,0.07894736842105263
2005/06,Tottenham,19,12,5,2,31,16,246,136,122,232,23,1,19,6,6,7,22,22,165,98,88,234,29,4,38,18,11,9,53,38,15,65,1.394736842105263,1.0,10.81578947368421,6.157894736842105,5.526315789473684,12.263157894736842,1.368421052631579,0.13157894736842105,0.631578947368421,0.3157894736842105,0.47368421052631576
2005/06,West Brom,19,6,2,11,21,24,187,92,90,246,16,1,19,1,7,11,10,34,145,71,87,241,31,1,38,7,9,22,31,58,-27,30,0.8157894736842105,1.5263157894736843,8.736842105263158,4.2894736842105265,4.657894736842105,12.81578947368421,1.236842105263158,0.05263157894736842,0.3157894736842105,0.05263157894736842,0.18421052631578946
2005/06,West Ham,19,9,3,7,30,25,202,104,101,243,21,1,19,7,4,8,22,30,152,69,105,254,29,1,38,16,7,15,52,55,-3,55,1.368421052631579,1.4473684210526316,9.31578947368421,4.552631578947368,5.421052631578948,13.078947368421053,1.3157894736842106,0.05263157894736842,0.47368421052631576,0.3684210526315789,0.42105263157894735
2005/06,Wigan,19,7,3,9,24,26,253,122,95,234,27,3,19,8,3,8,21,26,180,85,74,259,27,1,38,15,6,17,45,52,-7,51,1.1842105263157894,1.368421052631579,11.394736842105264,5.447368421052632,4.447368421052632,12.973684210526315,1.4210526315789473,0.10526315789473684,0.3684210526315789,0.42105263157894735,0.39473684210526316
2006/07,Arsenal,19,12,6,1,43,16,299,171,169,190,27,0,19,7,5,7,20,19,238,105,109,178,32,3,38,19,11,8,63,35,28,68,1.6578947368421053,0.9210526315789473,14.131578947368421,7.2631578947368425,7.315789473684211,9.68421052631579,1.5526315789473684,0.07894736842105263,0.631578947368421,0.3684210526315789,0.5
2006/07,Aston Villa,19,7,8,4,20,14,222,109,117,241,22,0,19,4,9,6,23,27,182,102,96,259,26,1,38,11,17,10,43,41,2,50,1.131578947368421,1.0789473684210527,10.631578947368421,5.552631578947368,5.605263157894737,13.157894736842104,1.263157894736842,0.02631578947368421,0.3684210526315789,0.21052631578947367,0.2894736842105263
2006/07,Blackburn,19,9,3,7,31,25,234,118,110,280,41,4,19,6,4,9,21,29,184,90,93,247,40,3,38,15,7,16,52,54,-2,52,1.368421052631579,1.4210526315789473,11.0,5.473684210526316,5.342105263157895,13.868421052631579,2.1315789473684212,0.18421052631578946,0.47368421052631576,0.3157894736842105,0.39473684210526316
2006/07,Bolton,19,9,5,5,26,20,207,115,125,248,29,0,19,7,3,9,21,32,143,69,90,273,53,4,38,16,8,14,47,52,-5,56,1.236842105263158,1.368421052631579,9.210526315789474,4.842105263157895,5.657894736842105,13.710526315789474,2.1578947368421053,0.10526315789473684,0.47368421052631576,0.3684210526315789,0.42105263157894735
2006/07,Charlton,19,7,5,7,19,20,216,107,108,224,29,1,19,1,5,13,15,40,135,61,72,204,29,3,38,8,10,20,34,60,-26,34,0.8947368421052632,1.5789473684210527,9.236842105263158,4.421052631578948,4.7368421052631575,11.263157894736842,1.5263157894736843,0.10526315789473684,0.3684210526315789,0.05263157894736842,0.21052631578947367
2006/07,Chelsea,19,12,7,0,37,11,285,147,123,220,25,1,19,12,4,3,27,13,237,124,107,216,39,3,38,24,11,3,64,24,40,83,1.6842105263157894,0.631578947368421,13.736842105263158,7.131578947368421,6.052631578947368,11.473684210526315,1.6842105263157894,0.10526315789473684,0.631578947368421,0.631578947368421,0.631578947368421
2006/07,Everton,19,11,4,4,33,17,214,110,101,263,34,0,19,4,9,6,19,19,179,89,107,267,33,2,38,15,13,10,52,36,16,58,1.368421052631579,0.9473684210526315,10.342105263157896,5.2368421052631575,5.473684210526316,13.947368421052632,1.763157894736842,0.05263157894736842,0.5789473684210527,0.21052631578947367,0.39473684210526316
2006/07,Fulham,19,7,7,5,18,18,207,101,95,250,25,3,19,1,8,10,20,42,160,78,80,232,33,0,38,8,15,15,38,60,-22,39,1.0,1.5789473684210527,9.657894736842104,4.7105263157894735,4.605263157894737,12.68421052631579,1.5263157894736843,0.07894736842105263,0.3684210526315789,0.05263157894736842,0.21052631578947367
2006/07,Liverpool,19,14,4,1,39,7,346,161,144,207,13,0,19,6,4,9,18,20,246,125,138,237,30,0,38,20,8,10,57,27,30,68,1.5,0.7105263157894737,15.578947368421053,7.526315789473684,7.421052631578948,11.68421052631579,1.131578947368421,0.0,0.7368421052631579,0.3157894736842105,0.5263157894736842
2006/07,Man City,19,5,6,8,10,16,210,104,117,274,23,1,19,6,3,10,19,28,184,99,78,259,37,3,38,11,9,18,29,44,-15,42,0.7631578947368421,1.1578947368421053,10.368421052631579,5.342105263157895,5.131578947368421,14.026315789473685,1.5789473684210527,0.10526315789473684,0.2631578947368421,0.3157894736842105,0.2894736842105263
2006/07,Man United,19,15,2,2,46,12,355,194,129,213,23,0,19,13,3,3,37,15,272,148,129,213,37,1,38,28,5,5,83,27,56,89,2.1842105263157894,0.7105263157894737,16.5,9.0,6.7894736842105265,11.210526315789474,1.5789473684210527,0.02631578947368421,0.7894736842105263,0.6842105263157895,0.7368421052631579
2006/07,Middlesbrough,19,10,3,6,31,24,243,122,126,224,24,0,19,2,7,10,13,25,141,70,62,286,41,2,38,12,10,16,44,49,-5,46,1.1578947368421053,1.2894736842105263,10.105263157894736,5.052631578947368,4.947368421052632,13.421052631578947,1.7105263157894737,0.05263157894736842,0.5263157894736842,0.10526315789473684,0.3157894736842105
2006/07,Newcastle,19,7,7,5,23,20,232,126,102,249,24,1,19,4,3,12,15,27,173,85,92,217,43,0,38,11,10,17,38,47,-9,43,1.0,1.236842105263158,10.657894736842104,5.552631578947368,5.105263157894737,12.263157894736842,1.763157894736842,0.02631578947368421,0.3684210526315789,0.21052631578947367,0.2894736842105263
2006/07,Portsmouth,19,11,5,3,28,15,280,147,155,260,23,1,19,3,7,9,17,27,173,87,90,261,26,0,38,14,12,12,45,42,3,54,1.1842105263157894,1.105263157894737,11.921052631578947,6.157894736842105,6.447368421052632,13.710526315789474,1.2894736842105263,0.02631578947368421,0.5789473684210527,0.15789473684210525,0.3684210526315789
2006/07,Reading,19,11,2,6,29,20,206,106,146,195,18,1,19,5,5,9,23,27,147,64,130,207,22,2,38,16,7,15,52,47,5,55,1.368421052631579,1.236842105263158,9.289473684210526,4.473684210526316,7.2631578947368425,10.578947368421053,1.0526315789473684,0.07894736842105263,0.5789473684210527,0.2631578947368421,0.42105263157894735
2006/07,Sheffield United,19,7,6,6,24,21,226,122,121,227,31,0,19,3,2,14,8,34,176,80,59,228,37,2,38,10,8,20,32,55,-23,38,0.8421052631578947,1.4473684210526316,10.578947368421053,5.315789473684211,4.7368421052631575,11.973684210526315,1.7894736842105263,0.05263157894736842,0.3684210526315789,0.15789473684210525,0.2631578947368421
2006/07,Tottenham,19,12,3,4,34,22,261,143,109,163,21,2,19,5,6,8,23,32,181,94,72,235,25,2,38,17,9,12,57,54,3,60,1.5,1.4210526315789473,11.631578947368421,6.2368421052631575,4.7631578947368425,10.473684210526315,1.2105263157894737,0.10526315789473684,0.631578947368421,0.2631578947368421,0.4473684210526316
2006/07,Watford,19,3,9,7,19,25,193,94,113,265,23,1,19,2,4,13,10,34,151,78,98,297,25,1,38,5,13,20,29,59,-30,28,0.7631578947368421,1.5526315789473684,9.052631578947368,4.526315789473684,5.552631578947368,14.789473684210526,1.263157894736842,0.05263157894736842,0.15789473684210525,0.10526315789473684,0.13157894736842105
2006/07,West Ham,19,8,2,9,24,26,232,119,112,280,46,1,19,4,3,12,11,33,165,82,85,254,40,1,38,12,5,21,35,59,-24,41,0.9210526315789473,1.5526315789473684,10.447368421052632,5.2894736842105265,5.184210526315789,14.052631578947368,2.263157894736842,0.05263157894736842,0.42105263157894735,0.21052631578947367,0.3157894736842105
2006/07,Wigan,19,5,4,10,18,30,238,110,98,213,29,0,19,5,4,10,19,29,180,95,79,264,47,3,38,10,8,20,37,59,-22,38,0.9736842105263158,1.5526315789473684,11.0,5.394736842105263,4.657894736842105,12.552631578947368,2.0,0.07894736842105263,0.2631578947368421,0.2631578947368421,0.2631578947368421
2007/08,Arsenal,19,14,5,0,37,11,277,150,140,184,17,1,19,10,6,3,37,20,253,139,97,208,39,2,38,24,11,3,74,31,43,83,1.9473684210526316,0.8157894736842105,13.947368421052632,7.605263157894737,6.2368421052631575,10.31578947368421,1.4736842105263157,0.07894736842105263,0.7368421052631579,0.5263157894736842,0.631578947368421
2007/08,Aston Villa,19,10,3,6,34,22,215,101,117,254,26,2,19,6,9,4,37,29,199,120,111,254,30,2,38,16,12,10,71,51,20,60,1.868421052631579,1.3421052631578947,10.894736842105264,5.815789473684211,6.0,13.368421052631579,1.4736842105263157,0.10526315789473684,0.5263157894736842,0.3157894736842105,0.42105263157894735
2007/08,Birmingham,19,6,8,5,30,23,213,116,109,237,29,2,19,2,3,14,16,39,136,73,86,259,40,1,38,8,11,19,46,62,-16,35,1.2105263157894737,1.631578947368421,9.18421052631579,4.973684210526316,5.131578947368421,13.052631578947368,1.8157894736842106,0.07894736842105263,0.3157894736842105,0.10526315789473684,0.21052631578947367
2007/08,Blackburn,19,8,7,4,26,19,249,118,106,277,33,4,19,7,6,6,24,29,199,119,92,254,41,2,38,15,13,10,50,48,2,58,1.3157894736842106,1.263157894736842,11.789473684210526,6.2368421052631575,5.2105263157894735,13.973684210526315,1.9473684210526316,0.15789473684210525,0.42105263157894735,0.3684210526315789,0.39473684210526316
2007/08,Bolton,19,7,5,7,23,18,220,122,123,237,32,0,19,2,5,12,13,36,170,97,86,261,44,0,38,9,10,19,36,54,-18,37,0.9473684210526315,1.4210526315789473,10.263157894736842,5.7631578947368425,5.5,13.105263157894736,2.0,0.0,0.3684210526315789,0.10526315789473684,0.23684210526315788
2007/08,Chelsea,19,12,7,0,36,13,276,149,142,224,31,3,19,13,3,3,29,13,221,121,112,208,34,3,38,25,10,3,65,26,39,85,1.7105263157894737,0.6842105263157895,13.078947368421053,7.105263157894737,6.684210526315789,11.368421052631579,1.7105263157894737,0.15789473684210525,0.631578947368421,0.6842105263157895,0.6578947368421053
2007/08,Derby,19,1,5,13,12,43,193,105,82,238,27,1,19,0,3,16,8,46,142,77,74,266,35,0,38,1,8,29,20,89,-69,11,0.5263157894736842,2.3421052631578947,8.81578947368421,4.7894736842105265,4.105263157894737,13.263157894736842,1.631578947368421,0.02631578947368421,0.05263157894736842,0.0,0.02631578947368421
2007/08,Everton,19,11,4,4,34,17,247,136,123,236,11,3,19,8,4,7,21,16,173,98,75,220,29,0,38,19,8,11,55,33,22,65,1.4473684210526316,0.868421052631579,11.052631578947368,6.157894736842105,5.2105263157894735,12.0,1.0526315789473684,0.07894736842105263,0.5789473684210527,0.42105263157894735,0.5
2007/08,Fulham,19,5,5,9,22,31,201,113,104,222,24,3,19,3,7,9,16,29,183,93,84,237,36,3,38,8,12,18,38,60,-22,36,1.0,1.5789473684210527,10.105263157894736,5.421052631578948,4.947368421052632,12.078947368421053,1.5789473684210527,0.15789473684210525,0.2631578947368421,0.15789473684210525,0.21052631578947367
2007/08,Liverpool,19,12,6,1,43,13,332,175,133,203,20,0,19,9,7,3,24,15,275,145,104,221,26,1,38,21,13,4,67,28,39,76,1.763157894736842,0.7368421052631579,15.973684210526315,8.421052631578947,6.2368421052631575,11.157894736842104,1.2105263157894737,0.02631578947368421,0.631578947368421,0.47368421052631576,0.5526315789473685
2007/08,Man City,19,11,4,4,28,20,218,129,79,189,19,1,19,4,6,9,17,33,156,75,77,194,32,3,38,15,10,13,45,53,-8,55,1.1842105263157894,1.394736842105263,9.842105263157896,5.368421052631579,4.105263157894737,10.078947368421053,1.3421052631578947,0.10526315789473684,0.5789473684210527,0.21052631578947367,0.39473684210526316
2007/08,Man United,19,17,1,1,47,7,353,209,132,187,20,1,19,10,5,4,33,15,267,144,130,204,31,1,38,27,6,5,80,22,58,87,2.1052631578947367,0.5789473684210527,16.31578947368421,9.289473684210526,6.894736842105263,10.289473684210526,1.3421052631578947,0.05263157894736842,0.8947368421052632,0.5263157894736842,0.7105263157894737
2007/08,Middlesbrough,19,7,5,7,27,23,204,112,131,244,35,0,19,3,7,9,16,30,208,119,90,279,49,2,38,10,12,16,43,53,-10,42,1.131578947368421,1.394736842105263,10.842105263157896,6.078947368421052,5.815789473684211,13.763157894736842,2.210526315789474,0.05263157894736842,0.3684210526315789,0.15789473684210525,0.2631578947368421
2007/08,Newcastle,19,8,5,6,25,26,256,134,125,229,27,0,19,3,5,11,20,39,159,87,88,223,34,1,38,11,10,17,45,65,-20,43,1.1842105263157894,1.7105263157894737,10.921052631578947,5.815789473684211,5.605263157894737,11.894736842105264,1.605263157894737,0.02631578947368421,0.42105263157894735,0.15789473684210525,0.2894736842105263
2007/08,Portsmouth,19,7,8,4,24,14,275,141,112,259,27,2,19,9,1,9,24,26,226,126,73,249,31,1,38,16,9,13,48,40,8,57,1.263157894736842,1.0526315789473684,13.18421052631579,7.026315789473684,4.868421052631579,13.368421052631579,1.5263157894736843,0.07894736842105263,0.3684210526315789,0.47368421052631576,0.42105263157894735
2007/08,Reading,19,8,2,9,19,25,203,106,132,219,26,3,19,2,4,13,22,41,166,85,110,237,35,2,38,10,6,22,41,66,-25,36,1.0789473684210527,1.736842105263158,9.710526315789474,5.026315789473684,6.368421052631579,12.0,1.605263157894737,0.13157894736842105,0.42105263157894735,0.10526315789473684,0.2631578947368421
2007/08,Sunderland,19,9,3,7,23,21,222,118,116,239,29,1,19,2,3,14,13,38,179,91,73,234,38,3,38,11,6,21,36,59,-23,39,0.9473684210526315,1.5526315789473684,10.552631578947368,5.5,4.973684210526316,12.447368421052632,1.763157894736842,0.10526315789473684,0.47368421052631576,0.10526315789473684,0.2894736842105263
2007/08,Tottenham,19,8,5,6,46,34,289,174,141,205,23,1,19,3,8,8,20,27,204,114,98,182,29,0,38,11,13,14,66,61,5,46,1.736842105263158,1.605263157894737,12.973684210526315,7.578947368421052,6.2894736842105265,10.18421052631579,1.368421052631579,0.02631578947368421,0.42105263157894735,0.15789473684210525,0.2894736842105263
2007/08,West Ham,19,7,7,5,24,24,234,128,123,257,25,1,19,6,3,10,18,26,192,95,87,261,41,1,38,13,10,15,42,50,-8,49,1.105263157894737,1.3157894736842106,11.210526315789474,5.868421052631579,5.526315789473684,13.631578947368421,1.736842105263158,0.05263157894736842,0.3684210526315789,0.3157894736842105,0.34210526315789475
2007/08,Wigan,19,8,5,6,21,17,205,99,104,230,30,2,19,2,5,12,13,34,193,93,81,245,31,2,38,10,10,18,34,51,-17,40,0.8947368421052632,1.3421052631578947,10.473684210526315,5.052631578947368,4.868421052631579,12.5,1.605263157894737,0.10526315789473684,0.42105263157894735,0.10526315789473684,0.2631578947368421
2008/09,Arsenal,19,11,5,3,31,16,304,176,155,200,25,1,19,9,7,3,37,21,250,140,113,219,35,2,38,20,12,6,68,37,31,72,1.7894736842105263,0.9736842105263158,14.578947368421053,8.31578947368421,7.052631578947368,11.026315789473685,1.5789473684210527,0.07894736842105263,0.5789473684210527,0.47368421052631576,0.5263157894736842
2008/09,Aston Villa,19,7,9,3,27,21,244,132,148,191,16,0,19,10,2,7,27,27,164,93,112,240,37,2,38,17,11,10,54,48,6,62,1.4210526315789473,1.263157894736842,10.736842105263158,5.921052631578948,6.842105263157895,11.342105263157896,1.394736842105263,0.05263157894736842,0.3684210526315789,0.5263157894736842,0.4473684210526316
2008/09,Blackburn,19,6,7,6,22,23,211,112,90,240,30,1,19,4,4,11,18,37,193,107,108,261,46,3,38,10,11,17,40,60,-20,41,1.0526315789473684,1.5789473684210527,10.631578947368421,5.7631578947368425,5.2105263157894735,13.18421052631579,2.0,0.10526315789473684,0.3157894736842105,0.21052631578947367,0.2631578947368421
2008/09,Bolton,19,7,5,7,21,21,266,151,109,256,22,0,19,4,3,12,20,32,175,93,88,241,39,1,38,11,8,19,41,53,-12,41,1.0789473684210527,1.394736842105263,11.605263157894736,6.421052631578948,5.184210526315789,13.078947368421053,1.605263157894737,0.02631578947368421,0.3684210526315789,0.21052631578947367,0.2894736842105263
2008/09,Chelsea,19,11,6,2,33,12,367,195,127,194,18,0,19,14,2,3,35,12,289,164,109,223,32,3,38,25,8,5,68,24,44,83,1.7894736842105263,0.631578947368421,17.263157894736842,9.447368421052632,6.2105263157894735,10.973684210526315,1.3157894736842106,0.07894736842105263,0.5789473684210527,0.7368421052631579,0.6578947368421053
2008/09,Everton,19,8,6,5,31,20,232,126,106,236,23,1,19,9,6,4,24,17,191,106,87,237,26,0,38,17,12,9,55,37,18,63,1.4473684210526316,0.9736842105263158,11.131578947368421,6.105263157894737,5.078947368421052,12.447368421052632,1.2894736842105263,0.02631578947368421,0.42105263157894735,0.47368421052631576,0.4473684210526316
2008/09,Fulham,19,11,3,5,28,16,231,136,116,207,24,1,19,3,8,8,11,18,200,98,76,209,17,0,38,14,11,13,39,34,5,53,1.0263157894736843,0.8947368421052632,11.342105263157896,6.157894736842105,5.052631578947368,10.947368421052632,1.0789473684210527,0.02631578947368421,0.5789473684210527,0.15789473684210525,0.3684210526315789
2008/09,Hull,19,3,5,11,18,36,210,105,105,256,29,3,19,5,6,8,21,28,206,108,83,277,43,0,38,8,11,19,39,64,-25,35,1.0263157894736843,1.6842105263157894,10.947368421052632,5.605263157894737,4.947368421052632,14.026315789473685,1.894736842105263,0.07894736842105263,0.15789473684210525,0.2631578947368421,0.21052631578947367
2008/09,Liverpool,19,12,7,0,41,13,360,181,171,196,20,0,19,13,4,2,36,14,249,130,98,229,30,0,38,25,11,2,77,27,50,86,2.026315789473684,0.7105263157894737,16.026315789473685,8.18421052631579,7.078947368421052,11.18421052631579,1.3157894736842106,0.0,0.631578947368421,0.6842105263157895,0.6578947368421053
2008/09,Man City,19,13,0,6,40,18,264,153,120,226,14,4,19,2,5,12,18,32,225,114,92,230,37,0,38,15,5,18,58,50,8,50,1.5263157894736843,1.3157894736842106,12.868421052631579,7.026315789473684,5.578947368421052,12.0,1.3421052631578947,0.10526315789473684,0.6842105263157895,0.10526315789473684,0.39473684210526316
2008/09,Man United,19,16,2,1,43,13,351,217,141,200,24,1,19,12,4,3,25,11,270,159,118,182,40,4,38,28,6,4,68,24,44,90,1.7894736842105263,0.631578947368421,16.342105263157894,9.894736842105264,6.815789473684211,10.052631578947368,1.6842105263157894,0.13157894736842105,0.8421052631578947,0.631578947368421,0.7368421052631579
2008/09,Middlesbrough,19,5,9,5,17,20,224,127,105,207,31,1,19,2,2,15,11,37,202,92,68,213,23,2,38,7,11,20,28,57,-29,32,0.7368421052631579,1.5,11.210526315789474,5.7631578947368425,4.552631578947368,11.052631578947368,1.4210526315789473,0.07894736842105263,0.2631578947368421,0.10526315789473684,0.18421052631578946
2008/09,Newcastle,19,5,7,7,24,29,207,117,97,197,21,4,19,2,6,11,16,30,164,84,72,214,39,4,38,7,13,18,40,59,-19,34,1.0526315789473684,1.5526315789473684,9.763157894736842,5.2894736842105265,4.447368421052632,10.81578947368421,1.5789473684210527,0.21052631578947367,0.2631578947368421,0.10526315789473684,0.18421052631578946
2008/09,Portsmouth,19,8,3,8,26,29,283,154,121,211,30,3,19,2,8,9,12,28,159,77,74,222,32,2,38,10,11,17,38,57,-19,41,1.0,1.5,11.631578947368421,6.078947368421052,5.131578947368421,11.394736842105264,1.631578947368421,0.13157894736842105,0.42105263157894735,0.10526315789473684,0.2631578947368421
2008/09,Stoke,19,10,5,4,22,15,167,81,97,222,40,2,19,2,4,13,16,40,137,56,80,256,34,3,38,12,9,17,38,55,-17,45,1.0,1.4473684210526316,8.0,3.6052631578947367,4.657894736842105,12.578947368421053,1.9473684210526316,0.13157894736842105,0.5263157894736842,0.10526315789473684,0.3157894736842105
2008/09,Sunderland,19,6,3,10,21,25,212,115,88,194,35,0,19,3,6,10,13,29,184,95,86,186,35,1,38,9,9,20,34,54,-20,36,0.8947368421052632,1.4210526315789473,10.421052631578947,5.526315789473684,4.578947368421052,10.0,1.8421052631578947,0.02631578947368421,0.3157894736842105,0.15789473684210525,0.23684210526315788
2008/09,Tottenham,19,10,5,4,21,10,302,166,125,216,21,0,19,4,4,11,24,35,180,113,95,210,35,5,38,14,9,15,45,45,0,51,1.1842105263157894,1.1842105263157894,12.68421052631579,7.342105263157895,5.7894736842105265,11.210526315789474,1.4736842105263157,0.13157894736842105,0.5263157894736842,0.21052631578947367,0.3684210526315789
2008/09,West Brom,19,7,3,9,26,33,250,141,119,222,38,1,19,1,5,13,10,34,216,114,113,210,29,0,38,8,8,22,36,67,-31,32,0.9473684210526315,1.763157894736842,12.263157894736842,6.7105263157894735,6.105263157894737,11.368421052631579,1.763157894736842,0.02631578947368421,0.3684210526315789,0.05263157894736842,0.21052631578947367
2008/09,West Ham,19,9,2,8,23,22,240,136,114,214,28,1,19,5,7,7,19,23,194,108,77,242,39,3,38,14,9,15,42,45,-3,51,1.105263157894737,1.1842105263157894,11.421052631578947,6.421052631578948,5.026315789473684,12.0,1.763157894736842,0.10526315789473684,0.47368421052631576,0.2631578947368421,0.3684210526315789
2008/09,Wigan,19,8,5,6,17,18,262,121,120,215,26,2,19,4,4,11,17,27,221,106,96,224,35,2,38,12,9,17,34,45,-11,45,0.8947368421052632,1.1842105263157894,12.710526315789474,5.973684210526316,5.684210526315789,11.552631578947368,1.605263157894737,0.10526315789473684,0.42105263157894735,0.21052631578947367,0.3157894736842105
2009/10,Arsenal,19,15,2,2,48,15,306,187,132,193,24,1,19,8,4,7,35,26,254,142,126,226,32,0,38,23,6,9,83,41,42,75,2.1842105263157894,1.0789473684210527,14.736842105263158,8.657894736842104,6.7894736842105265,11.026315789473685,1.4736842105263157,0.02631578947368421,0.7894736842105263,0.42105263157894735,0.6052631578947368
2009/10,Aston Villa,19,8,8,3,29,16,226,121,138,223,23,0,19,9,5,5,23,23,203,118,103,237,38,2,38,17,13,8,52,39,13,64,1.368421052631579,1.0263157894736843,11.289473684210526,6.2894736842105265,6.342105263157895,12.105263157894736,1.605263157894737,0.05263157894736842,0.42105263157894735,0.47368421052631576,0.4473684210526316
2009/10,Birmingham,19,8,9,2,19,13,197,109,103,198,36,1,19,5,2,12,19,34,176,111,86,210,38,0,38,13,11,14,38,47,-9,50,1.0,1.236842105263158,9.81578947368421,5.7894736842105265,4.973684210526316,10.736842105263158,1.9473684210526316,0.02631578947368421,0.42105263157894735,0.2631578947368421,0.34210526315789475
2009/10,Blackburn,19,10,6,3,28,18,247,140,96,261,28,1,19,3,5,11,13,37,187,98,86,265,31,1,38,13,11,14,41,55,-14,50,1.0789473684210527,1.4473684210526316,11.421052631578947,6.2631578947368425,4.7894736842105265,13.842105263157896,1.5526315789473684,0.05263157894736842,0.5263157894736842,0.15789473684210525,0.34210526315789475
2009/10,Bolton,19,6,6,7,26,31,257,146,108,242,34,2,19,4,3,12,16,36,203,100,84,277,41,3,38,10,9,19,42,67,-25,39,1.105263157894737,1.763157894736842,12.105263157894736,6.473684210526316,5.052631578947368,13.657894736842104,1.9736842105263157,0.13157894736842105,0.3157894736842105,0.21052631578947367,0.2631578947368421
2009/10,Burnley,19,7,5,7,25,30,216,117,101,207,20,0,19,1,1,17,17,52,190,111,79,227,37,2,38,8,6,24,42,82,-40,30,1.105263157894737,2.1578947368421053,10.68421052631579,6.0,4.7368421052631575,11.421052631578947,1.5,0.05263157894736842,0.3684210526315789,0.05263157894736842,0.21052631578947367
2009/10,Chelsea,19,17,1,1,68,14,394,230,142,212,17,2,19,10,4,5,35,18,303,158,143,229,39,3,38,27,5,6,103,32,71,86,2.710526315789474,0.8421052631578947,18.342105263157894,10.210526315789474,7.5,11.605263157894736,1.4736842105263157,0.13157894736842105,0.8947368421052632,0.5263157894736842,0.7105263157894737
2009/10,Everton,19,11,6,2,35,21,292,166,123,203,20,1,19,5,7,7,25,28,218,141,105,259,37,1,38,16,13,9,60,49,11,61,1.5789473684210527,1.2894736842105263,13.421052631578947,8.078947368421053,6.0,12.157894736842104,1.5,0.05263157894736842,0.5789473684210527,0.2631578947368421,0.42105263157894735
2009/10,Fulham,19,11,3,5,27,15,225,124,101,191,15,0,19,1,7,11,12,31,155,86,81,229,31,1,38,12,10,16,39,46,-7,46,1.0263157894736843,1.2105263157894737,10.0,5.526315789473684,4.7894736842105265,11.052631578947368,1.2105263157894737,0.02631578947368421,0.5789473684210527,0.05263157894736842,0.3157894736842105
2009/10,Hull,19,6,6,7,22,29,199,113,94,272,29,3,19,0,6,13,12,46,137,68,57,248,38,3,38,6,12,20,34,75,-41,30,0.8947368421052632,1.9736842105263157,8.842105263157896,4.7631578947368425,3.973684210526316,13.68421052631579,1.763157894736842,0.15789473684210525,0.3157894736842105,0.0,0.15789473684210525
2009/10,Liverpool,19,13,3,3,43,15,305,169,157,205,22,2,19,5,6,8,18,20,214,119,111,240,34,3,38,18,9,11,61,35,26,63,1.605263157894737,0.9210526315789473,13.657894736842104,7.578947368421052,7.052631578947368,11.710526315789474,1.4736842105263157,0.13157894736842105,0.6842105263157895,0.2631578947368421,0.47368421052631576
2009/10,Man City,19,12,4,3,41,20,243,130,146,202,21,0,19,6,9,4,32,25,211,122,93,200,30,2,38,18,13,7,73,45,28,67,1.9210526315789473,1.1842105263157894,11.947368421052632,6.631578947368421,6.2894736842105265,10.578947368421053,1.3421052631578947,0.05263157894736842,0.631578947368421,0.3157894736842105,0.47368421052631576
2009/10,Man United,19,16,1,2,52,12,343,195,167,201,23,0,19,11,3,5,34,16,273,149,127,220,28,4,38,27,4,7,86,28,58,85,2.263157894736842,0.7368421052631579,16.210526315789473,9.052631578947368,7.7368421052631575,11.078947368421053,1.3421052631578947,0.10526315789473684,0.8421052631578947,0.5789473684210527,0.7105263157894737
2009/10,Portsmouth,19,5,3,11,24,32,275,158,110,224,38,3,19,2,4,13,10,34,191,96,78,259,34,2,38,7,7,24,34,66,-32,28,0.8947368421052632,1.736842105263158,12.263157894736842,6.684210526315789,4.947368421052632,12.710526315789474,1.894736842105263,0.13157894736842105,0.2631578947368421,0.10526315789473684,0.18421052631578946
2009/10,Stoke,19,7,6,6,24,21,184,95,111,242,30,3,19,4,8,7,10,27,153,75,72,206,36,2,38,11,14,13,34,48,-14,47,0.8947368421052632,1.263157894736842,8.868421052631579,4.473684210526316,4.815789473684211,11.789473684210526,1.736842105263158,0.13157894736842105,0.3684210526315789,0.21052631578947367,0.2894736842105263
2009/10,Sunderland,19,9,7,3,32,19,206,119,86,257,42,2,19,2,4,13,16,37,178,97,95,261,40,7,38,11,11,16,48,56,-8,44,1.263157894736842,1.4736842105263157,10.105263157894736,5.684210526315789,4.7631578947368425,13.631578947368421,2.1578947368421053,0.23684210526315788,0.47368421052631576,0.10526315789473684,0.2894736842105263
2009/10,Tottenham,19,14,2,3,40,12,351,202,141,198,26,0,19,7,5,7,27,29,246,146,100,220,31,1,38,21,7,10,67,41,26,70,1.763157894736842,1.0789473684210527,15.710526315789474,9.157894736842104,6.342105263157895,11.0,1.5,0.02631578947368421,0.7368421052631579,0.3684210526315789,0.5526315789473685
2009/10,West Ham,19,7,5,7,30,29,252,142,99,234,27,1,19,1,6,12,17,37,205,116,82,251,39,2,38,8,11,19,47,66,-19,35,1.236842105263158,1.736842105263158,12.026315789473685,6.7894736842105265,4.7631578947368425,12.763157894736842,1.736842105263158,0.07894736842105263,0.3684210526315789,0.05263157894736842,0.21052631578947367
2009/10,Wigan,19,6,7,6,19,24,281,147,108,240,27,0,19,3,2,14,18,55,217,119,76,242,37,3,38,9,9,20,37,79,-42,36,0.9736842105263158,2.0789473684210527,13.105263157894736,7.0,4.842105263157895,12.68421052631579,1.6842105263157894,0.07894736842105263,0.3157894736842105,0.15789473684210525,0.23684210526315788
2009/10,Wolves,19,5,6,8,13,22,218,125,99,218,24,1,19,4,5,10,19,34,159,81,107,265,40,3,38,9,11,18,32,56,-24,38,0.8421052631578947,1.4736842105263157,9.921052631578947,5.421052631578948,5.421052631578948,12.710526315789474,1.6842105263157894,0.10526315789473684,0.2631578947368421,0.21052631578947367,0.23684210526315788
2010/11,Arsenal,19,11,4,4,33,15,318,186,138,224,31,3,19,8,7,4,39,28,277,156,114,208,37,3,38,19,11,8,72,43,29,68,1.894736842105263,1.131578947368421,15.657894736842104,9.0,6.631578947368421,11.368421052631579,1.7894736842105263,0.15789473684210525,0.5789473684210527,0.42105263157894735,0.5
2010/11,Aston Villa,19,8,7,4,26,19,231,125,125,211,35,1,19,4,5,10,22,40,205,116,110,226,36,1,38,12,12,14,48,59,-11,48,1.263157894736842,1.5526315789473684,11.473684210526315,6.342105263157895,6.184210526315789,11.5,1.868421052631579,0.05263157894736842,0.42105263157894735,0.21052631578947367,0.3157894736842105
2010/11,Birmingham,19,6,8,5,19,22,182,77,89,192,24,2,19,2,7,10,18,36,145,78,63,207,33,1,38,8,15,15,37,58,-21,39,0.9736842105263158,1.5263157894736843,8.605263157894736,4.078947368421052,4.0,10.5,1.5,0.07894736842105263,0.3157894736842105,0.10526315789473684,0.21052631578947367
2010/11,Blackburn,19,7,7,5,22,16,234,104,87,232,24,1,19,4,3,12,24,43,151,87,88,223,41,3,38,11,10,17,46,59,-13,43,1.2105263157894737,1.5526315789473684,10.131578947368421,5.026315789473684,4.605263157894737,11.973684210526315,1.7105263157894737,0.10526315789473684,0.3684210526315789,0.21052631578947367,0.2894736842105263
2010/11,Blackpool,19,5,5,9,30,37,253,134,94,216,22,0,19,5,4,10,25,41,193,101,92,187,25,2,38,10,9,19,55,78,-23,39,1.4473684210526316,2.0526315789473686,11.736842105263158,6.184210526315789,4.894736842105263,10.605263157894736,1.236842105263158,0.05263157894736842,0.2631578947368421,0.2631578947368421,0.2631578947368421
2010/11,Bolton,19,10,5,4,34,24,279,164,95,235,29,4,19,2,5,12,18,32,219,111,107,245,38,1,38,12,10,16,52,56,-4,46,1.368421052631579,1.4736842105263157,13.105263157894736,7.2368421052631575,5.315789473684211,12.631578947368421,1.763157894736842,0.13157894736842105,0.5263157894736842,0.10526315789473684,0.3157894736842105
2010/11,Chelsea,19,14,3,2,39,13,319,174,136,197,27,1,19,7,5,7,30,20,316,170,119,208,32,0,38,21,8,9,69,33,36,71,1.8157894736842106,0.868421052631579,16.710526315789473,9.052631578947368,6.7105263157894735,10.657894736842104,1.5526315789473684,0.02631578947368421,0.7368421052631579,0.3684210526315789,0.5526315789473685
2010/11,Everton,19,9,7,3,31,23,290,159,139,230,29,3,19,4,8,7,20,22,219,127,106,229,29,2,38,13,15,10,51,45,6,54,1.3421052631578947,1.1842105263157894,13.394736842105264,7.526315789473684,6.447368421052632,12.078947368421053,1.5263157894736843,0.13157894736842105,0.47368421052631576,0.21052631578947367,0.34210526315789475
2010/11,Fulham,19,8,7,4,30,23,239,141,107,218,28,1,19,3,9,7,19,20,217,109,85,227,23,0,38,11,16,11,49,43,6,49,1.2894736842105263,1.131578947368421,12.0,6.578947368421052,5.052631578947368,11.710526315789474,1.3421052631578947,0.02631578947368421,0.42105263157894735,0.15789473684210525,0.2894736842105263
2010/11,Liverpool,19,12,4,3,37,14,256,145,126,216,23,1,19,5,3,11,22,30,219,123,88,220,40,1,38,17,7,14,59,44,15,58,1.5526315789473684,1.1578947368421053,12.5,7.052631578947368,5.631578947368421,11.473684210526315,1.6578947368421053,0.05263157894736842,0.631578947368421,0.2631578947368421,0.4473684210526316
2010/11,Man City,19,13,4,2,34,12,256,151,136,218,30,3,19,8,4,7,26,21,221,125,92,236,44,2,38,21,8,9,60,33,27,71,1.5789473684210527,0.868421052631579,12.552631578947368,7.2631578947368425,6.0,11.947368421052632,1.9473684210526316,0.13157894736842105,0.6842105263157895,0.42105263157894735,0.5526315789473685
2010/11,Man United,19,18,1,0,49,12,312,184,126,177,16,1,19,5,10,4,29,25,231,126,119,219,42,2,38,23,11,4,78,37,41,80,2.0526315789473686,0.9736842105263158,14.289473684210526,8.157894736842104,6.447368421052632,10.421052631578947,1.5263157894736843,0.07894736842105263,0.9473684210526315,0.2631578947368421,0.6052631578947368
2010/11,Newcastle,19,6,8,5,41,27,253,155,104,219,32,1,19,5,5,9,15,30,181,97,99,221,43,1,38,11,13,14,56,57,-1,46,1.4736842105263157,1.5,11.421052631578947,6.631578947368421,5.342105263157895,11.578947368421053,1.9736842105263157,0.05263157894736842,0.3157894736842105,0.2631578947368421,0.2894736842105263
2010/11,Stoke,19,10,4,5,31,18,251,131,116,202,30,0,19,3,3,13,15,30,159,73,75,215,40,1,38,13,7,18,46,48,-2,46,1.2105263157894737,1.263157894736842,10.789473684210526,5.368421052631579,5.026315789473684,10.973684210526315,1.8421052631578947,0.02631578947368421,0.5263157894736842,0.15789473684210525,0.34210526315789475
2010/11,Sunderland,19,7,5,7,25,27,239,128,95,184,24,2,19,5,6,8,20,29,211,102,85,219,35,3,38,12,11,15,45,56,-11,47,1.1842105263157894,1.4736842105263157,11.842105263157896,6.052631578947368,4.7368421052631575,10.605263157894736,1.5526315789473684,0.13157894736842105,0.3684210526315789,0.2631578947368421,0.3157894736842105
2010/11,Tottenham,19,9,9,1,30,19,323,191,156,174,28,1,19,7,5,7,25,27,237,130,100,187,23,1,38,16,14,8,55,46,9,62,1.4473684210526316,1.2105263157894737,14.736842105263158,8.447368421052632,6.7368421052631575,9.5,1.3421052631578947,0.05263157894736842,0.47368421052631576,0.3684210526315789,0.42105263157894735
2010/11,West Brom,19,8,6,5,30,30,287,164,103,197,29,3,19,4,5,10,26,41,236,123,86,194,25,4,38,12,11,15,56,71,-15,47,1.4736842105263157,1.868421052631579,13.763157894736842,7.552631578947368,4.973684210526316,10.289473684210526,1.4210526315789473,0.18421052631578946,0.42105263157894735,0.21052631578947367,0.3157894736842105
2010/11,West Ham,19,5,5,9,24,31,258,139,97,195,22,0,19,2,7,10,19,39,211,107,88,211,36,1,38,7,12,19,43,70,-27,33,1.131578947368421,1.8421052631578947,12.342105263157896,6.473684210526316,4.868421052631579,10.68421052631579,1.5263157894736843,0.02631578947368421,0.2631578947368421,0.10526315789473684,0.18421052631578946
2010/11,Wigan,19,5,8,6,22,34,257,141,95,225,27,1,19,4,7,8,18,27,193,112,74,236,41,3,38,9,15,14,40,61,-21,42,1.0526315789473684,1.605263157894737,11.842105263157896,6.657894736842105,4.447368421052632,12.131578947368421,1.7894736842105263,0.10526315789473684,0.2631578947368421,0.21052631578947367,0.23684210526315788
2010/11,Wolves,19,8,4,7,30,30,208,117,133,213,27,0,19,3,3,13,16,36,163,90,109,225,36,2,38,11,7,20,46,66,-20,40,1.2105263157894737,1.736842105263158,9.763157894736842,5.447368421052632,6.368421052631579,11.526315789473685,1.6578947368421053,0.05263157894736842,0.42105263157894735,0.15789473684210525,0.2894736842105263
2011/12,Arsenal,19,12,4,3,39,17,320,185,158,191,36,1,19,9,3,7,35,32,265,167,105,183,31,3,38,21,7,10,74,49,25,70,1.9473684210526316,1.2894736842105263,15.394736842105264,9.263157894736842,6.921052631578948,9.842105263157896,1.763157894736842,0.10526315789473684,0.631578947368421,0.47368421052631576,0.5526315789473685
2011/12,Aston Villa,19,4,7,8,20,25,225,108,129,187,25,2,19,3,10,6,17,28,179,95,89,206,45,0,38,7,17,14,37,53,-16,38,0.9736842105263158,1.394736842105263,10.631578947368421,5.342105263157895,5.7368421052631575,10.342105263157896,1.8421052631578947,0.05263157894736842,0.21052631578947367,0.15789473684210525,0.18421052631578946
2011/12,Blackburn,19,6,1,12,26,33,257,145,105,224,39,1,19,2,6,11,22,45,158,93,61,201,29,4,38,8,7,23,48,78,-30,31,1.263157894736842,2.0526315789473686,10.921052631578947,6.2631578947368425,4.368421052631579,11.18421052631579,1.7894736842105263,0.13157894736842105,0.3157894736842105,0.10526315789473684,0.21052631578947367
2011/12,Bolton,19,4,4,11,23,39,234,152,111,223,23,2,19,6,2,11,23,38,213,123,100,206,28,3,38,10,6,22,46,77,-31,36,1.2105263157894737,2.026315789473684,11.763157894736842,7.2368421052631575,5.552631578947368,11.289473684210526,1.3421052631578947,0.13157894736842105,0.21052631578947367,0.3157894736842105,0.2631578947368421
2011/12,Chelsea,19,12,3,4,41,24,335,177,132,211,31,1,19,6,7,6,24,22,281,157,122,192,44,3,38,18,10,10,65,46,19,64,1.7105263157894737,1.2105263157894737,16.210526315789473,8.789473684210526,6.684210526315789,10.605263157894736,1.9736842105263157,0.10526315789473684,0.631578947368421,0.3157894736842105,0.47368421052631576
2011/12,Everton,19,10,3,6,28,15,269,145,100,225,24,1,19,5,8,6,22,25,205,108,79,224,37,0,38,15,11,12,50,40,10,56,1.3157894736842106,1.0526315789473684,12.473684210526315,6.657894736842105,4.7105263157894735,11.81578947368421,1.605263157894737,0.02631578947368421,0.5263157894736842,0.2631578947368421,0.39473684210526316
2011/12,Fulham,19,10,5,4,36,26,302,192,109,162,22,0,19,4,5,10,12,25,187,109,79,188,32,0,38,14,10,14,48,51,-3,52,1.263157894736842,1.3421052631578947,12.868421052631579,7.921052631578948,4.947368421052632,9.210526315789474,1.4210526315789473,0.0,0.5263157894736842,0.21052631578947367,0.3684210526315789
2011/12,Liverpool,19,6,9,4,24,16,337,169,173,182,23,0,19,8,1,10,23,24,275,161,135,184,33,5,38,14,10,14,47,40,7,52,1.236842105263158,1.0526315789473684,16.105263157894736,8.68421052631579,8.105263157894736,9.631578947368421,1.4736842105263157,0.13157894736842105,0.3157894736842105,0.42105263157894735,0.3684210526315789
2011/12,Man City,19,18,1,0,55,12,353,215,153,177,18,2,19,10,4,5,38,17,313,184,116,207,38,3,38,28,5,5,93,29,64,89,2.4473684210526314,0.7631578947368421,17.526315789473685,10.5,7.078947368421052,10.105263157894736,1.4736842105263157,0.13157894736842105,0.9473684210526315,0.5263157894736842,0.7368421052631579
2011/12,Man United,19,15,2,2,52,19,370,228,169,191,25,1,19,13,3,3,37,14,222,141,110,176,26,0,38,28,5,5,89,33,56,89,2.3421052631578947,0.868421052631579,15.578947368421053,9.710526315789474,7.342105263157895,9.657894736842104,1.3421052631578947,0.02631578947368421,0.7894736842105263,0.6842105263157895,0.7368421052631579
2011/12,Newcastle,19,11,5,3,29,17,263,146,106,185,31,0,19,8,3,8,27,34,188,109,66,202,36,2,38,19,8,11,56,51,5,65,1.4736842105263157,1.3421052631578947,11.868421052631579,6.7105263157894735,4.526315789473684,10.18421052631579,1.763157894736842,0.05263157894736842,0.5789473684210527,0.42105263157894735,0.5
2011/12,Norwich,19,7,6,6,28,30,256,140,78,169,26,2,19,5,5,9,24,36,218,114,89,215,33,1,38,12,11,15,52,66,-14,47,1.368421052631579,1.736842105263158,12.473684210526315,6.684210526315789,4.394736842105263,10.105263157894736,1.5526315789473684,0.07894736842105263,0.3684210526315789,0.2631578947368421,0.3157894736842105
2011/12,QPR,19,7,5,7,24,25,270,133,101,203,29,6,19,3,2,14,19,41,224,131,94,186,28,3,38,10,7,21,43,66,-23,37,1.131578947368421,1.736842105263158,13.0,6.947368421052632,5.131578947368421,10.236842105263158,1.5,0.23684210526315788,0.3684210526315789,0.15789473684210525,0.2631578947368421
2011/12,Stoke,19,7,8,4,25,20,192,94,105,209,25,1,19,4,4,11,11,33,148,57,60,214,36,1,38,11,12,15,36,53,-17,45,0.9473684210526315,1.394736842105263,8.947368421052632,3.973684210526316,4.342105263157895,11.131578947368421,1.605263157894737,0.05263157894736842,0.3684210526315789,0.21052631578947367,0.2894736842105263
2011/12,Sunderland,19,7,7,5,26,17,225,126,100,183,27,1,19,4,5,10,19,29,192,107,79,206,33,2,38,11,12,15,45,46,-1,45,1.1842105263157894,1.2105263157894737,10.973684210526315,6.131578947368421,4.7105263157894735,10.236842105263158,1.5789473684210527,0.07894736842105263,0.3684210526315789,0.21052631578947367,0.2894736842105263
2011/12,Swansea,19,8,7,4,27,18,223,126,111,157,21,0,19,4,4,11,17,33,197,115,93,152,19,2,38,12,11,15,44,51,-7,47,1.1578947368421053,1.3421052631578947,11.052631578947368,6.342105263157895,5.368421052631579,8.131578947368421,1.0526315789473684,0.05263157894736842,0.42105263157894735,0.21052631578947367,0.3157894736842105
2011/12,Tottenham,19,13,3,3,39,17,352,210,147,160,15,0,19,7,6,6,27,24,283,163,136,180,30,3,38,20,9,9,66,41,25,69,1.736842105263158,1.0789473684210527,16.710526315789473,9.81578947368421,7.447368421052632,8.947368421052632,1.1842105263157894,0.07894736842105263,0.6842105263157895,0.3684210526315789,0.5263157894736842
2011/12,West Brom,19,6,3,10,21,22,254,144,127,193,18,0,19,7,5,7,24,30,216,120,85,192,30,1,38,13,8,17,45,52,-7,47,1.1842105263157894,1.368421052631579,12.368421052631579,6.947368421052632,5.578947368421052,10.131578947368421,1.263157894736842,0.02631578947368421,0.3157894736842105,0.3684210526315789,0.34210526315789475
2011/12,Wigan,19,5,7,7,22,27,250,147,135,235,35,1,19,6,3,10,20,35,206,111,74,212,33,2,38,11,10,17,42,62,-20,43,1.105263157894737,1.631578947368421,12.0,6.7894736842105265,5.5,11.763157894736842,1.7894736842105263,0.07894736842105263,0.2631578947368421,0.3157894736842105,0.2894736842105263
2011/12,Wolves,19,3,3,13,19,43,236,132,122,163,30,3,19,2,7,10,21,39,175,97,84,182,34,1,38,5,10,23,40,82,-42,25,1.0526315789473684,2.1578947368421053,10.81578947368421,6.026315789473684,5.421052631578948,9.078947368421053,1.6842105263157894,0.10526315789473684,0.15789473684210525,0.10526315789473684,0.13157894736842105
2012/13,Arsenal,19,11,5,3,47,23,305,180,148,189,20,1,19,10,5,4,25,14,241,146,112,171,24,4,38,21,10,7,72,37,35,73,1.894736842105263,0.9736842105263158,14.368421052631579,8.578947368421053,6.842105263157895,9.473684210526315,1.1578947368421053,0.13157894736842105,0.5789473684210527,0.5263157894736842,0.5526315789473685
2012/13,Aston Villa,19,5,5,9,23,28,217,124,111,208,32,3,19,5,6,8,24,41,176,101,67,220,42,0,38,10,11,17,47,69,-22,41,1.236842105263158,1.8157894736842106,10.342105263157896,5.921052631578948,4.684210526315789,11.263157894736842,1.9473684210526316,0.07894736842105263,0.2631578947368421,0.2631578947368421,0.2631578947368421
2012/13,Chelsea,19,12,5,2,41,16,342,203,134,177,19,2,19,10,4,5,34,23,227,133,106,194,33,1,38,22,9,7,75,39,36,75,1.9736842105263157,1.0263157894736843,14.973684210526315,8.842105263157896,6.315789473684211,9.763157894736842,1.368421052631579,0.07894736842105263,0.631578947368421,0.5263157894736842,0.5789473684210527
2012/13,Everton,19,12,6,1,33,17,304,173,146,209,29,1,19,4,9,6,22,23,257,148,111,204,31,2,38,16,15,7,55,40,15,63,1.4473684210526316,1.0526315789473684,14.763157894736842,8.447368421052632,6.7631578947368425,10.868421052631579,1.5789473684210527,0.07894736842105263,0.631578947368421,0.21052631578947367,0.42105263157894735
2012/13,Fulham,19,7,3,9,28,30,257,142,95,187,20,3,19,4,7,8,22,30,168,102,81,197,28,0,38,11,10,17,50,60,-10,43,1.3157894736842106,1.5789473684210527,11.18421052631579,6.421052631578948,4.631578947368421,10.105263157894736,1.263157894736842,0.07894736842105263,0.3684210526315789,0.21052631578947367,0.2894736842105263
2012/13,Liverpool,19,9,6,4,33,16,393,219,161,179,19,1,19,7,7,5,38,27,276,166,124,193,35,1,38,16,13,9,71,43,28,61,1.868421052631579,1.131578947368421,17.605263157894736,10.131578947368421,7.5,9.789473684210526,1.4210526315789473,0.05263157894736842,0.47368421052631576,0.3684210526315789,0.42105263157894735
2012/13,Man City,19,14,3,2,41,15,307,176,143,206,28,0,19,9,6,4,25,19,294,176,126,237,35,3,38,23,9,6,66,34,32,78,1.736842105263158,0.8947368421052632,15.81578947368421,9.263157894736842,7.078947368421052,11.657894736842104,1.6578947368421053,0.07894736842105263,0.7368421052631579,0.47368421052631576,0.6052631578947368
2012/13,Man United,19,16,0,3,45,19,280,163,114,184,23,1,19,12,5,2,41,24,232,136,104,177,34,0,38,28,5,5,86,43,43,89,2.263157894736842,1.131578947368421,13.473684210526315,7.868421052631579,5.7368421052631575,9.5,1.5,0.02631578947368421,0.8421052631578947,0.631578947368421,0.7368421052631579
2012/13,Newcastle,19,9,1,9,24,31,273,137,138,223,37,1,19,2,7,10,21,37,198,115,65,214,35,3,38,11,8,19,45,68,-23,41,1.1842105263157894,1.7894736842105263,12.394736842105264,6.631578947368421,5.342105263157895,11.5,1.894736842105263,0.10526315789473684,0.47368421052631576,0.10526315789473684,0.2894736842105263
2012/13,Norwich,19,8,7,4,25,20,215,124,91,186,33,0,19,2,7,10,16,38,157,79,82,205,27,1,38,10,14,14,41,58,-17,44,1.0789473684210527,1.5263157894736843,9.789473684210526,5.342105263157895,4.552631578947368,10.289473684210526,1.5789473684210527,0.02631578947368421,0.42105263157894735,0.10526315789473684,0.2631578947368421
2012/13,QPR,19,2,8,9,13,28,265,133,89,177,22,2,19,2,5,12,17,32,200,112,81,207,37,1,38,4,13,21,30,60,-30,25,0.7894736842105263,1.5789473684210527,12.236842105263158,6.447368421052632,4.473684210526316,10.105263157894736,1.5526315789473684,0.07894736842105263,0.10526315789473684,0.10526315789473684,0.10526315789473684
2012/13,Reading,19,4,8,7,23,33,161,85,104,169,21,1,19,2,2,15,20,40,190,94,85,190,24,0,38,6,10,22,43,73,-30,28,1.131578947368421,1.9210526315789473,9.236842105263158,4.7105263157894735,4.973684210526316,9.447368421052632,1.1842105263157894,0.02631578947368421,0.21052631578947367,0.10526315789473684,0.15789473684210525
2012/13,Southampton,19,6,7,6,26,24,257,141,113,196,23,2,19,3,7,9,23,36,216,113,96,186,20,0,38,9,14,15,49,60,-11,41,1.2894736842105263,1.5789473684210527,12.447368421052632,6.684210526315789,5.5,10.052631578947368,1.131578947368421,0.05263157894736842,0.3157894736842105,0.15789473684210525,0.23684210526315788
2012/13,Stoke,19,7,7,5,21,22,189,92,97,213,34,2,19,2,8,9,13,23,149,73,66,230,46,2,38,9,15,14,34,45,-11,42,0.8947368421052632,1.1842105263157894,8.894736842105264,4.342105263157895,4.2894736842105265,11.657894736842104,2.1052631578947367,0.10526315789473684,0.3684210526315789,0.10526315789473684,0.23684210526315788
2012/13,Sunderland,19,5,8,6,20,19,225,127,103,205,25,1,19,4,4,11,21,35,153,94,76,222,37,2,38,9,12,17,41,54,-13,39,1.0789473684210527,1.4210526315789473,9.947368421052632,5.815789473684211,4.7105263157894735,11.236842105263158,1.631578947368421,0.07894736842105263,0.2631578947368421,0.21052631578947367,0.23684210526315788
2012/13,Swansea,19,6,8,5,28,26,277,160,119,195,25,2,19,5,5,9,19,25,183,102,75,192,33,0,38,11,13,14,47,51,-4,46,1.236842105263158,1.3421052631578947,12.105263157894736,6.894736842105263,5.105263157894737,10.18421052631579,1.5263157894736843,0.05263157894736842,0.3157894736842105,0.2631578947368421,0.2894736842105263
2012/13,Tottenham,19,11,5,3,29,18,346,218,141,166,24,1,19,10,4,5,37,28,271,163,120,176,29,1,38,21,9,8,66,46,20,72,1.736842105263158,1.2105263157894737,16.236842105263158,10.026315789473685,6.868421052631579,9.0,1.394736842105263,0.05263157894736842,0.5789473684210527,0.5263157894736842,0.5526315789473685
2012/13,West Brom,19,9,4,6,32,25,267,142,116,197,27,1,19,5,3,11,21,32,193,111,86,211,35,3,38,14,7,17,53,57,-4,49,1.394736842105263,1.5,12.105263157894736,6.657894736842105,5.315789473684211,10.736842105263158,1.631578947368421,0.10526315789473684,0.47368421052631576,0.2631578947368421,0.3684210526315789
2012/13,West Ham,19,9,6,4,34,22,247,148,123,217,26,1,19,3,4,12,11,31,192,102,90,228,48,0,38,12,10,16,45,53,-8,46,1.1842105263157894,1.394736842105263,11.552631578947368,6.578947368421052,5.605263157894737,11.710526315789474,1.9473684210526316,0.02631578947368421,0.47368421052631576,0.15789473684210525,0.3157894736842105
2012/13,Wigan,19,4,6,9,26,39,240,137,115,212,28,0,19,5,3,11,21,34,212,120,84,204,38,2,38,9,9,20,47,73,-26,36,1.236842105263158,1.9210526315789473,11.894736842105264,6.7631578947368425,5.2368421052631575,10.947368421052632,1.736842105263158,0.05263157894736842,0.21052631578947367,0.2631578947368421,0.23684210526315788
2013/14,Arsenal,19,13,5,1,36,11,285,114,127,187,21,1,19,11,2,6,32,30,239,96,84,161,32,3,38,24,7,7,68,41,27,79,1.7894736842105263,1.0789473684210527,13.789473684210526,5.526315789473684,5.552631578947368,9.157894736842104,1.394736842105263,0.10526315789473684,0.6842105263157895,0.5789473684210527,0.631578947368421
2013/14,Aston Villa,19,6,3,10,22,29,233,75,94,234,35,0,19,4,5,10,17,32,197,59,69,250,43,0,38,10,8,20,39,61,-22,38,1.0263157894736843,1.605263157894737,11.31578947368421,3.526315789473684,4.2894736842105265,12.736842105263158,2.0526315789473686,0.0,0.3157894736842105,0.21052631578947367,0.2631578947368421
2013/14,Cardiff,19,5,5,9,20,35,228,74,110,167,25,0,19,2,4,13,12,39,191,52,86,175,24,1,38,7,9,22,32,74,-42,30,0.8421052631578947,1.9473684210526316,11.026315789473685,3.3157894736842106,5.157894736842105,9.0,1.2894736842105263,0.02631578947368421,0.2631578947368421,0.10526315789473684,0.18421052631578946
2013/14,Chelsea,19,15,3,1,43,11,374,135,131,225,22,0,19,10,4,5,28,16,319,93,118,195,34,3,38,25,7,6,71,27,44,82,1.868421052631579,0.7105263157894737,18.236842105263158,6.0,6.552631578947368,11.052631578947368,1.4736842105263157,0.07894736842105263,0.7894736842105263,0.5263157894736842,0.6578947368421053
2013/14,Crystal Palace,19,8,3,8,18,23,215,76,96,200,23,0,19,5,3,11,15,25,199,67,76,204,34,2,38,13,6,19,33,48,-15,45,0.868421052631579,1.263157894736842,10.894736842105264,3.763157894736842,4.526315789473684,10.631578947368421,1.5,0.05263157894736842,0.42105263157894735,0.2631578947368421,0.34210526315789475
2013/14,Everton,19,13,3,3,38,19,313,119,144,165,27,1,19,8,6,5,23,20,247,76,107,200,27,0,38,21,9,8,61,39,22,72,1.605263157894737,1.0263157894736843,14.736842105263158,5.131578947368421,6.605263157894737,9.605263157894736,1.4210526315789473,0.02631578947368421,0.6842105263157895,0.42105263157894735,0.5526315789473685
2013/14,Fulham,19,5,3,11,24,38,266,94,125,186,32,0,19,4,2,13,16,47,165,55,69,197,25,1,38,9,5,24,40,85,-45,32,1.0526315789473684,2.236842105263158,11.342105263157896,3.9210526315789473,5.105263157894737,10.078947368421053,1.5,0.02631578947368421,0.2631578947368421,0.21052631578947367,0.23684210526315788
2013/14,Hull,19,7,4,8,20,21,246,73,96,204,25,1,19,3,3,13,18,32,179,56,64,217,28,3,38,10,7,21,38,53,-15,37,1.0,1.394736842105263,11.18421052631579,3.3947368421052633,4.2105263157894735,11.078947368421053,1.394736842105263,0.10526315789473684,0.3684210526315789,0.15789473684210525,0.2631578947368421
2013/14,Liverpool,19,16,1,2,53,18,371,145,118,201,16,1,19,10,5,4,48,32,279,114,106,209,38,0,38,26,6,6,101,50,51,84,2.6578947368421053,1.3157894736842106,17.105263157894736,6.815789473684211,5.894736842105263,10.789473684210526,1.4210526315789473,0.02631578947368421,0.8421052631578947,0.5263157894736842,0.6842105263157895
2013/14,Man City,19,17,1,1,63,13,377,136,155,189,33,0,19,10,4,5,39,24,296,102,128,205,39,1,38,27,5,6,102,37,65,86,2.6842105263157894,0.9736842105263158,17.710526315789473,6.2631578947368425,7.447368421052632,10.368421052631579,1.894736842105263,0.02631578947368421,0.8947368421052632,0.5263157894736842,0.7105263157894737
2013/14,Man United,19,9,3,7,29,21,301,102,119,187,24,1,19,10,4,5,35,22,224,79,97,212,42,2,38,19,7,12,64,43,21,64,1.6842105263157894,1.131578947368421,13.81578947368421,4.7631578947368425,5.684210526315789,10.5,1.736842105263158,0.07894736842105263,0.47368421052631576,0.5263157894736842,0.5
2013/14,Newcastle,19,8,3,8,23,28,337,100,123,207,22,1,19,7,1,11,20,31,242,84,67,205,30,5,38,15,4,19,43,59,-16,49,1.131578947368421,1.5526315789473684,15.236842105263158,4.842105263157895,5.0,10.842105263157896,1.368421052631579,0.15789473684210525,0.42105263157894735,0.3684210526315789,0.39473684210526316
2013/14,Norwich,19,6,6,7,17,18,265,77,121,213,26,1,19,2,3,14,11,44,199,69,76,211,36,1,38,8,9,21,28,62,-34,33,0.7368421052631579,1.631578947368421,12.210526315789474,3.8421052631578947,5.184210526315789,11.157894736842104,1.631578947368421,0.05263157894736842,0.3157894736842105,0.10526315789473684,0.21052631578947367
2013/14,Southampton,19,8,6,5,32,23,299,102,116,201,23,0,19,7,5,7,22,23,232,75,95,242,37,0,38,15,11,12,54,46,8,56,1.4210526315789473,1.2105263157894737,13.973684210526315,4.657894736842105,5.552631578947368,11.657894736842104,1.5789473684210527,0.0,0.42105263157894735,0.3684210526315789,0.39473684210526316
2013/14,Stoke,19,10,6,3,27,17,239,75,93,236,36,1,19,3,5,11,18,35,186,64,71,249,36,4,38,13,11,14,45,52,-7,50,1.1842105263157894,1.368421052631579,11.18421052631579,3.6578947368421053,4.315789473684211,12.763157894736842,1.894736842105263,0.13157894736842105,0.5263157894736842,0.15789473684210525,0.34210526315789475
2013/14,Sunderland,19,5,3,11,21,27,290,74,107,236,39,2,19,5,5,9,20,33,200,63,81,208,29,5,38,10,8,20,41,60,-19,38,1.0789473684210527,1.5789473684210527,12.894736842105264,3.6052631578947367,4.947368421052632,11.68421052631579,1.7894736842105263,0.18421052631578946,0.2631578947368421,0.2631578947368421,0.2631578947368421
2013/14,Swansea,19,6,5,8,33,26,249,95,120,174,28,2,19,5,4,10,21,28,245,68,103,199,27,1,38,11,9,18,54,54,0,42,1.4210526315789473,1.4210526315789473,13.0,4.2894736842105265,5.868421052631579,9.81578947368421,1.4473684210526316,0.07894736842105263,0.3157894736842105,0.2631578947368421,0.2894736842105263
2013/14,Tottenham,19,11,3,5,30,23,297,98,120,190,31,2,19,10,3,6,25,28,287,91,110,213,35,2,38,21,6,11,55,51,4,69,1.4473684210526316,1.3421052631578947,15.368421052631579,4.973684210526316,6.052631578947368,10.605263157894736,1.736842105263158,0.10526315789473684,0.5789473684210527,0.5263157894736842,0.5526315789473685
2013/14,West Brom,19,4,9,6,24,27,257,78,103,195,33,0,19,3,6,10,19,32,228,67,84,231,34,0,38,7,15,16,43,59,-16,36,1.131578947368421,1.5526315789473684,12.763157894736842,3.8157894736842106,4.921052631578948,11.210526315789474,1.763157894736842,0.0,0.21052631578947367,0.15789473684210525,0.18421052631578946
2013/14,West Ham,19,7,3,9,25,26,241,72,99,191,22,2,19,4,4,11,15,25,177,47,85,211,39,3,38,11,7,20,40,51,-11,40,1.0526315789473684,1.3421052631578947,11.0,3.1315789473684212,4.842105263157895,10.578947368421053,1.605263157894737,0.13157894736842105,0.3684210526315789,0.21052631578947367,0.2894736842105263
2014/15,Arsenal,19,12,5,2,41,14,359,141,154,179,27,1,19,10,4,5,30,22,253,87,100,198,41,1,38,22,9,7,71,36,35,75,1.868421052631579,0.9473684210526315,16.105263157894736,6.0,6.684210526315789,9.921052631578947,1.7894736842105263,0.05263157894736842,0.631578947368421,0.5263157894736842,0.5789473684210527
2014/15,Aston Villa,19,5,6,8,18,25,222,65,89,191,28,4,19,5,2,12,13,32,192,62,82,209,42,3,38,10,8,20,31,57,-26,38,0.8157894736842105,1.5,10.894736842105264,3.3421052631578947,4.5,10.526315789473685,1.8421052631578947,0.18421052631578946,0.2631578947368421,0.2631578947368421,0.2631578947368421
2014/15,Burnley,19,4,7,8,14,21,232,70,89,212,33,0,19,3,5,11,14,32,197,55,81,194,31,2,38,7,12,19,28,53,-25,33,0.7368421052631579,1.394736842105263,11.289473684210526,3.289473684210526,4.473684210526316,10.68421052631579,1.6842105263157894,0.05263157894736842,0.21052631578947367,0.15789473684210525,0.18421052631578946
2014/15,Chelsea,19,15,4,0,36,9,313,122,134,200,36,1,19,11,5,3,37,23,250,88,92,182,41,3,38,26,9,3,73,32,41,87,1.9210526315789473,0.8421052631578947,14.81578947368421,5.526315789473684,5.947368421052632,10.052631578947368,2.026315789473684,0.10526315789473684,0.7894736842105263,0.5789473684210527,0.6842105263157895
2014/15,Crystal Palace,19,6,3,10,21,27,243,76,116,270,26,2,19,7,6,6,26,24,195,63,93,257,37,2,38,13,9,16,47,51,-4,48,1.236842105263158,1.3421052631578947,11.526315789473685,3.6578947368421053,5.5,13.868421052631579,1.6578947368421053,0.10526315789473684,0.3157894736842105,0.3684210526315789,0.34210526315789475
2014/15,Everton,19,7,7,5,27,21,269,85,105,185,27,0,19,5,4,10,21,29,215,81,89,203,39,2,38,12,11,15,48,50,-2,47,1.263157894736842,1.3157894736842106,12.736842105263158,4.368421052631579,5.105263157894737,10.210526315789474,1.736842105263158,0.05263157894736842,0.3684210526315789,0.2631578947368421,0.3157894736842105
2014/15,Hull,19,5,5,9,19,24,243,78,91,229,28,3,19,3,6,10,14,27,186,53,78,222,43,3,38,8,11,19,33,51,-18,35,0.868421052631579,1.3421052631578947,11.289473684210526,3.4473684210526314,4.447368421052632,11.868421052631579,1.868421052631579,0.15789473684210525,0.2631578947368421,0.15789473684210525,0.21052631578947367
2014/15,Leicester,19,7,5,7,28,22,275,83,120,225,20,2,19,4,3,12,18,33,182,54,91,232,29,2,38,11,8,19,46,55,-9,41,1.2105263157894737,1.4473684210526316,12.026315789473685,3.6052631578947367,5.552631578947368,12.026315789473685,1.2894736842105263,0.10526315789473684,0.3684210526315789,0.21052631578947367,0.2894736842105263
2014/15,Liverpool,19,10,5,4,30,20,331,106,111,190,29,2,19,8,3,8,22,28,259,88,87,195,37,1,38,18,8,12,52,48,4,62,1.368421052631579,1.263157894736842,15.526315789473685,5.105263157894737,5.2105263157894735,10.131578947368421,1.736842105263158,0.07894736842105263,0.5263157894736842,0.42105263157894735,0.47368421052631576
2014/15,Man City,19,14,3,2,44,14,361,129,170,234,35,1,19,10,4,5,39,24,307,99,103,211,42,1,38,24,7,7,83,38,45,79,2.1842105263157894,1.0,17.57894736842105,6.0,7.184210526315789,11.710526315789474,2.026315789473684,0.05263157894736842,0.7368421052631579,0.5263157894736842,0.631578947368421
2014/15,Man United,19,14,2,3,41,15,282,104,109,223,31,1,19,6,8,5,21,22,227,75,104,230,33,4,38,20,10,8,62,37,25,70,1.631578947368421,0.9736842105263158,13.394736842105264,4.7105263157894735,5.605263157894737,11.921052631578947,1.6842105263157894,0.13157894736842105,0.7368421052631579,0.3157894736842105,0.5263157894736842
2014/15,Newcastle,19,7,5,7,26,27,268,81,130,208,33,1,19,3,4,12,14,36,199,62,92,225,33,6,38,10,9,19,40,63,-23,39,1.0526315789473684,1.6578947368421053,12.289473684210526,3.763157894736842,5.842105263157895,11.394736842105264,1.736842105263158,0.18421052631578946,0.3684210526315789,0.15789473684210525,0.2631578947368421
2014/15,QPR,19,6,5,8,23,24,308,90,95,222,36,1,19,2,1,16,19,49,225,61,84,225,39,2,38,8,6,24,42,73,-31,30,1.105263157894737,1.9210526315789473,14.026315789473685,3.973684210526316,4.7105263157894735,11.763157894736842,1.9736842105263157,0.07894736842105263,0.3157894736842105,0.10526315789473684,0.21052631578947367
2014/15,Southampton,19,11,4,4,37,13,288,98,118,232,23,2,19,7,2,10,17,20,218,72,91,236,34,1,38,18,6,14,54,33,21,60,1.4210526315789473,0.868421052631579,13.31578947368421,4.473684210526316,5.5,12.31578947368421,1.5,0.07894736842105263,0.5789473684210527,0.3684210526315789,0.47368421052631576
2014/15,Stoke,19,10,3,6,32,22,308,78,112,240,33,0,19,5,6,8,16,23,193,58,80,246,49,1,38,15,9,14,48,45,3,54,1.263157894736842,1.1842105263157894,13.18421052631579,3.5789473684210527,5.052631578947368,12.789473684210526,2.1578947368421053,0.02631578947368421,0.5263157894736842,0.2631578947368421,0.39473684210526316
2014/15,Sunderland,19,4,8,7,16,27,213,57,112,218,45,1,19,3,9,7,15,26,191,72,73,217,49,1,38,7,17,14,31,53,-22,38,0.8157894736842105,1.394736842105263,10.631578947368421,3.3947368421052633,4.868421052631579,11.447368421052632,2.473684210526316,0.05263157894736842,0.21052631578947367,0.15789473684210525,0.18421052631578946
2014/15,Swansea,19,9,5,5,27,22,233,83,83,195,25,1,19,7,3,9,19,27,189,64,68,203,23,4,38,16,8,14,46,49,-3,56,1.2105263157894737,1.2894736842105263,11.105263157894736,3.8684210526315788,3.973684210526316,10.473684210526315,1.263157894736842,0.13157894736842105,0.47368421052631576,0.3684210526315789,0.42105263157894735
2014/15,Tottenham,19,10,3,6,31,24,292,90,126,219,37,1,19,9,4,6,27,29,232,82,98,222,42,3,38,19,7,12,58,53,5,64,1.5263157894736843,1.394736842105263,13.789473684210526,4.526315789473684,5.894736842105263,11.605263157894736,2.0789473684210527,0.10526315789473684,0.5263157894736842,0.47368421052631576,0.5
2014/15,West Brom,19,7,4,8,24,26,241,76,99,197,34,1,19,4,7,8,14,25,170,54,72,226,30,2,38,11,11,16,38,51,-13,44,1.0,1.3421052631578947,10.81578947368421,3.4210526315789473,4.5,11.131578947368421,1.6842105263157894,0.07894736842105263,0.3684210526315789,0.21052631578947367,0.2894736842105263
2014/15,West Ham,19,9,4,6,25,18,276,83,129,204,33,1,19,3,7,9,19,29,209,69,112,216,31,1,38,12,11,15,44,47,-3,47,1.1578947368421053,1.236842105263158,12.763157894736842,4.0,6.342105263157895,11.052631578947368,1.6842105263157894,0.05263157894736842,0.47368421052631576,0.15789473684210525,0.3157894736842105
2015/16,Arsenal,19,12,4,3,31,11,323,115,134,170,20,1,19,8,7,4,34,25,249,95,93,180,19,3,38,20,11,7,65,36,29,71,1.7105263157894737,0.9473684210526315,15.052631578947368,5.526315789473684,5.973684210526316,9.210526315789474,1.0263157894736843,0.10526315789473684,0.631578947368421,0.42105263157894735,0.5263157894736842
2015/16,Aston Villa,19,2,5,12,14,35,216,62,94,194,35,1,19,1,3,15,13,41,162,49,73,237,40,2,38,3,8,27,27,76,-49,17,0.7105263157894737,2.0,9.947368421052632,2.9210526315789473,4.394736842105263,11.342105263157896,1.9736842105263157,0.07894736842105263,0.10526315789473684,0.05263157894736842,0.07894736842105263
2015/16,Bournemouth,19,5,5,9,23,34,243,83,129,175,25,0,19,6,4,9,22,33,220,61,92,187,27,1,38,11,9,18,45,67,-22,42,1.1842105263157894,1.763157894736842,12.18421052631579,3.789473684210526,5.815789473684211,9.526315789473685,1.368421052631579,0.02631578947368421,0.2631578947368421,0.3157894736842105,0.2894736842105263
2015/16,Chelsea,19,5,9,5,32,30,302,93,127,208,27,3,19,7,5,7,27,23,224,80,113,200,31,3,38,12,14,12,59,53,6,50,1.5526315789473684,1.394736842105263,13.842105263157896,4.552631578947368,6.315789473684211,10.736842105263158,1.5263157894736843,0.15789473684210525,0.2631578947368421,0.3684210526315789,0.3157894736842105
2015/16,Crystal Palace,19,6,3,10,19,23,255,89,126,215,32,1,19,5,6,8,20,28,211,63,93,250,28,0,38,11,9,18,39,51,-12,42,1.0263157894736843,1.3421052631578947,12.263157894736842,4.0,5.7631578947368425,12.236842105263158,1.5789473684210527,0.02631578947368421,0.3157894736842105,0.2631578947368421,0.2894736842105263
2015/16,Everton,19,6,5,8,35,30,279,94,124,146,23,1,19,5,9,5,24,25,213,81,94,169,21,4,38,11,14,13,59,55,4,47,1.5526315789473684,1.4473684210526316,12.947368421052632,4.605263157894737,5.7368421052631575,8.289473684210526,1.1578947368421053,0.13157894736842105,0.3157894736842105,0.2631578947368421,0.2894736842105263
2015/16,Leicester,19,12,6,1,35,18,276,89,91,179,17,1,19,11,6,2,33,18,247,92,106,226,31,2,38,23,12,3,68,36,32,81,1.7894736842105263,0.9473684210526315,13.763157894736842,4.7631578947368425,5.184210526315789,10.657894736842104,1.263157894736842,0.07894736842105263,0.631578947368421,0.5789473684210527,0.6052631578947368
2015/16,Liverpool,19,8,8,3,33,22,369,108,142,180,23,1,19,8,4,7,30,28,260,95,123,242,38,2,38,16,12,10,63,50,13,60,1.6578947368421053,1.3157894736842106,16.55263157894737,5.342105263157895,6.973684210526316,11.105263157894736,1.605263157894737,0.07894736842105263,0.42105263157894735,0.42105263157894735,0.42105263157894735
2015/16,Man City,19,12,2,5,47,21,347,115,155,197,25,0,19,7,7,5,24,20,265,95,102,212,36,0,38,19,9,10,71,41,30,66,1.868421052631579,1.0789473684210527,16.105263157894736,5.526315789473684,6.7631578947368425,10.763157894736842,1.605263157894737,0.0,0.631578947368421,0.3684210526315789,0.5
2015/16,Man United,19,12,5,2,27,9,248,75,117,230,29,0,19,7,4,8,22,26,182,68,111,242,36,1,38,19,9,10,49,35,14,66,1.2894736842105263,0.9210526315789473,11.31578947368421,3.763157894736842,6.0,12.421052631578947,1.7105263157894737,0.02631578947368421,0.631578947368421,0.3684210526315789,0.5
2015/16,Newcastle,19,7,7,5,32,24,228,91,77,202,37,2,19,2,3,14,12,41,170,61,81,212,21,3,38,9,10,19,44,65,-21,37,1.1578947368421053,1.7105263157894737,10.473684210526315,4.0,4.157894736842105,10.894736842105264,1.5263157894736843,0.13157894736842105,0.3684210526315789,0.10526315789473684,0.23684210526315788
2015/16,Norwich,19,6,5,8,26,30,232,68,108,201,29,0,19,3,2,14,13,37,184,58,80,216,32,3,38,9,7,22,39,67,-28,34,1.0263157894736843,1.763157894736842,10.947368421052632,3.3157894736842106,4.947368421052632,10.973684210526315,1.605263157894737,0.07894736842105263,0.3157894736842105,0.15789473684210525,0.23684210526315788
2015/16,Southampton,19,11,3,5,39,22,286,94,114,192,27,3,19,7,6,6,20,19,233,75,110,224,30,3,38,18,9,11,59,41,18,63,1.5526315789473684,1.0789473684210527,13.657894736842104,4.447368421052632,5.894736842105263,10.947368421052632,1.5,0.15789473684210525,0.5789473684210527,0.3684210526315789,0.47368421052631576
2015/16,Stoke,19,8,4,7,22,24,219,64,88,186,24,2,19,6,5,8,19,31,199,66,65,233,27,2,38,14,9,15,41,55,-14,51,1.0789473684210527,1.4473684210526316,11.0,3.4210526315789473,4.026315789473684,11.026315789473685,1.3421052631578947,0.10526315789473684,0.42105263157894735,0.3157894736842105,0.3684210526315789
2015/16,Sunderland,19,6,6,7,23,20,248,72,99,174,29,1,19,3,6,10,25,42,191,71,61,222,33,1,38,9,12,17,48,62,-14,39,1.263157894736842,1.631578947368421,11.552631578947368,3.763157894736842,4.2105263157894735,10.421052631578947,1.631578947368421,0.05263157894736842,0.3157894736842105,0.15789473684210525,0.23684210526315788
2015/16,Swansea,19,8,6,5,20,20,228,62,77,173,35,1,19,4,5,10,22,32,214,74,86,219,27,0,38,12,11,15,42,52,-10,47,1.105263157894737,1.368421052631579,11.631578947368421,3.5789473684210527,4.2894736842105265,10.31578947368421,1.631578947368421,0.02631578947368421,0.42105263157894735,0.21052631578947367,0.3157894736842105
2015/16,Tottenham,19,10,6,3,35,15,371,145,142,216,30,0,19,9,7,3,34,20,290,105,112,236,42,0,38,19,13,6,69,35,34,70,1.8157894736842106,0.9210526315789473,17.394736842105264,6.578947368421052,6.684210526315789,11.894736842105264,1.894736842105263,0.0,0.5263157894736842,0.47368421052631576,0.5
2015/16,Watford,19,6,6,7,20,19,250,74,95,210,38,2,19,6,3,10,20,31,195,62,71,250,36,1,38,12,9,17,40,50,-10,45,1.0526315789473684,1.3157894736842106,11.710526315789474,3.5789473684210527,4.368421052631579,12.105263157894736,1.9473684210526316,0.07894736842105263,0.3157894736842105,0.3157894736842105,0.3157894736842105
2015/16,West Brom,19,6,5,8,20,26,217,61,107,188,25,2,19,4,8,7,14,22,167,45,81,204,38,1,38,10,13,15,34,48,-14,43,0.8947368421052632,1.263157894736842,10.105263157894736,2.789473684210526,4.947368421052632,10.31578947368421,1.6578947368421053,0.07894736842105263,0.3157894736842105,0.21052631578947367,0.2631578947368421
2015/16,West Ham,19,9,7,3,34,26,312,105,114,186,20,3,19,7,7,5,31,25,244,79,110,195,36,2,38,16,14,8,65,51,14,62,1.7105263157894737,1.3421052631578947,14.631578947368421,4.842105263157895,5.894736842105263,10.026315789473685,1.4736842105263157,0.13157894736842105,0.47368421052631576,0.3684210526315789,0.42105263157894735
2016/17,Arsenal,19,14,3,2,39,16,329,114,132,200,34,3,19,9,3,7,38,28,236,86,95,197,33,0,38,23,6,9,77,44,33,75,2.026315789473684,1.1578947368421053,14.868421052631579,5.2631578947368425,5.973684210526316,10.447368421052632,1.763157894736842,0.07894736842105263,0.7368421052631579,0.47368421052631576,0.6052631578947368
2016/17,Bournemouth,19,9,4,6,35,29,253,91,98,173,24,1,19,3,6,10,20,38,193,69,93,193,27,2,38,12,10,16,55,67,-12,46,1.4473684210526316,1.763157894736842,11.736842105263158,4.2105263157894735,5.026315789473684,9.631578947368421,1.3421052631578947,0.07894736842105263,0.47368421052631576,0.15789473684210525,0.3157894736842105
2016/17,Burnley,19,10,3,6,26,20,210,64,79,208,35,0,19,1,4,14,13,35,180,56,70,218,30,2,38,11,7,20,39,55,-16,40,1.0263157894736843,1.4473684210526316,10.263157894736842,3.1578947368421053,3.9210526315789473,11.210526315789474,1.7105263157894737,0.05263157894736842,0.5263157894736842,0.05263157894736842,0.2894736842105263
2016/17,Chelsea,19,17,0,2,55,17,316,121,129,185,32,0,19,13,3,3,30,16,264,83,89,209,40,0,38,30,3,5,85,33,52,93,2.236842105263158,0.868421052631579,15.263157894736842,5.368421052631579,5.7368421052631575,10.368421052631579,1.894736842105263,0.0,0.8947368421052632,0.6842105263157895,0.7894736842105263
2016/17,Crystal Palace,19,6,2,11,24,25,224,74,102,230,32,0,19,6,3,10,26,38,214,64,100,239,45,0,38,12,5,21,50,63,-13,41,1.3157894736842106,1.6578947368421053,11.526315789473685,3.6315789473684212,5.315789473684211,12.342105263157896,2.026315789473684,0.0,0.3157894736842105,0.3157894736842105,0.3157894736842105
2016/17,Everton,19,13,4,2,42,16,277,112,120,215,36,1,19,4,6,9,20,28,221,80,76,244,35,1,38,17,10,11,62,44,18,61,1.631578947368421,1.1578947368421053,13.105263157894736,5.052631578947368,5.157894736842105,12.078947368421053,1.868421052631579,0.05263157894736842,0.6842105263157895,0.21052631578947367,0.4473684210526316
2016/17,Hull,19,8,4,7,28,35,208,69,73,219,32,2,19,1,3,15,9,45,188,58,106,184,35,3,38,9,7,22,37,80,-43,34,0.9736842105263158,2.1052631578947367,10.421052631578947,3.3421052631578947,4.7105263157894735,10.605263157894736,1.763157894736842,0.13157894736842105,0.42105263157894735,0.05263157894736842,0.23684210526315788
2016/17,Leicester,19,10,4,5,31,25,240,83,110,201,30,0,19,2,4,13,17,38,192,62,87,250,41,1,38,12,8,18,48,63,-15,44,1.263157894736842,1.6578947368421053,11.368421052631579,3.8157894736842106,5.184210526315789,11.868421052631579,1.868421052631579,0.02631578947368421,0.5263157894736842,0.10526315789473684,0.3157894736842105
2016/17,Liverpool,19,12,5,2,45,18,331,127,116,194,22,0,19,10,5,4,33,24,307,109,133,203,32,0,38,22,10,6,78,42,36,76,2.0526315789473686,1.105263157894737,16.789473684210527,6.2105263157894735,6.552631578947368,10.447368421052632,1.4210526315789473,0.0,0.631578947368421,0.5263157894736842,0.5789473684210527
2016/17,Man City,19,11,7,1,37,17,336,115,151,188,32,4,19,12,2,5,43,22,297,102,129,207,39,0,38,23,9,6,80,39,41,78,2.1052631578947367,1.0263157894736843,16.657894736842106,5.7105263157894735,7.368421052631579,10.394736842105264,1.868421052631579,0.10526315789473684,0.5789473684210527,0.631578947368421,0.6052631578947368
2016/17,Man United,19,8,10,1,26,12,337,118,139,249,36,1,19,10,5,4,28,17,252,92,78,248,40,1,38,18,15,5,54,29,25,69,1.4210526315789473,0.7631578947368421,15.5,5.526315789473684,5.7105263157894735,13.078947368421053,2.0,0.05263157894736842,0.42105263157894735,0.5263157894736842,0.47368421052631576
2016/17,Middlesbrough,19,4,6,9,17,23,205,59,93,210,38,0,19,1,7,11,10,30,144,41,48,268,38,1,38,5,13,20,27,53,-26,28,0.7105263157894737,1.394736842105263,9.18421052631579,2.6315789473684212,3.710526315789474,12.578947368421053,2.0,0.02631578947368421,0.21052631578947367,0.05263157894736842,0.13157894736842105
2016/17,Southampton,19,6,6,7,17,21,299,92,108,206,23,2,19,6,4,9,24,27,249,87,92,218,35,0,38,12,10,16,41,48,-7,46,1.0789473684210527,1.263157894736842,14.421052631578947,4.7105263157894735,5.2631578947368425,11.157894736842104,1.5263157894736843,0.05263157894736842,0.3157894736842105,0.3157894736842105,0.3157894736842105
2016/17,Stoke,19,7,6,6,24,24,229,79,103,222,35,2,19,4,5,10,17,32,197,58,85,212,35,0,38,11,11,16,41,56,-15,44,1.0789473684210527,1.4736842105263157,11.210526315789474,3.6052631578947367,4.947368421052632,11.421052631578947,1.8421052631578947,0.05263157894736842,0.3684210526315789,0.21052631578947367,0.2894736842105263
2016/17,Sunderland,19,3,5,11,16,34,214,66,86,221,35,2,19,3,1,15,13,35,173,55,74,216,41,2,38,6,6,26,29,69,-40,24,0.7631578947368421,1.8157894736842106,10.18421052631579,3.1842105263157894,4.2105263157894735,11.5,2.0,0.10526315789473684,0.15789473684210525,0.15789473684210525,0.15789473684210525
2016/17,Swansea,19,8,3,8,27,34,223,83,119,190,30,0,19,4,2,13,18,36,167,63,77,211,26,0,38,12,5,21,45,70,-25,41,1.1842105263157894,1.8421052631578947,10.263157894736842,3.8421052631578947,5.157894736842105,10.552631578947368,1.4736842105263157,0.0,0.42105263157894735,0.21052631578947367,0.3157894736842105
2016/17,Tottenham,19,17,2,0,47,9,373,147,148,209,27,0,19,9,6,4,39,17,296,110,125,223,35,0,38,26,8,4,86,26,60,86,2.263157894736842,0.6842105263157895,17.605263157894736,6.7631578947368425,7.184210526315789,11.368421052631579,1.631578947368421,0.0,0.8947368421052632,0.47368421052631576,0.6842105263157895
2016/17,Watford,19,8,4,7,25,29,231,77,82,273,50,2,19,3,3,13,15,39,188,67,82,244,33,3,38,11,7,20,40,68,-28,40,1.0526315789473684,1.7894736842105263,11.026315789473685,3.789473684210526,4.315789473684211,13.605263157894736,2.1842105263157894,0.13157894736842105,0.42105263157894735,0.15789473684210525,0.2894736842105263
2016/17,West Brom,19,9,2,8,27,22,220,72,80,219,33,0,19,3,7,9,16,29,180,51,78,230,47,0,38,12,9,17,43,51,-8,45,1.131578947368421,1.3421052631578947,10.526315789473685,3.236842105263158,4.157894736842105,11.81578947368421,2.1052631578947367,0.0,0.47368421052631576,0.15789473684210525,0.3157894736842105
2016/17,West Ham,19,7,4,8,19,31,270,66,90,192,47,1,19,5,5,9,28,33,226,72,82,216,30,4,38,12,9,17,47,64,-17,45,1.236842105263158,1.6842105263157894,13.052631578947368,3.6315789473684212,4.526315789473684,10.736842105263158,2.026315789473684,0.13157894736842105,0.3684210526315789,0.2631578947368421,0.3157894736842105
2017/18,Arsenal,19,15,2,2,54,20,343,147,132,186,25,1,19,4,4,11,20,31,250,87,93,197,32,1,38,19,6,13,74,51,23,63,1.9473684210526316,1.3421052631578947,15.605263157894736,6.157894736842105,5.921052631578948,10.078947368421053,1.5,0.05263157894736842,0.7894736842105263,0.21052631578947367,0.5
2017/18,Bournemouth,19,7,5,7,26,30,267,82,115,165,31,1,19,4,6,9,19,31,200,76,103,174,24,0,38,11,11,16,45,61,-16,44,1.1842105263157894,1.605263157894737,12.289473684210526,4.157894736842105,5.7368421052631575,8.921052631578947,1.4473684210526316,0.02631578947368421,0.3684210526315789,0.21052631578947367,0.2894736842105263
2017/18,Brighton,19,7,8,4,24,25,217,71,90,198,37,1,19,2,5,12,10,29,166,47,73,215,17,1,38,9,13,16,34,54,-20,40,0.8947368421052632,1.4210526315789473,10.078947368421053,3.1052631578947367,4.2894736842105265,10.868421052631579,1.4210526315789473,0.05263157894736842,0.3684210526315789,0.10526315789473684,0.23684210526315788
2017/18,Burnley,19,7,5,7,16,17,207,66,94,167,27,0,19,7,7,5,20,22,172,61,73,183,38,0,38,14,12,12,36,39,-3,54,0.9473684210526315,1.0263157894736843,9.973684210526315,3.3421052631578947,4.394736842105263,9.210526315789474,1.7105263157894737,0.0,0.3684210526315789,0.3684210526315789,0.3684210526315789
2017/18,Chelsea,19,11,4,4,30,16,356,132,148,183,19,3,19,10,3,6,32,22,250,88,82,180,22,1,38,21,7,10,62,38,24,70,1.631578947368421,1.0,15.947368421052632,5.7894736842105265,6.052631578947368,9.552631578947368,1.0789473684210527,0.10526315789473684,0.5789473684210527,0.5263157894736842,0.5526315789473685
2017/18,Crystal Palace,19,7,5,7,29,27,267,91,104,215,38,0,19,4,6,9,16,28,208,60,105,210,33,0,38,11,11,16,45,55,-10,44,1.1842105263157894,1.4473684210526316,12.5,3.973684210526316,5.5,11.18421052631579,1.868421052631579,0.0,0.3684210526315789,0.21052631578947367,0.2894736842105263
2017/18,Everton,19,10,4,5,28,22,189,60,81,234,28,1,19,3,6,10,16,36,171,62,69,225,23,2,38,13,10,15,44,58,-14,49,1.1578947368421053,1.5263157894736843,9.473684210526315,3.210526315789474,3.9473684210526314,12.078947368421053,1.3421052631578947,0.07894736842105263,0.5263157894736842,0.15789473684210525,0.34210526315789475
2017/18,Huddersfield,19,6,5,8,16,25,207,55,102,180,26,2,19,3,5,11,12,33,153,56,63,216,35,1,38,9,10,19,28,58,-30,37,0.7368421052631579,1.5263157894736843,9.473684210526315,2.9210526315789473,4.342105263157895,10.421052631578947,1.605263157894737,0.07894736842105263,0.3157894736842105,0.15789473684210525,0.23684210526315788
2017/18,Leicester,19,7,6,6,25,22,227,75,112,180,22,2,19,5,5,9,31,38,195,73,91,185,30,3,38,12,11,15,56,60,-4,47,1.4736842105263157,1.5789473684210527,11.105263157894736,3.8947368421052633,5.342105263157895,9.605263157894736,1.368421052631579,0.13157894736842105,0.3684210526315789,0.2631578947368421,0.3157894736842105
2017/18,Liverpool,19,12,7,0,45,10,359,135,134,166,18,0,19,9,5,5,39,28,281,98,96,178,26,1,38,21,12,5,84,38,46,75,2.210526315789474,1.0,16.842105263157894,6.131578947368421,6.052631578947368,9.052631578947368,1.1578947368421053,0.02631578947368421,0.631578947368421,0.47368421052631576,0.5526315789473685
2017/18,Man City,19,16,2,1,61,14,347,151,138,169,26,1,19,16,2,1,45,13,317,110,146,175,32,1,38,32,4,2,106,27,79,100,2.789473684210526,0.7105263157894737,17.473684210526315,6.868421052631579,7.473684210526316,9.052631578947368,1.5263157894736843,0.05263157894736842,0.8421052631578947,0.8421052631578947,0.8421052631578947
2017/18,Man United,19,15,2,2,38,9,275,93,117,204,29,0,19,10,4,5,30,19,238,88,103,200,35,1,38,25,6,7,68,28,40,81,1.7894736842105263,0.7368421052631579,13.5,4.7631578947368425,5.7894736842105265,10.631578947368421,1.6842105263157894,0.02631578947368421,0.7894736842105263,0.5263157894736842,0.6578947368421053
2017/18,Newcastle,19,8,4,7,21,17,224,71,83,207,23,2,19,4,4,11,18,30,225,79,84,202,29,0,38,12,8,18,39,47,-8,44,1.0263157894736843,1.236842105263158,11.81578947368421,3.9473684210526314,4.394736842105263,10.763157894736842,1.368421052631579,0.05263157894736842,0.42105263157894735,0.21052631578947367,0.3157894736842105
2017/18,Southampton,19,4,7,8,20,26,252,77,125,190,29,0,19,3,8,8,17,30,199,68,102,226,34,2,38,7,15,16,37,56,-19,36,0.9736842105263158,1.4736842105263157,11.868421052631579,3.8157894736842106,5.973684210526316,10.947368421052632,1.6578947368421053,0.05263157894736842,0.21052631578947367,0.15789473684210525,0.18421052631578946
2017/18,Stoke,19,5,5,9,20,30,203,65,80,219,30,1,19,2,7,10,15,38,179,66,56,217,32,0,38,7,12,19,35,68,-33,33,0.9210526315789473,1.7894736842105263,10.052631578947368,3.4473684210526314,3.5789473684210527,11.473684210526315,1.631578947368421,0.02631578947368421,0.2631578947368421,0.10526315789473684,0.18421052631578946
2017/18,Swansea,19,6,3,10,17,24,214,69,95,196,24,0,19,2,6,11,11,32,122,35,55,181,27,1,38,8,9,21,28,56,-28,33,0.7368421052631579,1.4736842105263157,8.842105263157896,2.736842105263158,3.9473684210526314,9.921052631578947,1.3421052631578947,0.02631578947368421,0.3157894736842105,0.10526315789473684,0.21052631578947367
2017/18,Tottenham,19,13,4,2,40,16,353,120,143,177,20,0,19,10,4,5,34,20,269,97,103,207,29,2,38,23,8,7,74,36,38,77,1.9473684210526316,0.9473684210526315,16.36842105263158,5.7105263157894735,6.473684210526316,10.105263157894736,1.2894736842105263,0.05263157894736842,0.6842105263157895,0.5263157894736842,0.6052631578947368
2017/18,Watford,19,7,6,6,27,31,236,70,96,224,41,2,19,4,2,13,17,33,204,62,88,217,22,2,38,11,8,19,44,64,-20,41,1.1578947368421053,1.6842105263157894,11.578947368421053,3.473684210526316,4.842105263157895,11.605263157894736,1.6578947368421053,0.10526315789473684,0.3684210526315789,0.21052631578947367,0.2894736842105263
2017/18,West Brom,19,3,9,7,21,29,210,65,101,230,35,0,19,3,4,12,10,27,165,49,75,210,37,1,38,6,13,19,31,56,-25,31,0.8157894736842105,1.4736842105263157,9.868421052631579,3.0,4.631578947368421,11.578947368421053,1.894736842105263,0.02631578947368421,0.15789473684210525,0.15789473684210525,0.15789473684210525
2017/18,West Ham,19,7,6,6,24,26,211,64,93,193,34,0,19,3,6,10,24,42,162,69,68,186,38,2,38,10,12,16,48,68,-20,42,1.263157894736842,1.7894736842105263,9.81578947368421,3.5,4.2368421052631575,9.973684210526315,1.894736842105263,0.05263157894736842,0.3684210526315789,0.15789473684210525,0.2631578947368421
2018/19,Arsenal,19,14,3,2,42,16,256,96,128,218,40,0,19,7,4,8,31,35,210,74,84,194,32,2,38,21,7,10,73,51,22,70,1.9210526315789473,1.3421052631578947,12.263157894736842,4.473684210526316,5.578947368421052,10.842105263157896,1.894736842105263,0.05263157894736842,0.7368421052631579,0.3684210526315789,0.5526315789473685
2018/19,Bournemouth,19,8,5,6,30,25,229,82,96,187,36,1,19,5,1,13,26,45,218,81,95,152,24,0,38,13,6,19,56,70,-14,45,1.4736842105263157,1.8421052631578947,11.763157894736842,4.2894736842105265,5.026315789473684,8.921052631578947,1.5789473684210527,0.02631578947368421,0.42105263157894735,0.2631578947368421,0.34210526315789475
2018/19,Brighton,19,6,5,8,19,28,200,53,90,221,30,2,19,3,4,12,16,32,165,55,66,242,30,2,38,9,9,20,35,60,-25,36,0.9210526315789473,1.5789473684210527,9.605263157894736,2.8421052631578947,4.105263157894737,12.18421052631579,1.5789473684210527,0.10526315789473684,0.3157894736842105,0.15789473684210525,0.23684210526315788
2018/19,Burnley,19,7,2,10,24,32,210,66,80,184,33,0,19,4,5,10,21,36,149,49,60,175,42,1,38,11,7,20,45,68,-23,40,1.1842105263157894,1.7894736842105263,9.447368421052632,3.026315789473684,3.6842105263157894,9.447368421052632,1.9736842105263157,0.02631578947368421,0.3684210526315789,0.21052631578947367,0.2894736842105263
2018/19,Cardiff,19,6,2,11,21,38,230,68,95,195,33,0,19,4,2,13,13,31,187,58,73,189,32,1,38,10,4,24,34,69,-35,34,0.8947368421052632,1.8157894736842106,10.973684210526315,3.3157894736842106,4.421052631578948,10.105263157894736,1.7105263157894737,0.02631578947368421,0.3157894736842105,0.21052631578947367,0.2631578947368421
2018/19,Chelsea,19,12,6,1,39,12,325,118,120,154,20,0,19,9,3,7,24,27,281,80,95,185,29,0,38,21,9,8,63,39,24,72,1.6578947368421053,1.0263157894736843,15.947368421052632,5.2105263157894735,5.657894736842105,8.921052631578947,1.2894736842105263,0.0,0.631578947368421,0.47368421052631576,0.5526315789473685
2018/19,Crystal Palace,19,5,5,9,19,23,294,76,130,180,25,1,19,9,2,8,32,30,197,70,75,206,33,1,38,14,7,17,51,53,-2,49,1.3421052631578947,1.394736842105263,12.921052631578947,3.8421052631578947,5.394736842105263,10.157894736842104,1.5263157894736843,0.05263157894736842,0.2631578947368421,0.47368421052631576,0.3684210526315789
2018/19,Everton,19,10,4,5,30,21,279,85,119,218,24,0,19,5,5,9,24,25,216,84,96,214,31,4,38,15,9,14,54,46,8,54,1.4210526315789473,1.2105263157894737,13.026315789473685,4.447368421052632,5.657894736842105,11.368421052631579,1.4473684210526316,0.10526315789473684,0.5263157894736842,0.2631578947368421,0.39473684210526316
2018/19,Fulham,19,6,3,10,22,36,274,86,102,199,34,1,19,1,2,16,12,45,179,63,59,224,34,1,38,7,5,26,34,81,-47,26,0.8947368421052632,2.1315789473684212,11.921052631578947,3.9210526315789473,4.2368421052631575,11.131578947368421,1.7894736842105263,0.05263157894736842,0.3157894736842105,0.05263157894736842,0.18421052631578946
2018/19,Huddersfield,19,2,3,14,10,31,203,57,85,214,27,3,19,1,4,14,12,45,197,61,77,206,28,1,38,3,7,28,22,76,-54,16,0.5789473684210527,2.0,10.526315789473685,3.1052631578947367,4.2631578947368425,11.052631578947368,1.4473684210526316,0.10526315789473684,0.10526315789473684,0.05263157894736842,0.07894736842105263
2018/19,Leicester,19,8,3,8,24,20,298,99,108,184,33,2,19,7,4,8,27,28,217,85,102,167,24,3,38,15,7,16,51,48,3,52,1.3421052631578947,1.263157894736842,13.552631578947368,4.842105263157895,5.526315789473684,9.236842105263158,1.5,0.13157894736842105,0.42105263157894735,0.3684210526315789,0.39473684210526316
2018/19,Liverpool,19,17,2,0,55,10,335,126,133,149,13,1,19,13,5,1,34,12,239,100,116,166,24,1,38,30,7,1,89,22,67,97,2.3421052631578947,0.5789473684210527,15.105263157894736,5.947368421052632,6.552631578947368,8.289473684210526,0.9736842105263158,0.05263157894736842,0.8947368421052632,0.6842105263157895,0.7894736842105263
2018/19,Man City,19,18,0,1,57,12,386,148,143,162,17,0,19,14,2,3,38,11,297,112,144,166,27,1,38,32,2,4,95,23,72,98,2.5,0.6052631578947368,17.973684210526315,6.842105263157895,7.552631578947368,8.631578947368421,1.1578947368421053,0.02631578947368421,0.9473684210526315,0.7368421052631579,0.8421052631578947
2018/19,Man United,19,10,6,3,33,25,284,126,116,213,32,1,19,9,3,7,32,29,242,99,84,220,41,3,38,19,9,10,65,54,11,66,1.7105263157894737,1.4210526315789473,13.842105263157896,5.921052631578948,5.2631578947368425,11.394736842105264,1.9210526315789473,0.10526315789473684,0.5263157894736842,0.47368421052631576,0.5
2018/19,Newcastle,19,8,1,10,24,25,266,80,112,203,25,1,19,4,8,7,18,23,178,62,69,219,32,1,38,12,9,17,42,48,-6,45,1.105263157894737,1.263157894736842,11.68421052631579,3.736842105263158,4.7631578947368425,11.105263157894736,1.5,0.05263157894736842,0.42105263157894735,0.21052631578947367,0.3157894736842105
2018/19,Southampton,19,5,8,6,27,30,258,89,101,219,39,2,19,4,4,11,18,35,222,73,92,201,32,1,38,9,12,17,45,65,-20,39,1.1842105263157894,1.7105263157894737,12.631578947368421,4.2631578947368425,5.078947368421052,11.052631578947368,1.868421052631579,0.07894736842105263,0.2631578947368421,0.21052631578947367,0.23684210526315788
2018/19,Tottenham,19,12,2,5,34,16,308,105,102,174,20,0,19,11,0,8,33,23,228,84,92,201,36,3,38,23,2,13,67,39,28,71,1.763157894736842,1.0263157894736843,14.105263157894736,4.973684210526316,5.105263157894737,9.868421052631579,1.4736842105263157,0.07894736842105263,0.631578947368421,0.5789473684210527,0.6052631578947368
2018/19,Watford,19,8,3,8,26,28,224,83,91,221,38,3,19,6,5,8,26,31,210,68,86,212,39,1,38,14,8,16,52,59,-7,50,1.368421052631579,1.5526315789473684,11.421052631578947,3.973684210526316,4.657894736842105,11.394736842105264,2.026315789473684,0.10526315789473684,0.42105263157894735,0.3157894736842105,0.3684210526315789
2018/19,West Ham,19,9,4,6,32,27,245,88,108,165,28,0,19,6,3,10,20,28,196,69,79,166,31,1,38,15,7,16,52,55,-3,52,1.368421052631579,1.4473684210526316,11.605263157894736,4.131578947368421,4.921052631578948,8.710526315789474,1.5526315789473684,0.02631578947368421,0.47368421052631576,0.3157894736842105,0.39473684210526316
2018/19,Wolves,19,10,4,5,28,21,267,85,109,198,33,0,19,6,5,8,19,25,207,66,86,211,39,1,38,16,9,13,47,46,1,57,1.236842105263158,1.2105263157894737,12.473684210526315,3.973684210526316,5.131578947368421,10.763157894736842,1.894736842105263,0.02631578947368421,0.5263157894736842,0.3157894736842105,0.42105263157894735
2019/20,Arsenal,19,10,6,3,36,24,231,91,128,221,42,2,19,4,8,7,20,24,179,60,103,200,44,3,38,14,14,10,56,48,8,56,1.4736842105263157,1.263157894736842,10.789473684210526,3.973684210526316,6.078947368421052,11.078947368421053,2.263157894736842,0.13157894736842105,0.5263157894736842,0.21052631578947367,0.3684210526315789
2019/20,Aston Villa,19,7,3,9,22,30,249,80,111,231,34,0,19,2,5,12,19,37,210,70,89,220,34,1,38,9,8,21,41,67,-26,35,1.0789473684210527,1.763157894736842,12.078947368421053,3.9473684210526314,5.2631578947368425,11.868421052631579,1.7894736842105263,0.02631578947368421,0.3684210526315789,0.10526315789473684,0.23684210526315788
2019/20,Bournemouth,19,5,6,8,22,30,199,61,102,172,36,2,19,4,1,14,18,35,190,60,92,197,37,1,38,9,7,22,40,65,-25,34,1.0526315789473684,1.7105263157894737,10.236842105263158,3.1842105263157894,5.105263157894737,9.710526315789474,1.9210526315789473,0.07894736842105263,0.2631578947368421,0.21052631578947367,0.23684210526315788
2019/20,Brighton,19,5,7,7,20,27,236,68,103,186,27,1,19,4,7,8,19,27,225,74,75,199,29,1,38,9,14,15,39,54,-15,41,1.0263157894736843,1.4210526315789473,12.131578947368421,3.736842105263158,4.684210526315789,10.131578947368421,1.4736842105263157,0.05263157894736842,0.2631578947368421,0.21052631578947367,0.23684210526315788
2019/20,Burnley,19,8,4,7,24,23,220,81,95,211,30,0,19,7,5,7,19,27,168,53,76,201,37,0,38,15,9,14,43,50,-7,54,1.131578947368421,1.3157894736842106,10.210526315789474,3.526315789473684,4.5,10.842105263157896,1.763157894736842,0.0,0.42105263157894735,0.3684210526315789,0.39473684210526316
2019/20,Chelsea,19,11,3,5,30,16,332,121,137,176,30,0,19,9,3,7,39,38,293,102,110,210,30,0,38,20,6,12,69,54,15,66,1.8157894736842106,1.4210526315789473,16.44736842105263,5.868421052631579,6.5,10.157894736842104,1.5789473684210527,0.0,0.5789473684210527,0.47368421052631576,0.5263157894736842
2019/20,Crystal Palace,19,6,5,8,15,20,231,68,111,207,34,1,19,5,5,9,16,30,145,52,66,218,27,1,38,11,10,17,31,50,-19,43,0.8157894736842105,1.3157894736842106,9.894736842105264,3.1578947368421053,4.657894736842105,11.18421052631579,1.605263157894737,0.05263157894736842,0.3157894736842105,0.2631578947368421,0.2894736842105263
2019/20,Everton,19,8,7,4,24,21,252,93,108,220,32,0,19,5,3,11,20,35,218,69,95,252,38,3,38,13,10,15,44,56,-12,49,1.1578947368421053,1.4736842105263157,12.368421052631579,4.2631578947368425,5.342105263157895,12.421052631578947,1.8421052631578947,0.07894736842105263,0.42105263157894735,0.2631578947368421,0.34210526315789475
2019/20,Leicester,19,11,4,4,35,17,262,88,118,206,19,1,19,7,4,8,32,24,275,102,104,212,22,2,38,18,8,12,67,41,26,62,1.763157894736842,1.0789473684210527,14.131578947368421,5.0,5.842105263157895,11.0,1.0789473684210527,0.07894736842105263,0.5789473684210527,0.3684210526315789,0.47368421052631576
2019/20,Liverpool,19,18,1,0,52,16,314,129,144,156,13,1,19,14,2,3,33,17,276,102,114,175,25,0,38,32,3,3,85,33,52,99,2.236842105263158,0.868421052631579,15.526315789473685,6.078947368421052,6.7894736842105265,8.710526315789474,1.0,0.02631578947368421,0.9473684210526315,0.7368421052631579,0.8421052631578947
2019/20,Man City,19,15,2,2,57,13,394,135,157,174,27,1,19,11,1,7,45,22,351,128,141,187,33,3,38,26,3,9,102,35,67,81,2.6842105263157894,0.9210526315789473,19.605263157894736,6.921052631578948,7.842105263157895,9.5,1.5789473684210527,0.10526315789473684,0.7894736842105263,0.5789473684210527,0.6842105263157895
2019/20,Man United,19,10,7,2,40,17,299,118,96,223,29,0,19,8,5,6,26,19,244,98,108,210,43,0,38,18,12,8,66,36,30,66,1.736842105263158,0.9473684210526315,14.289473684210526,5.684210526315789,5.368421052631579,11.394736842105264,1.894736842105263,0.0,0.5263157894736842,0.42105263157894735,0.47368421052631576
2019/20,Newcastle,19,6,8,5,20,21,233,77,86,187,33,1,19,5,3,11,18,37,162,54,65,183,32,2,38,11,11,16,38,58,-20,44,1.0,1.5263157894736843,10.394736842105264,3.4473684210526314,3.973684210526316,9.736842105263158,1.7105263157894737,0.07894736842105263,0.3157894736842105,0.2631578947368421,0.2894736842105263
2019/20,Norwich,19,4,3,12,19,37,217,73,91,179,29,3,19,1,3,15,7,38,191,58,71,184,38,0,38,5,6,27,26,75,-49,21,0.6842105263157895,1.9736842105263157,10.736842105263158,3.4473684210526314,4.2631578947368425,9.552631578947368,1.763157894736842,0.07894736842105263,0.21052631578947367,0.05263157894736842,0.13157894736842105
2019/20,Sheffield United,19,10,3,6,24,15,209,70,133,193,30,1,19,4,9,6,15,24,145,45,79,217,31,1,38,14,12,12,39,39,0,54,1.0263157894736843,1.0263157894736843,9.31578947368421,3.026315789473684,5.578947368421052,10.789473684210526,1.605263157894737,0.05263157894736842,0.5263157894736842,0.21052631578947367,0.3684210526315789
2019/20,Southampton,19,6,3,10,21,35,240,77,98,198,19,4,19,9,4,6,30,25,260,104,112,252,34,0,38,15,7,16,51,60,-9,52,1.3421052631578947,1.5789473684210527,13.157894736842104,4.7631578947368425,5.526315789473684,11.842105263157896,1.394736842105263,0.10526315789473684,0.3157894736842105,0.47368421052631576,0.39473684210526316
2019/20,Tottenham,19,12,3,4,36,17,246,79,110,209,39,2,19,4,8,7,25,30,199,81,90,214,43,1,38,16,11,11,61,47,14,59,1.605263157894737,1.236842105263158,11.710526315789474,4.2105263157894735,5.2631578947368425,11.131578947368421,2.1578947368421053,0.07894736842105263,0.631578947368421,0.21052631578947367,0.42105263157894735
2019/20,Watford,19,6,6,7,22,27,244,62,82,258,38,2,19,2,4,13,14,37,180,58,85,226,37,1,38,8,10,20,36,64,-28,34,0.9473684210526315,1.6842105263157894,11.157894736842104,3.1578947368421053,4.394736842105263,12.736842105263158,1.9736842105263157,0.07894736842105263,0.3157894736842105,0.10526315789473684,0.21052631578947367
2019/20,West Ham,19,6,4,9,30,33,221,89,96,186,34,0,19,4,5,10,19,29,196,74,94,201,28,1,38,10,9,19,49,62,-13,39,1.2894736842105263,1.631578947368421,10.973684210526315,4.2894736842105265,5.0,10.18421052631579,1.631578947368421,0.02631578947368421,0.3157894736842105,0.21052631578947367,0.2631578947368421
2019/20,Wolves,19,8,7,4,27,19,234,71,88,191,28,0,19,7,7,5,24,21,225,74,105,215,29,2,38,15,14,9,51,40,11,59,1.3421052631578947,1.0526315789473684,12.078947368421053,3.8157894736842106,5.078947368421052,10.68421052631579,1.5,0.05263157894736842,0.42105263157894735,0.3684210526315789,0.39473684210526316
2020/21,Arsenal,19,8,4,7,24,21,240,77,116,190,19,2,19,10,3,6,31,18,219,75,92,155,28,3,38,18,7,13,55,39,16,61,1.4473684210526316,1.0263157894736843,12.078947368421053,4.0,5.473684210526316,9.078947368421053,1.236842105263158,0.13157894736842105,0.42105263157894735,0.5263157894736842,0.47368421052631576
2020/21,Aston Villa,19,7,4,8,29,27,269,95,120,232,29,3,19,9,3,7,26,19,242,92,95,207,34,0,38,16,7,15,55,46,9,55,1.4473684210526316,1.2105263157894737,13.447368421052632,4.921052631578948,5.657894736842105,11.552631578947368,1.6578947368421053,0.07894736842105263,0.3684210526315789,0.47368421052631576,0.42105263157894735
2020/21,Brighton,19,4,9,6,22,22,295,80,124,228,32,0,19,5,5,9,18,24,192,63,95,199,13,6,38,9,14,15,40,46,-6,41,1.0526315789473684,1.2105263157894737,12.81578947368421,3.763157894736842,5.7631578947368425,11.236842105263158,1.1842105263157894,0.15789473684210525,0.21052631578947367,0.2631578947368421,0.23684210526315788
2020/21,Burnley,19,4,6,9,14,27,197,63,92,186,24,0,19,6,3,10,19,28,187,67,80,198,24,0,38,10,9,19,33,55,-22,39,0.868421052631579,1.4473684210526316,10.105263157894736,3.4210526315789473,4.526315789473684,10.105263157894736,1.263157894736842,0.0,0.21052631578947367,0.3157894736842105,0.2631578947368421
2020/21,Chelsea,19,9,6,4,31,18,283,112,116,221,21,2,19,10,4,5,27,18,275,97,111,212,27,1,38,19,10,9,58,36,22,67,1.5263157894736843,0.9473684210526315,14.68421052631579,5.5,5.973684210526316,11.394736842105264,1.263157894736842,0.07894736842105263,0.47368421052631576,0.5263157894736842,0.5
2020/21,Crystal Palace,19,6,5,8,20,32,162,60,74,206,27,0,19,6,3,10,21,34,187,71,77,203,27,2,38,12,8,18,41,66,-25,44,1.0789473684210527,1.736842105263158,9.18421052631579,3.4473684210526314,3.973684210526316,10.763157894736842,1.4210526315789473,0.05263157894736842,0.3157894736842105,0.3157894736842105,0.3157894736842105
2020/21,Everton,19,6,4,9,24,28,218,76,98,194,25,1,19,11,4,4,23,20,182,72,69,192,33,1,38,17,8,13,47,48,-1,59,1.236842105263158,1.263157894736842,10.526315789473685,3.8947368421052633,4.394736842105263,10.157894736842104,1.5263157894736843,0.05263157894736842,0.3157894736842105,0.5789473684210527,0.4473684210526316
2020/21,Fulham,19,2,4,13,9,28,234,63,89,237,36,2,19,3,9,7,18,25,208,73,75,247,30,1,38,5,13,20,27,53,-26,28,0.7105263157894737,1.394736842105263,11.631578947368421,3.5789473684210527,4.315789473684211,12.736842105263158,1.736842105263158,0.07894736842105263,0.10526315789473684,0.15789473684210525,0.13157894736842105
2020/21,Leeds,19,8,5,6,28,21,265,107,118,227,33,0,19,10,0,9,34,33,257,92,113,200,28,1,38,18,5,15,62,54,8,59,1.631578947368421,1.4210526315789473,13.736842105263158,5.2368421052631575,6.078947368421052,11.236842105263158,1.605263157894737,0.02631578947368421,0.42105263157894735,0.5263157894736842,0.47368421052631576
2020/21,Leicester,19,9,1,9,34,30,244,94,112,220,24,0,19,11,5,3,34,20,240,91,102,196,36,0,38,20,6,12,68,50,18,66,1.7894736842105263,1.3157894736842106,12.736842105263158,4.868421052631579,5.631578947368421,10.947368421052632,1.5789473684210527,0.0,0.47368421052631576,0.5789473684210527,0.5263157894736842
2020/21,Liverpool,19,10,3,6,29,20,317,109,140,204,21,0,19,10,6,3,39,22,291,105,120,192,19,0,38,20,9,9,68,42,26,69,1.7894736842105263,1.105263157894737,16.0,5.631578947368421,6.842105263157895,10.421052631578947,1.0526315789473684,0.0,0.5263157894736842,0.5263157894736842,0.5263157894736842
2020/21,Man City,19,13,2,4,43,17,328,120,141,182,22,0,19,14,3,2,40,15,276,99,106,179,24,2,38,27,5,6,83,32,51,86,2.1842105263157894,0.8421052631578947,15.894736842105264,5.7631578947368425,6.5,9.5,1.2105263157894737,0.05263157894736842,0.6842105263157895,0.7368421052631579,0.7105263157894737
2020/21,Man United,19,9,4,6,38,28,275,107,113,219,36,1,19,12,7,0,35,16,246,105,84,233,28,0,38,21,11,6,73,44,29,74,1.9210526315789473,1.1578947368421053,13.710526315789474,5.578947368421052,5.184210526315789,11.894736842105264,1.6842105263157894,0.02631578947368421,0.47368421052631576,0.631578947368421,0.5526315789473685
2020/21,Newcastle,19,6,5,8,26,33,232,79,81,199,32,2,19,6,4,9,20,29,165,63,80,189,29,1,38,12,9,17,46,62,-16,45,1.2105263157894737,1.631578947368421,10.447368421052632,3.736842105263158,4.2368421052631575,10.210526315789474,1.605263157894737,0.07894736842105263,0.3157894736842105,0.3157894736842105,0.3157894736842105
2020/21,Sheffield United,19,5,1,13,12,27,185,59,91,226,32,1,19,2,1,16,8,36,140,40,80,233,41,2,38,7,2,29,20,63,-43,23,0.5263157894736842,1.6578947368421053,8.552631578947368,2.6052631578947367,4.5,12.078947368421053,1.9210526315789473,0.07894736842105263,0.2631578947368421,0.10526315789473684,0.18421052631578946
2020/21,Southampton,19,8,3,8,28,25,228,94,94,221,23,1,19,4,4,11,19,43,195,72,84,205,29,2,38,12,7,19,47,68,-21,43,1.236842105263158,1.7894736842105263,11.131578947368421,4.368421052631579,4.684210526315789,11.210526315789474,1.368421052631579,0.07894736842105263,0.42105263157894735,0.21052631578947367,0.3157894736842105
2020/21,Tottenham,19,10,3,6,35,20,234,103,86,239,24,1,19,8,5,6,33,25,210,73,82,200,29,1,38,18,8,12,68,45,23,62,1.7894736842105263,1.1842105263157894,11.68421052631579,4.631578947368421,4.421052631578948,11.552631578947368,1.394736842105263,0.05263157894736842,0.5263157894736842,0.42105263157894735,0.47368421052631576
2020/21,West Brom,19,3,6,10,15,39,174,59,100,205,26,2,19,2,5,12,20,37,166,53,45,199,25,2,38,5,11,22,35,76,-41,26,0.9210526315789473,2.0,8.947368421052632,2.9473684210526314,3.8157894736842106,10.631578947368421,1.3421052631578947,0.10526315789473684,0.15789473684210525,0.10526315789473684,0.13157894736842105
2020/21,West Ham,19,10,4,5,32,22,220,81,87,197,24,1,19,9,4,6,30,25,248,84,81,177,24,2,38,19,8,11,62,47,15,65,1.631578947368421,1.236842105263158,12.31578947368421,4.342105263157895,4.421052631578948,9.842105263157896,1.263157894736842,0.07894736842105263,0.5263157894736842,0.47368421052631576,0.5
2020/21,Wolves,19,7,4,8,21,25,270,89,120,232,31,0,19,5,5,9,15,27,192,65,89,193,22,0,38,12,9,17,36,52,-16,45,0.9473684210526315,1.368421052631579,12.157894736842104,4.052631578947368,5.5,11.18421052631579,1.394736842105263,0.0,0.3684210526315789,0.2631578947368421,0.3157894736842105
2021/22,Arsenal,19,13,2,4,35,17,347,116,127,179,31,1,19,9,1,9,26,31,241,81,82,184,29,3,38,22,3,13,61,48,13,69,1.605263157894737,1.263157894736842,15.473684210526315,5.184210526315789,5.5,9.552631578947368,1.5789473684210527,0.10526315789473684,0.6842105263157895,0.47368421052631576,0.5789473684210527
2021/22,Aston Villa,19,6,5,8,29,29,235,86,90,190,31,2,19,7,1,11,23,25,219,76,106,211,46,0,38,13,6,19,52,54,-2,45,1.368421052631579,1.4210526315789473,11.947368421052632,4.2631578947368425,5.157894736842105,10.552631578947368,2.026315789473684,0.05263157894736842,0.3157894736842105,0.3684210526315789,0.34210526315789475
2021/22,Brentford,19,7,3,9,22,21,233,77,88,187,29,2,19,6,4,9,26,35,209,77,71,184,32,1,38,13,7,18,48,56,-8,46,1.263157894736842,1.4736842105263157,11.631578947368421,4.052631578947368,4.184210526315789,9.763157894736842,1.605263157894737,0.07894736842105263,0.3684210526315789,0.3157894736842105,0.34210526315789475
2021/22,Brighton,19,5,7,7,19,23,280,67,118,208,32,1,19,7,8,4,23,21,210,85,84,185,39,1,38,12,15,11,42,44,-2,51,1.105263157894737,1.1578947368421053,12.894736842105264,4.0,5.315789473684211,10.342105263157896,1.868421052631579,0.05263157894736842,0.2631578947368421,0.3684210526315789,0.3157894736842105
2021/22,Burnley,19,5,6,8,18,25,229,73,102,201,34,0,19,2,8,9,16,28,178,52,82,193,34,2,38,7,14,17,34,53,-19,35,0.8947368421052632,1.394736842105263,10.710526315789474,3.289473684210526,4.842105263157895,10.368421052631579,1.7894736842105263,0.05263157894736842,0.2631578947368421,0.10526315789473684,0.18421052631578946
2021/22,Chelsea,19,9,7,3,37,22,326,115,138,213,32,0,19,12,4,3,39,11,266,96,104,196,31,1,38,21,11,6,76,33,43,74,2.0,0.868421052631579,15.578947368421053,5.552631578947368,6.368421052631579,10.763157894736842,1.6578947368421053,0.02631578947368421,0.47368421052631576,0.631578947368421,0.5526315789473685
2021/22,Crystal Palace,19,7,8,4,27,17,231,81,91,210,34,0,19,4,7,8,23,29,181,66,85,205,33,1,38,11,15,12,50,46,4,48,1.3157894736842106,1.2105263157894737,10.842105263157896,3.8684210526315788,4.631578947368421,10.921052631578947,1.763157894736842,0.02631578947368421,0.3684210526315789,0.21052631578947367,0.2894736842105263
2021/22,Everton,19,9,2,8,27,25,227,76,93,167,41,5,19,2,4,13,16,41,211,62,68,201,35,1,38,11,6,21,43,66,-23,39,1.131578947368421,1.736842105263158,11.526315789473685,3.6315789473684212,4.2368421052631575,9.68421052631579,2.0,0.15789473684210525,0.47368421052631576,0.10526315789473684,0.2894736842105263
2021/22,Leeds,19,4,6,9,19,38,264,75,96,236,53,2,19,5,5,9,23,41,221,79,75,233,47,1,38,9,11,18,42,79,-37,38,1.105263157894737,2.0789473684210527,12.763157894736842,4.052631578947368,4.5,12.342105263157896,2.6315789473684212,0.07894736842105263,0.21052631578947367,0.2631578947368421,0.23684210526315788
2021/22,Leicester,19,10,4,5,34,23,237,94,93,168,22,0,19,4,6,9,28,36,198,75,92,188,32,1,38,14,10,14,62,59,3,52,1.631578947368421,1.5526315789473684,11.447368421052632,4.447368421052632,4.868421052631579,9.368421052631579,1.4210526315789473,0.02631578947368421,0.5263157894736842,0.21052631578947367,0.3684210526315789
2021/22,Liverpool,19,15,4,0,49,9,404,136,152,172,23,0,19,13,4,2,45,17,326,120,133,191,27,1,38,28,8,2,94,26,68,92,2.473684210526316,0.6842105263157895,19.210526315789473,6.7368421052631575,7.5,9.552631578947368,1.3157894736842106,0.02631578947368421,0.7894736842105263,0.6842105263157895,0.7368421052631579
2021/22,Man City,19,15,2,2,58,15,361,133,170,159,16,1,19,14,4,1,41,11,354,121,147,161,26,0,38,29,6,3,99,26,73,93,2.6052631578947367,0.6842105263157895,18.81578947368421,6.684210526315789,8.342105263157896,8.421052631578947,1.105263157894737,0.02631578947368421,0.7894736842105263,0.7368421052631579,0.7631578947368421
2021/22,Man United,19,10,5,4,32,22,279,100,95,169,31,1,19,6,5,8,25,35,229,87,104,226,44,1,38,16,10,12,57,57,0,58,1.5,1.5,13.368421052631579,4.921052631578948,5.2368421052631575,10.394736842105264,1.9736842105263157,0.05263157894736842,0.5263157894736842,0.3157894736842105,0.42105263157894735
2021/22,Newcastle,19,8,6,5,26,27,239,77,77,209,34,1,19,5,4,10,18,35,209,71,83,182,45,0,38,13,10,15,44,62,-18,49,1.1578947368421053,1.631578947368421,11.789473684210526,3.8947368421052633,4.2105263157894735,10.289473684210526,2.0789473684210527,0.02631578947368421,0.42105263157894735,0.2631578947368421,0.34210526315789475
2021/22,Norwich,19,3,3,13,12,43,203,63,100,185,29,0,19,2,4,13,11,41,171,46,65,171,26,2,38,5,7,26,23,84,-61,22,0.6052631578947368,2.210526315789474,9.842105263157896,2.8684210526315788,4.342105263157895,9.368421052631579,1.4473684210526316,0.05263157894736842,0.15789473684210525,0.10526315789473684,0.13157894736842105
2021/22,Southampton,19,6,7,6,23,24,236,87,115,206,31,1,19,3,6,10,20,43,246,83,119,196,32,1,38,9,13,16,43,67,-24,40,1.131578947368421,1.763157894736842,12.68421052631579,4.473684210526316,6.157894736842105,10.578947368421053,1.6578947368421053,0.05263157894736842,0.3157894736842105,0.15789473684210525,0.23684210526315788
2021/22,Tottenham,19,13,1,5,38,19,260,97,106,208,34,0,19,9,4,6,31,21,231,101,89,178,33,1,38,22,5,11,69,40,29,71,1.8157894736842106,1.0526315789473684,12.921052631578947,5.2105263157894735,5.131578947368421,10.157894736842104,1.763157894736842,0.02631578947368421,0.6842105263157895,0.47368421052631576,0.5789473684210527
2021/22,Watford,19,2,2,15,17,46,216,69,84,215,33,1,19,4,3,12,17,31,180,58,78,225,24,2,38,6,5,27,34,77,-43,23,0.8947368421052632,2.026315789473684,10.421052631578947,3.3421052631578947,4.2631578947368425,11.578947368421053,1.5,0.07894736842105263,0.10526315789473684,0.21052631578947367,0.15789473684210525
2021/22,West Ham,19,9,5,5,33,26,232,85,106,162,27,0,19,7,3,9,27,25,201,73,85,162,20,3,38,16,8,14,60,51,9,56,1.5789473684210527,1.3421052631578947,11.394736842105264,4.157894736842105,5.026315789473684,8.526315789473685,1.236842105263158,0.07894736842105263,0.47368421052631576,0.3684210526315789,0.42105263157894735
2021/22,Wolves,19,7,3,9,20,25,223,71,88,177,31,1,19,8,3,8,18,18,179,65,80,188,28,1,38,15,6,17,38,43,-5,51,1.0,1.131578947368421,10.578947368421053,3.5789473684210527,4.421052631578948,9.605263157894736,1.5526315789473684,0.05263157894736842,0.3684210526315789,0.42105263157894735,0.39473684210526316
2022/23,Arsenal,19,14,3,2,53,25,354,123,133,183,17,0,19,12,3,4,35,18,239,81,90,190,34,0,38,26,6,6,88,43,45,84,2.3157894736842106,1.131578947368421,15.605263157894736,5.368421052631579,5.868421052631579,9.81578947368421,1.3421052631578947,0.0,0.7368421052631579,0.631578947368421,0.6842105263157895
2022/23,Aston Villa,19,12,2,5,33,21,226,88,91,191,37,0,19,6,5,8,18,25,205,63,74,226,43,1,38,18,7,13,51,46,5,61,1.3421052631578947,1.2105263157894737,11.342105263157896,3.973684210526316,4.342105263157895,10.973684210526315,2.1052631578947367,0.02631578947368421,0.631578947368421,0.3157894736842105,0.47368421052631576
2022/23,Bournemouth,19,6,4,9,20,28,198,72,82,203,30,0,19,5,2,12,17,43,157,61,62,188,38,0,38,11,6,21,37,71,-34,39,0.9736842105263158,1.868421052631579,9.342105263157896,3.5,3.789473684210526,10.289473684210526,1.7894736842105263,0.0,0.3157894736842105,0.2631578947368421,0.2894736842105263
2022/23,Brentford,19,10,7,2,35,18,227,99,93,169,28,1,19,5,7,7,23,28,170,63,70,185,27,0,38,15,14,9,58,46,12,59,1.5263157894736843,1.2105263157894737,10.447368421052632,4.2631578947368425,4.2894736842105265,9.31578947368421,1.4473684210526316,0.02631578947368421,0.5263157894736842,0.2631578947368421,0.39473684210526316
2022/23,Brighton,19,10,4,5,37,21,351,134,143,208,32,0,19,8,4,7,35,32,261,97,90,218,27,0,38,18,8,12,72,53,19,62,1.894736842105263,1.394736842105263,16.105263157894736,6.078947368421052,6.131578947368421,11.210526315789474,1.5526315789473684,0.0,0.5263157894736842,0.42105263157894735,0.47368421052631576
2022/23,Chelsea,19,6,7,6,20,19,260,77,117,196,38,1,19,5,4,10,18,28,224,81,92,201,39,2,38,11,11,16,38,47,-9,44,1.0,1.236842105263158,12.736842105263158,4.157894736842105,5.5,10.447368421052632,2.026315789473684,0.07894736842105263,0.3157894736842105,0.2631578947368421,0.2894736842105263
2022/23,Crystal Palace,19,7,7,5,21,23,233,67,100,218,33,2,19,4,5,10,19,26,192,69,86,228,45,1,38,11,12,15,40,49,-9,45,1.0526315789473684,1.2894736842105263,11.18421052631579,3.5789473684210527,4.894736842105263,11.736842105263158,2.0526315789473686,0.07894736842105263,0.3684210526315789,0.21052631578947367,0.2894736842105263
2022/23,Everton,19,6,3,10,16,27,232,89,101,186,37,1,19,2,9,8,18,30,197,63,74,210,42,1,38,8,12,18,34,57,-23,36,0.8947368421052632,1.5,11.289473684210526,4.0,4.605263157894737,10.421052631578947,2.0789473684210527,0.05263157894736842,0.3157894736842105,0.10526315789473684,0.21052631578947367
2022/23,Fulham,19,8,5,6,31,29,239,81,106,193,27,1,19,7,2,10,24,24,190,68,79,218,53,0,38,15,7,16,55,53,2,52,1.4473684210526316,1.394736842105263,11.289473684210526,3.9210526315789473,4.868421052631579,10.81578947368421,2.1052631578947367,0.02631578947368421,0.42105263157894735,0.3684210526315789,0.39473684210526316
2022/23,Leeds,19,5,7,7,26,37,255,80,111,234,38,2,19,2,3,14,22,41,210,65,90,222,46,1,38,7,10,21,48,78,-30,31,1.263157894736842,2.0526315789473686,12.236842105263158,3.8157894736842106,5.2894736842105265,12.0,2.210526315789474,0.07894736842105263,0.2631578947368421,0.10526315789473684,0.18421052631578946
2022/23,Leicester,19,5,4,10,23,27,211,80,67,209,27,2,19,4,3,12,28,41,206,72,68,202,31,0,38,9,7,22,51,68,-17,34,1.3421052631578947,1.7894736842105263,10.973684210526315,4.0,3.5526315789473686,10.81578947368421,1.5263157894736843,0.05263157894736842,0.2631578947368421,0.21052631578947367,0.23684210526315788
2022/23,Liverpool,19,13,5,1,46,17,328,112,130,202,28,1,19,6,5,8,29,30,277,100,106,203,29,0,38,19,10,9,75,47,28,67,1.9736842105263157,1.236842105263158,15.921052631578947,5.578947368421052,6.2105263157894735,10.657894736842104,1.5,0.02631578947368421,0.6842105263157895,0.3157894736842105,0.5
2022/23,Man City,19,17,1,1,60,17,317,118,138,172,19,1,19,11,4,4,34,16,286,101,102,175,24,0,38,28,5,5,94,33,61,89,2.473684210526316,0.868421052631579,15.868421052631579,5.7631578947368425,6.315789473684211,9.131578947368421,1.131578947368421,0.02631578947368421,0.8947368421052632,0.5789473684210527,0.7368421052631579
2022/23,Man United,19,15,3,1,36,10,342,118,113,210,35,1,19,8,3,8,22,33,250,96,82,213,43,0,38,23,6,9,58,43,15,75,1.5263157894736843,1.131578947368421,15.578947368421053,5.631578947368421,5.131578947368421,11.131578947368421,2.0526315789473686,0.02631578947368421,0.7894736842105263,0.42105263157894735,0.6052631578947368
2022/23,Newcastle,19,11,6,2,36,14,343,110,155,208,29,1,19,8,8,3,32,19,228,87,115,198,28,0,38,19,14,5,68,33,35,71,1.7894736842105263,0.868421052631579,15.026315789473685,5.184210526315789,7.105263157894737,10.68421052631579,1.5,0.02631578947368421,0.5789473684210527,0.42105263157894735,0.5
2022/23,Nott'm Forest,19,8,6,5,27,24,194,70,50,228,49,0,19,1,5,13,11,44,174,48,78,217,35,0,38,9,11,18,38,68,-30,38,1.0,1.7894736842105263,9.68421052631579,3.1052631578947367,3.3684210526315788,11.710526315789474,2.210526315789474,0.0,0.42105263157894735,0.05263157894736842,0.23684210526315788
2022/23,Southampton,19,2,5,12,19,37,228,80,88,200,26,0,19,4,2,13,17,36,189,62,69,230,47,0,38,6,7,25,36,73,-37,25,0.9473684210526315,1.9210526315789473,10.973684210526315,3.736842105263158,4.131578947368421,11.31578947368421,1.9210526315789473,0.0,0.10526315789473684,0.21052631578947367,0.15789473684210525
2022/23,Tottenham,19,12,1,6,37,25,289,115,117,227,41,1,19,6,5,8,33,38,231,85,86,196,34,2,38,18,6,14,70,63,7,60,1.8421052631578947,1.6578947368421053,13.68421052631579,5.2631578947368425,5.342105263157895,11.131578947368421,1.9736842105263157,0.07894736842105263,0.631578947368421,0.3157894736842105,0.47368421052631576
2022/23,West Ham,19,8,4,7,26,24,263,77,106,164,19,0,19,3,3,13,16,31,211,68,101,197,25,0,38,11,7,20,42,55,-13,40,1.105263157894737,1.4473684210526316,12.473684210526315,3.8157894736842106,5.447368421052632,9.5,1.1578947368421053,0.0,0.42105263157894735,0.15789473684210525,0.2894736842105263
2022/23,Wolves,19,9,3,7,19,20,212,75,101,226,45,3,19,2,5,12,12,38,201,50,85,237,38,2,38,11,8,19,31,58,-27,41,0.8157894736842105,1.5263157894736843,10.868421052631579,3.289473684210526,4.894736842105263,12.18421052631579,2.1842105263157894,0.13157894736842105,0.47368421052631576,0.10526315789473684,0.2894736842105263
2023/24,Arsenal,19,15,2,2,48,16,360,127,129,195,34,1,19,13,3,3,43,13,297,100,127,196,28,1,38,28,5,5,91,29,62,89,2.3947368421052633,0.7631578947368421,17.289473684210527,5.973684210526316,6.7368421052631575,10.289473684210526,1.631578947368421,0.05263157894736842,0.7894736842105263,0.6842105263157895,0.7368421052631579
2023/24,Aston Villa,19,12,4,3,48,28,280,105,114,212,48,1,19,8,4,7,28,33,234,85,119,201,46,1,38,20,8,10,76,61,15,68,2.0,1.605263157894737,13.526315789473685,5.0,6.131578947368421,10.868421052631579,2.473684210526316,0.05263157894736842,0.631578947368421,0.42105263157894735,0.5263157894736842
2023/24,Bournemouth,19,7,6,6,27,28,275,98,134,253,36,2,19,6,3,10,27,39,267,87,102,253,44,1,38,13,9,16,54,67,-13,48,1.4210526315789473,1.763157894736842,14.263157894736842,4.868421052631579,6.2105263157894735,13.31578947368421,2.1052631578947367,0.07894736842105263,0.3684210526315789,0.3157894736842105,0.34210526315789475
2023/24,Brentford,19,5,7,7,29,34,260,85,92,173,37,1,19,5,2,12,27,31,213,87,93,211,51,1,38,10,9,19,56,65,-9,39,1.4736842105263157,1.7105263157894737,12.447368421052632,4.526315789473684,4.868421052631579,10.105263157894736,2.3157894736842106,0.05263157894736842,0.2631578947368421,0.2631578947368421,0.2631578947368421
2023/24,Brighton,19,8,6,5,30,27,303,113,134,218,36,2,19,4,6,9,25,35,259,95,72,196,53,1,38,12,12,14,55,62,-7,48,1.4473684210526316,1.631578947368421,14.789473684210526,5.473684210526316,5.421052631578948,10.894736842105264,2.3421052631578947,0.07894736842105263,0.42105263157894735,0.21052631578947367,0.3157894736842105
2023/24,Burnley,19,2,4,13,19,43,254,73,106,198,27,1,19,3,5,11,22,35,179,69,75,229,44,6,38,5,9,24,41,78,-37,24,1.0789473684210527,2.0526315789473686,11.394736842105264,3.736842105263158,4.7631578947368425,11.236842105263158,1.868421052631579,0.18421052631578946,0.10526315789473684,0.15789473684210525,0.13157894736842105
2023/24,Chelsea,19,11,4,4,44,26,313,124,116,201,46,1,19,7,5,7,33,37,235,91,87,244,58,2,38,18,9,11,77,63,14,63,2.026315789473684,1.6578947368421053,14.421052631578947,5.657894736842105,5.342105263157895,11.710526315789474,2.736842105263158,0.07894736842105263,0.5789473684210527,0.3684210526315789,0.47368421052631576
2023/24,Crystal Palace,19,8,4,7,37,26,258,96,103,228,37,1,19,5,6,8,20,32,198,73,75,228,32,1,38,13,10,15,57,58,-1,49,1.5,1.5263157894736843,12.0,4.447368421052632,4.684210526315789,12.0,1.8157894736842106,0.05263157894736842,0.42105263157894735,0.2631578947368421,0.34210526315789475
2023/24,Everton,19,8,4,7,22,18,294,95,97,210,33,0,19,5,5,9,18,33,213,67,88,247,46,1,38,13,9,16,40,51,-11,48,1.0526315789473684,1.3421052631578947,13.342105263157896,4.2631578947368425,4.868421052631579,12.026315789473685,2.0789473684210527,0.02631578947368421,0.42105263157894735,0.2631578947368421,0.34210526315789475
2023/24,Fulham,19,9,2,8,31,24,256,85,112,180,36,2,19,4,6,9,24,37,244,93,100,204,41,2,38,13,8,17,55,61,-6,47,1.4473684210526316,1.605263157894737,13.157894736842104,4.684210526315789,5.578947368421052,10.105263157894736,2.026315789473684,0.10526315789473684,0.47368421052631576,0.21052631578947367,0.34210526315789475
2023/24,Liverpool,19,15,3,1,49,17,478,175,163,228,26,1,19,9,7,3,37,24,312,102,124,234,39,4,38,24,10,4,86,41,45,82,2.263157894736842,1.0789473684210527,20.789473684210527,7.2894736842105265,7.552631578947368,12.157894736842104,1.7105263157894737,0.13157894736842105,0.7894736842105263,0.47368421052631576,0.631578947368421
2023/24,Luton,19,4,4,11,28,37,264,84,126,221,37,0,19,2,4,13,24,48,167,57,78,222,34,0,38,6,8,24,52,85,-33,26,1.368421052631579,2.236842105263158,11.342105263157896,3.710526315789474,5.368421052631579,11.657894736842104,1.868421052631579,0.0,0.21052631578947367,0.10526315789473684,0.15789473684210525
2023/24,Man City,19,14,5,0,51,16,364,129,155,148,22,2,19,14,2,3,45,18,326,149,127,139,29,0,38,28,7,3,96,34,62,91,2.526315789473684,0.8947368421052632,18.157894736842106,7.315789473684211,7.421052631578948,7.552631578947368,1.3421052631578947,0.05263157894736842,0.7368421052631579,0.7368421052631579,0.7368421052631579
2023/24,Man United,19,10,3,6,31,28,319,116,149,183,37,0,19,8,3,8,26,30,231,77,77,215,43,1,38,18,6,14,57,58,-1,60,1.5,1.5263157894736843,14.473684210526315,5.078947368421052,5.947368421052632,10.473684210526315,2.1052631578947367,0.02631578947368421,0.5263157894736842,0.42105263157894735,0.47368421052631576
2023/24,Newcastle,19,12,4,3,49,22,330,123,112,187,32,1,19,6,2,11,36,40,221,90,81,198,44,0,38,18,6,14,85,62,23,60,2.236842105263158,1.631578947368421,14.5,5.605263157894737,5.078947368421052,10.131578947368421,2.0,0.02631578947368421,0.631578947368421,0.3157894736842105,0.47368421052631576
2023/24,Nott'm Forest,19,5,5,9,27,30,254,75,82,204,28,2,19,4,4,11,22,37,197,73,66,224,47,1,38,9,9,20,49,67,-18,36,1.2894736842105263,1.763157894736842,11.868421052631579,3.8947368421052633,3.8947368421052633,11.263157894736842,1.9736842105263157,0.07894736842105263,0.2631578947368421,0.21052631578947367,0.23684210526315788
2023/24,Sheffield United,19,2,4,13,19,57,206,72,78,209,48,3,19,1,3,15,16,47,162,57,64,214,45,2,38,3,7,28,35,104,-69,16,0.9210526315789473,2.736842105263158,9.68421052631579,3.3947368421052633,3.736842105263158,11.131578947368421,2.4473684210526314,0.13157894736842105,0.10526315789473684,0.05263157894736842,0.07894736842105263
2023/24,Tottenham,19,13,0,6,38,27,324,121,137,207,40,2,19,7,6,6,36,34,258,93,98,218,48,2,38,20,6,12,74,61,13,66,1.9473684210526316,1.605263157894737,15.31578947368421,5.631578947368421,6.184210526315789,11.18421052631579,2.3157894736842106,0.10526315789473684,0.6842105263157895,0.3684210526315789,0.5263157894736842
2023/24,West Ham,19,7,8,4,31,28,238,86,89,193,37,1,19,7,2,10,29,46,212,64,79,197,39,2,38,14,10,14,60,74,-14,52,1.5789473684210527,1.9473684210526316,11.842105263157896,3.9473684210526314,4.421052631578948,10.263157894736842,2.0,0.07894736842105263,0.3684210526315789,0.3684210526315789,0.3684210526315789
2023/24,Wolves,19,8,3,8,26,30,223,84,99,235,49,2,19,5,4,10,24,35,204,75,59,242,49,2,38,13,7,18,50,65,-15,46,1.3157894736842106,1.7105263157894737,11.236842105263158,4.184210526315789,4.157894736842105,12.552631578947368,2.5789473684210527,0.10526315789473684,0.42105263157894735,0.2631578947368421,0.34210526315789475
2024/25,Arsenal,18,10,6,2,34,17,294,101,131,177,28,2,17,8,7,2,30,14,203,68,101,196,32,3,35,18,13,4,64,31,33,67,1.8285714285714285,0.8857142857142857,14.2,4.828571428571428,6.628571428571429,10.657142857142857,1.7142857142857142,0.14285714285714285,0.5555555555555556,0.47058823529411764,0.5142857142857142
2024/25,Aston Villa,18,10,7,1,32,20,275,99,133,190,31,0,17,7,2,8,23,29,179,60,87,189,35,2,35,17,9,9,55,49,6,60,1.5714285714285714,1.4,12.971428571428572,4.542857142857143,6.285714285714286,10.82857142857143,1.8857142857142857,0.05714285714285714,0.5555555555555556,0.4117647058823529,0.4857142857142857
2024/25,Bournemouth,17,7,4,6,21,15,279,93,104,229,39,2,18,7,7,4,34,27,263,96,108,234,51,0,35,14,11,10,55,42,13,53,1.5714285714285714,1.2,15.485714285714286,5.4,6.057142857142857,13.228571428571428,2.5714285714285716,0.05714285714285714,0.4117647058823529,0.3888888888888889,0.4
2024/25,Brentford,18,9,4,5,38,32,235,99,93,130,27,0,17,6,3,8,24,21,167,67,68,156,26,1,35,15,7,13,62,53,9,52,1.7714285714285714,1.5142857142857142,11.485714285714286,4.742857142857143,4.6,8.17142857142857,1.5142857142857142,0.02857142857142857,0.5,0.35294117647058826,0.42857142857142855
2024/25,Brighton,18,7,8,3,27,24,265,85,88,212,33,0,17,6,5,6,30,32,213,84,83,197,36,3,35,13,13,9,57,56,1,52,1.6285714285714286,1.6,13.657142857142857,4.828571428571428,4.885714285714286,11.685714285714285,1.9714285714285715,0.08571428571428572,0.3888888888888889,0.35294117647058826,0.37142857142857144
2024/25,Chelsea,18,11,5,2,34,18,327,124,116,205,47,1,17,7,4,6,28,23,241,86,101,197,46,0,35,18,9,8,62,41,21,63,1.7714285714285714,1.1714285714285715,16.228571428571428,6.0,6.2,11.485714285714286,2.657142857142857,0.02857142857142857,0.6111111111111112,0.4117647058823529,0.5142857142857142
2024/25,Crystal Palace,18,5,7,6,20,24,258,82,87,190,36,4,17,6,6,5,24,24,213,79,77,193,37,0,35,11,13,11,44,48,-4,46,1.2571428571428571,1.3714285714285714,13.457142857142857,4.6,4.685714285714286,10.942857142857143,2.085714285714286,0.11428571428571428,0.2777777777777778,0.35294117647058826,0.3142857142857143
2024/25,Everton,18,4,9,5,24,23,199,73,77,205,39,2,17,4,6,7,12,20,168,53,67,201,36,0,35,8,15,12,36,43,-7,39,1.0285714285714285,1.2285714285714286,10.485714285714286,3.6,4.114285714285714,11.6,2.142857142857143,0.05714285714285714,0.2222222222222222,0.23529411764705882,0.22857142857142856
2024/25,Fulham,17,7,5,5,26,25,231,84,95,178,32,1,18,7,4,7,24,22,243,73,101,220,43,1,35,14,9,12,50,47,3,51,1.4285714285714286,1.3428571428571427,13.542857142857143,4.485714285714286,5.6,11.371428571428572,2.142857142857143,0.05714285714285714,0.4117647058823529,0.3888888888888889,0.4
2024/25,Ipswich,17,1,4,12,13,40,183,60,69,178,31,2,18,3,6,9,22,36,148,57,65,224,50,3,35,4,10,21,35,76,-41,22,1.0,2.1714285714285713,9.457142857142857,3.342857142857143,3.8285714285714287,11.485714285714286,2.3142857142857145,0.14285714285714285,0.058823529411764705,0.16666666666666666,0.11428571428571428
2024/25,Leicester,18,3,3,12,13,34,167,52,78,193,41,0,17,2,3,12,16,42,146,50,56,185,40,0,35,5,6,24,29,76,-47,21,0.8285714285714286,2.1714285714285713,8.942857142857143,2.914285714285714,3.8285714285714287,10.8,2.3142857142857145,0.0,0.16666666666666666,0.11764705882352941,0.14285714285714285
2024/25,Liverpool,17,14,2,1,39,13,286,104,110,199,29,1,18,11,5,2,42,22,316,114,126,203,33,1,35,25,7,3,81,35,46,82,2.3142857142857145,1.0,17.2,6.228571428571429,6.742857142857143,11.485714285714286,1.7714285714285714,0.05714285714285714,0.8235294117647058,0.6111111111111112,0.7142857142857143
2024/25,Man City,18,12,3,3,40,22,306,108,130,138,32,0,17,7,4,6,27,21,243,94,99,129,24,1,35,19,7,9,67,43,24,64,1.9142857142857144,1.2285714285714286,15.685714285714285,5.771428571428571,6.542857142857143,7.628571428571429,1.6,0.02857142857142857,0.6666666666666666,0.4117647058823529,0.5428571428571428
2024/25,Man United,17,6,3,8,21,26,236,75,94,196,39,2,18,4,6,8,21,25,242,83,92,190,36,1,35,10,9,16,42,51,-9,39,1.2,1.457142857142857,13.657142857142857,4.514285714285714,5.314285714285714,11.028571428571428,2.142857142857143,0.08571428571428572,0.35294117647058826,0.2222222222222222,0.2857142857142857
2024/25,Newcastle,17,11,2,4,38,19,264,86,104,189,34,1,18,8,4,6,28,26,214,71,93,175,26,0,35,19,6,10,66,45,21,63,1.8857142857142857,1.2857142857142858,13.657142857142857,4.485714285714286,5.628571428571429,10.4,1.7142857142857142,0.02857142857142857,0.6470588235294118,0.4444444444444444,0.5428571428571428
2024/25,Nott'm Forest,17,9,4,4,24,13,209,78,70,163,25,0,18,9,3,6,30,29,219,77,72,200,52,2,35,18,7,10,54,42,12,61,1.542857142857143,1.2,12.228571428571428,4.428571428571429,4.057142857142857,10.371428571428572,2.2,0.05714285714285714,0.5294117647058824,0.5,0.5142857142857142
2024/25,Southampton,17,1,2,14,12,45,154,55,54,197,35,3,18,1,3,14,13,37,174,52,87,236,51,0,35,2,5,28,25,82,-57,11,0.7142857142857143,2.342857142857143,9.371428571428572,3.057142857142857,4.0285714285714285,12.371428571428572,2.4571428571428573,0.08571428571428572,0.058823529411764705,0.05555555555555555,0.05714285714285714
2024/25,Tottenham,17,6,3,8,34,29,257,97,130,190,27,0,18,5,2,11,29,28,225,84,106,219,37,1,35,11,5,19,63,57,6,38,1.8,1.6285714285714286,13.771428571428572,5.171428571428572,6.742857142857143,11.685714285714285,1.8285714285714285,0.02857142857142857,0.35294117647058826,0.2777777777777778,0.3142857142857143
2024/25,West Ham,18,5,5,8,22,32,207,66,80,212,37,1,17,4,5,8,18,27,234,65,61,195,33,2,35,9,10,16,40,59,-19,37,1.1428571428571428,1.6857142857142857,12.6,3.742857142857143,4.0285714285714285,11.628571428571428,2.0,0.08571428571428572,0.2777777777777778,0.23529411764705882,0.2571428571428571
2024/25,Wolves,17,6,2,9,26,29,188,73,59,217,31,2,18,6,3,9,25,33,203,75,65,240,38,0,35,12,5,18,51,62,-11,41,1.457142857142857,1.7714285714285714,11.17142857142857,4.228571428571429,3.5428571428571427,13.057142857142857,1.9714285714285715,0.05714285714285714,0.35294117647058826,0.3333333333333333,0.34285714285714286
