Season,Team,Player,Position
2000/01,Arsenal,Alberto Méndez,Attacking Midfield
2000/01,Arsenal,Alexander Manninger,Goalkeeper
2000/01,Arsenal,Ashley Cole,Left-Back
2000/01,Arsenal,Christopher Wreh,Centre-Forward
2000/01,Arsenal,David Seaman,Goalkeeper
2000/01,Arsenal,Dennis Bergkamp,Second Striker
2000/01,Arsenal,Edú Gaspar,Central Midfield
2000/01,Arsenal,Freddie Ljungberg,Right Midfield
2000/01,Arsenal,Gilles Grimandi,Defensive Midfield
2000/01,Arsenal,Guy Demel,Right-Back
2000/01,Arsenal,Igors Stepanovs,Centre-Back
2000/01,Arsenal,Jermaine Pennant,Right Winger
2000/01,Arsenal,John Lukic,Goalkeeper
2000/01,Arsenal,Laurén,Right-Back
2000/01,Arsenal,Lee Dixon,Right-Back
2000/01,Arsenal,Martin Keown,Centre-Back
2000/01,Arsenal,Matthew Upson,Centre-Back
2000/01,Arsenal,Moritz Volz,Right-Back
2000/01,Arsenal,Nelson Vivas,Right-Back
2000/01,Arsenal,Nwankwo Kanu,Centre-Forward
2000/01,Arsenal,Oleg Luzhnyi,Right-Back
2000/01,Arsenal,Paolo Vernazza,Central Midfield
2000/01,Arsenal,Patrick Vieira,Defensive Midfield
2000/01,Arsenal,Ray Parlour,Central Midfield
2000/01,Arsenal,Robert Pirès,Left Midfield
2000/01,Arsenal,Sebastian Svärd,Defensive Midfield
2000/01,Arsenal,Stefan Malz,Left-Back
2000/01,Arsenal,Stuart Taylor,Goalkeeper
2000/01,Arsenal,Sylvain Wiltord,Second Striker
2000/01,Arsenal,Sylvinho,Left-Back
2000/01,Arsenal,Thierry Henry,Centre-Forward
2000/01,Arsenal,Tomas Danilevičius,Centre-Forward
2000/01,Arsenal,Tony Adams,Centre-Back
2000/01,Aston Villa,Alan Wright,Left-Back
2000/01,Aston Villa,Alpay Özalan,Centre-Back
2000/01,Aston Villa,Darius Vassell,Centre-Forward
2000/01,Aston Villa,David Ginola,Left Winger
2000/01,Aston Villa,David James,Goalkeeper
2000/01,Aston Villa,Dion Dublin,Centre-Forward
2000/01,Aston Villa,Gareth Barry,Defensive Midfield
2000/01,Aston Villa,Gareth Southgate,Centre-Back
2000/01,Aston Villa,George Boateng,Defensive Midfield
2000/01,Aston Villa,Gilles De Bilde,Centre-Forward
2000/01,Aston Villa,Ian Taylor,Central Midfield
2000/01,Aston Villa,Jlloyd Samuel,Left-Back
2000/01,Aston Villa,John McGrath,Left Midfield
2000/01,Aston Villa,Jonathan Bewers,Right-Back
2000/01,Aston Villa,Juan Pablo Ángel,Centre-Forward
2000/01,Aston Villa,Julian Joachim,Centre-Forward
2000/01,Aston Villa,Lee Hendrie,Central Midfield
2000/01,Aston Villa,Luc Nilis,Centre-Forward
2000/01,Aston Villa,Mark Delaney,Right-Back
2000/01,Aston Villa,Neil Cutler,Goalkeeper
2000/01,Aston Villa,Paul Merson,Attacking Midfield
2000/01,Aston Villa,Peter Enckelman,Goalkeeper
2000/01,Aston Villa,Stefan Moore,Centre-Forward
2000/01,Aston Villa,Stephen Cooke,Right Midfield
2000/01,Aston Villa,Steve Staunton,Left-Back
2000/01,Aston Villa,Steve Stone,Right Midfield
2000/01,Aston Villa,Thomas Hitzlsperger,Central Midfield
2000/01,Aston Villa,Ugo Ehiogu,Centre-Back
2000/01,Bradford,Aidan Davison,Goalkeeper
2000/01,Bradford,Andrew O'Brien,Centre-Back
2000/01,Bradford,Andy Myers,Left-Back
2000/01,Bradford,Ashley Ward,Centre-Forward
2000/01,Bradford,Ashley Westwood,Centre-Back
2000/01,Bradford,Benny Carbone,Second Striker
2000/01,Bradford,Billy McKinlay,Right Midfield
2000/01,Bradford,Dan Petrescu,Right-Back
2000/01,Bradford,David Hopkin,Right Midfield
2000/01,Bradford,David Wetherall,Centre-Back
2000/01,Bradford,Dean Saunders,Centre-Forward
2000/01,Bradford,Dean Windass,Centre-Forward
2000/01,Bradford,Eoin Jess,Second Striker
2000/01,Bradford,Gareth Grant,Striker
2000/01,Bradford,Gareth Whalley,Central Midfield
2000/01,Bradford,Gary Locke,Defensive Midfield
2000/01,Bradford,Gary Walsh,Goalkeeper
2000/01,Bradford,Gunnar Halle,Right-Back
2000/01,Bradford,Ian Nolan,Right-Back
2000/01,Bradford,Isaiah Rankin,Centre-Forward
2000/01,Bradford,Jamie Lawrence,Central Midfield
2000/01,Bradford,Lee Mills,Centre-Forward
2000/01,Bradford,Lee Sharpe,Left Midfield
2000/01,Bradford,Lewis Emanuel,Left-Back
2000/01,Bradford,Mark Bower,Centre-Back
2000/01,Bradford,Matt Clarke,Goalkeeper
2000/01,Bradford,Matt Lawrence,Centre-Back
2000/01,Bradford,Neville Southall,Goalkeeper
2000/01,Bradford,Peter Atherton,Centre-Back
2000/01,Bradford,Peter Beagrie,Left Winger
2000/01,Bradford,Robbie Blake,Second Striker
2000/01,Bradford,Robert Molenaar,Centre-Back
2000/01,Bradford,Scott Kerr,Central Midfield
2000/01,Bradford,Stan Collymore,Centre-Forward
2000/01,Bradford,Stuart McCall,Central Midfield
2000/01,Bradford,Wayne Jacobs,Left-Back
2000/01,Charlton,Andy Hunt,Centre-Forward
2000/01,Charlton,Andy Todd,Centre-Back
2000/01,Charlton,Ben Roberts,Goalkeeper
2000/01,Charlton,Carl Tiler,Centre-Back
2000/01,Charlton,Charlie MacDonald,Centre-Forward
2000/01,Charlton,Chris Powell,Left-Back
2000/01,Charlton,Claus Jensen,Attacking Midfield
2000/01,Charlton,Clive Mendonca,Centre-Forward
2000/01,Charlton,Dean Kiely,Goalkeeper
2000/01,Charlton,Eddie Youds,Centre-Back
2000/01,Charlton,Graham Stuart,Right Winger
2000/01,Charlton,Greg Shields,Right-Back
2000/01,Charlton,John Robinson,Right Winger
2000/01,Charlton,John Salako,Left Midfield
2000/01,Charlton,Jonatan Johansson,Centre-Forward
2000/01,Charlton,Jonathan Fortune,Centre-Back
2000/01,Charlton,Karim Bagheri,Defensive Midfield
2000/01,Charlton,Kemal Izzet,Central Midfield
2000/01,Charlton,Kevin Lisbie,Centre-Forward
2000/01,Charlton,Mark DeBolla,Striker
2000/01,Charlton,Mark Fish,Centre-Back
2000/01,Charlton,Mark Kinsella,Defensive Midfield
2000/01,Charlton,Martin Pringle,Centre-Forward
2000/01,Charlton,Mathias Svensson,Centre-Forward
2000/01,Charlton,Paul Konchesky,Left-Back
2000/01,Charlton,Radostin Kishishev,Defensive Midfield
2000/01,Charlton,Richard Rufus,Centre-Back
2000/01,Charlton,Sasa Ilic,Goalkeeper
2000/01,Charlton,Scott Parker,Central Midfield
2000/01,Charlton,Shaun Bartlett,Centre-Forward
2000/01,Charlton,Shaun Newton,Right Midfield
2000/01,Charlton,Steve Brown,Centre-Back
2000/01,Charlton,Tony Caig,Goalkeeper
2000/01,Chelsea,Albert Ferrer,Right-Back
2000/01,Chelsea,Bernard Lambourde,Centre-Back
2000/01,Chelsea,Carlo Cudicini,Goalkeeper
2000/01,Chelsea,Celestine Babayaro,Left-Back
2000/01,Chelsea,Christian Panucci,Right-Back
2000/01,Chelsea,Danny Slatter,Midfielder
2000/01,Chelsea,Dennis Wise,Defensive Midfield
2000/01,Chelsea,Ed de Goey,Goalkeeper
2000/01,Chelsea,Eidur Gudjohnsen,Centre-Forward
2000/01,Chelsea,Frank Leboeuf,Centre-Back
2000/01,Chelsea,Gabriele Ambrosetti,Left Midfield
2000/01,Chelsea,Gianfranco Zola,Second Striker
2000/01,Chelsea,Graeme Le Saux,Left-Back
2000/01,Chelsea,Gustavo Poyet,Attacking Midfield
2000/01,Chelsea,Jes Høgh,Centre-Back
2000/01,Chelsea,Jesper Grønkjær,Left Winger
2000/01,Chelsea,Jimmy Floyd Hasselbaink,Centre-Forward
2000/01,Chelsea,Jody Morris,Central Midfield
2000/01,Chelsea,John Terry,Centre-Back
2000/01,Chelsea,Jon Harley,Left-Back
2000/01,Chelsea,Kevin Hitchcock,Goalkeeper
2000/01,Chelsea,Marcel Desailly,Centre-Back
2000/01,Chelsea,Mario Melchiot,Right-Back
2000/01,Chelsea,Mario Stanic,Right Winger
2000/01,Chelsea,Mark Bosnich,Goalkeeper
2000/01,Chelsea,Mikael Forssell,Centre-Forward
2000/01,Chelsea,Neil Barrett,Right Midfield
2000/01,Chelsea,Pierluigi Casiraghi,Centre-Forward
2000/01,Chelsea,Pierre Issa,Centre-Back
2000/01,Chelsea,Rati Aleksidze,Centre-Forward
2000/01,Chelsea,Robert Wolleaston,Central Midfield
2000/01,Chelsea,Roberto Di Matteo,Central Midfield
2000/01,Chelsea,Sam Parkin,Centre-Forward
2000/01,Chelsea,Samuele Dalla Bona,Central Midfield
2000/01,Chelsea,Slavisa Jokanovic,Defensive Midfield
2000/01,Chelsea,Tore André Flo,Centre-Forward
2000/01,Chelsea,Winston Bogarde,Centre-Back
2000/01,Chelsea,Émerson Thome,Centre-Back
2000/01,Coventry,Barry Quinn,Right-Back
2000/01,Coventry,Calum Davenport,Centre-Back
2000/01,Coventry,Carlton Palmer,Defensive Midfield
2000/01,Coventry,Chris Kirkland,Goalkeeper
2000/01,Coventry,Colin Hendry,Centre-Back
2000/01,Coventry,Craig Bellamy,Left Winger
2000/01,Coventry,Craig Pead,Right Midfield
2000/01,Coventry,Cédric Roussel,Centre-Forward
2000/01,Coventry,David Thompson,Right Midfield
2000/01,Coventry,Gary Breen,Centre-Back
2000/01,Coventry,Gary McSheffrey,Left Winger
2000/01,Coventry,Gary Montgomery,Goalkeeper
2000/01,Coventry,Gavin Strachan,Defensive Midfield
2000/01,Coventry,Iván Guerrero,Left-Back
2000/01,Coventry,Jairo Martínez,Centre-Forward
2000/01,Coventry,Jay Bothroyd,Centre-Forward
2000/01,Coventry,John Aloisi,Centre-Forward
2000/01,Coventry,John Eustace,Defensive Midfield
2000/01,Coventry,John Hartson,Centre-Forward
2000/01,Coventry,Laurent Delorge,Right Winger
2000/01,Coventry,Lee Carsley,Defensive Midfield
2000/01,Coventry,Lee Fowler,Central Midfield
2000/01,Coventry,Magnus Hedman,Goalkeeper
2000/01,Coventry,Marc Edworthy,Right-Back
2000/01,Coventry,Marcus Hall,Left-Back
2000/01,Coventry,Morten Hyldgaard,Goalkeeper
2000/01,Coventry,Muhamed Konjic,Centre-Back
2000/01,Coventry,Mustapha Hadji,Attacking Midfield
2000/01,Coventry,Paul Telfer,Right-Back
2000/01,Coventry,Paul Williams,Centre-Back
2000/01,Coventry,Richard Shaw,Centre-Back
2000/01,Coventry,Runar Normann,Left-Back
2000/01,Coventry,Steve Froggatt,Left Winger
2000/01,Coventry,Tomas Antonelius,Right-Back
2000/01,Coventry,Youssef Chippo,Central Midfield
2000/01,Coventry,Ysrael Zúñiga,Centre-Forward
2000/01,Derby,Adam Bolder,Midfielder
2000/01,Derby,Adam Murray,Central Midfield
2000/01,Derby,Andy Oakes,Goalkeeper
2000/01,Derby,Bjørn Otto Bragstad,Centre-Back
2000/01,Derby,Branko Strupar,Centre-Forward
2000/01,Derby,Brian O'Neil,Centre-Back
2000/01,Derby,Chris Riggott,Centre-Back
2000/01,Derby,Con Blatsis,Centre-Back
2000/01,Derby,Craig Burley,Attacking Midfield
2000/01,Derby,Danny Higginbotham,Centre-Back
2000/01,Derby,Darryl Powell,Centre-Back
2000/01,Derby,Dean Sturridge,Centre-Forward
2000/01,Derby,Deon Burton,Centre-Forward
2000/01,Derby,Fiachra McArdle,Centre-Back
2000/01,Derby,Gary Twigg,Centre-Forward
2000/01,Derby,Giorgi Kinkladze,Attacking Midfield
2000/01,Derby,Horacio Carbonari,Centre-Back
2000/01,Derby,Ian Evatt,Centre-Back
2000/01,Derby,Jacob Laursen,Centre-Back
2000/01,Derby,Kristoffer Weckström,Right Midfield
2000/01,Derby,Lars Bohinen,Central Midfield
2000/01,Derby,Lee Grant,Goalkeeper
2000/01,Derby,Lee Morris,Centre-Forward
2000/01,Derby,Lewis Hunt,Right-Back
2000/01,Derby,Lilian Martin,Right-Back
2000/01,Derby,Malcolm Christie,Centre-Forward
2000/01,Derby,Mart Poom,Goalkeeper
2000/01,Derby,Marvin Robinson,Centre-Forward
2000/01,Derby,Paul Boertien,Left-Back
2000/01,Derby,Richard Jackson,Right-Back
2000/01,Derby,Rory Delap,Central Midfield
2000/01,Derby,Seth Johnson,Central Midfield
2000/01,Derby,Simo Valakari,Defensive Midfield
2000/01,Derby,Stefan Schnoor,Centre-Back
2000/01,Derby,Stefano Eranio,Right Midfield
2000/01,Derby,Steve Elliott,Centre-Back
2000/01,Derby,Taribo West,Centre-Back
2000/01,Derby,Thórdur Gudjónsson,Right Winger
2000/01,Derby,Youl Mawéné,Centre-Back
2000/01,Everton,Abel Xavier,Right-Back
2000/01,Everton,Alec Cleland,Right-Back
2000/01,Everton,Alessandro Pistone,Left-Back
2000/01,Everton,Alex Nyarko,Central Midfield
2000/01,Everton,Danny Cadamarteri,Right Winger
2000/01,Everton,Dave Watson,Centre-Back
2000/01,Everton,David Carney,Left Midfield
2000/01,Everton,David Unsworth,Left-Back
2000/01,Everton,David Weir,Centre-Back
2000/01,Everton,Duncan Ferguson,Centre-Forward
2000/01,Everton,Francis Jeffers,Centre-Forward
2000/01,Everton,Gary Naysmith,Left-Back
2000/01,Everton,Idan Tal,Defensive Midfield
2000/01,Everton,Joe-Max Moore,Centre-Forward
2000/01,Everton,Kevin Campbell,Centre-Forward
2000/01,Everton,Kevin McLeod,Left Midfield
2000/01,Everton,Leon Osman,Central Midfield
2000/01,Everton,Mark Hughes,Second Striker
2000/01,Everton,Mark Pembridge,Left Midfield
2000/01,Everton,Michael Ball,Left-Back
2000/01,Everton,Niclas Alexandersson,Right Midfield
2000/01,Everton,Paul Gascoigne,Attacking Midfield
2000/01,Everton,Paul Gerrard,Goalkeeper
2000/01,Everton,Peter Clarke,Centre-Back
2000/01,Everton,Peter Degn,Right Midfield
2000/01,Everton,Phil Jevons,Centre-Forward
2000/01,Everton,Richard Dunne,Centre-Back
2000/01,Everton,Richard Gough,Centre-Back
2000/01,Everton,Scot Gemmill,Central Midfield
2000/01,Everton,Stephen Hughes,Central Midfield
2000/01,Everton,Steve Simonsen,Goalkeeper
2000/01,Everton,Steve Watson,Right-Back
2000/01,Everton,Thomas Gravesen,Defensive Midfield
2000/01,Everton,Thomas Myhre,Goalkeeper
2000/01,Everton,Tony Hibbert,Right-Back
2000/01,Ipswich,Alun Armstrong,Centre-Forward
2000/01,Ipswich,Amir Karic,Left-Back
2000/01,Ipswich,Chris Makin,Left-Back
2000/01,Ipswich,David Johnson,Centre-Forward
2000/01,Ipswich,Fabian Wilnis,Right-Back
2000/01,Ipswich,Gary Croft,Left-Back
2000/01,Ipswich,Hermann Hreidarsson,Left-Back
2000/01,Ipswich,James Pullen,Goalkeeper
2000/01,Ipswich,James Scowcroft,Right Winger
2000/01,Ipswich,Jamie Clapham,Left-Back
2000/01,Ipswich,Jean-Manuel Thétis,Centre-Back
2000/01,Ipswich,Jermaine Wright,Central Midfield
2000/01,Ipswich,Jim Magilton,Central Midfield
2000/01,Ipswich,John McGreal,Centre-Back
2000/01,Ipswich,John Scales,Centre-Back
2000/01,Ipswich,Keith Branagan,Goalkeeper
2000/01,Ipswich,Marcus Stewart,Centre-Forward
2000/01,Ipswich,Mark Burchill,Centre-Forward
2000/01,Ipswich,Mark Venus,Centre-Back
2000/01,Ipswich,Martijn Reuser,Attacking Midfield
2000/01,Ipswich,Matt Holland,Central Midfield
2000/01,Ipswich,Mike Salmon,Goalkeeper
2000/01,Ipswich,Nabil Abidallah,Midfielder
2000/01,Ipswich,Richard Logan,Centre-Forward
2000/01,Ipswich,Richard Naylor,Centre-Back
2000/01,Ipswich,Richard Wright,Goalkeeper
2000/01,Ipswich,Sean Friars,Striker
2000/01,Ipswich,Titus Bramble,Centre-Back
2000/01,Ipswich,Tony Mowbray,Centre-Back
2000/01,Ipswich,Wayne Brown,Centre-Back
2000/01,Leeds,Alan Maybury,Right-Back
2000/01,Leeds,Alan Smith,Central Midfield
2000/01,Leeds,Danny Hay,Centre-Back
2000/01,Leeds,Danny Mills,Right-Back
2000/01,Leeds,Darren Huckerby,Centre-Forward
2000/01,Leeds,David Batty,Defensive Midfield
2000/01,Leeds,Dejan Milosevic,Goalkeeper
2000/01,Leeds,Dominic Matteo,Left-Back
2000/01,Leeds,Eirik Bakke,Central Midfield
2000/01,Leeds,Gareth Evans,Left-Back
2000/01,Leeds,Gary Kelly,Right-Back
2000/01,Leeds,Harry Kewell,Left Winger
2000/01,Leeds,Ian Harte,Left-Back
2000/01,Leeds,Jacob Burns,Defensive Midfield
2000/01,Leeds,Jamie McMaster,Central Midfield
2000/01,Leeds,Jason Wilcox,Left Midfield
2000/01,Leeds,Jonathan Woodgate,Centre-Back
2000/01,Leeds,Kevin Aherne-Evans,Central Midfield
2000/01,Leeds,Lee Bowyer,Central Midfield
2000/01,Leeds,Lucas Radebe,Centre-Back
2000/01,Leeds,Mark Viduka,Centre-Forward
2000/01,Leeds,Matt Jones,Central Midfield
2000/01,Leeds,Michael Bridges,Centre-Forward
2000/01,Leeds,Michael Duberry,Centre-Back
2000/01,Leeds,Nigel Martyn,Goalkeeper
2000/01,Leeds,Olivier Dacourt,Defensive Midfield
2000/01,Leeds,Paul Robinson,Goalkeeper
2000/01,Leeds,Rio Ferdinand,Centre-Back
2000/01,Leeds,Robbie Keane,Centre-Forward
2000/01,Leeds,Robert Molenaar,Centre-Back
2000/01,Leeds,Stephen McPhail,Left Midfield
2000/01,Leeds,Tony Hackworth,Attacking Midfield
2000/01,Leeds,Wesley Boyle,Midfielder
2000/01,Leicester,Ade Akinbiyi,Centre-Forward
2000/01,Leicester,Andy Impey,Right-Back
2000/01,Leicester,Arnar Gunnlaugsson,Right Winger
2000/01,Leicester,Billy McKinlay,Right Midfield
2000/01,Leicester,Callum Davidson,Left-Back
2000/01,Leicester,Damien Delaney,Centre-Back
2000/01,Leicester,Danny Thomas,Left-Back
2000/01,Leicester,Darren Eadie,Left Winger
2000/01,Leicester,Dean Sturridge,Centre-Forward
2000/01,Leicester,Frank Sinclair,Centre-Back
2000/01,Leicester,Gary Rowett,Right-Back
2000/01,Leicester,Gerry Taggart,Centre-Back
2000/01,Leicester,Ian Andrews,Goalkeeper
2000/01,Leicester,Jon Ashton,Centre-Back
2000/01,Leicester,Jon Stevenson,Centre-Forward
2000/01,Leicester,Jordan Stewart,Left-Back
2000/01,Leicester,Junior Lewis,Left Midfield
2000/01,Leicester,Kevin Ellison,Left Winger
2000/01,Leicester,Lawrie Dudfield,Centre-Forward
2000/01,Leicester,Lee Marshall,Central Midfield
2000/01,Leicester,Matt Elliott,Centre-Back
2000/01,Leicester,Matt Jones,Central Midfield
2000/01,Leicester,Matt Piper,Right Midfield
2000/01,Leicester,Michael Price,Goalkeeper
2000/01,Leicester,Muzzy Izzet,Right Midfield
2000/01,Leicester,Neil Lennon,Central Midfield
2000/01,Leicester,Phil Gilchrist,Centre-Back
2000/01,Leicester,Richard Cresswell,Centre-Forward
2000/01,Leicester,Robbie Savage,Central Midfield
2000/01,Leicester,Roberto Mancini,Second Striker
2000/01,Leicester,Simon Royce,Goalkeeper
2000/01,Leicester,Stan Collymore,Centre-Forward
2000/01,Leicester,Stefan Oakes,Central Midfield
2000/01,Leicester,Steve Guppy,Left Midfield
2000/01,Leicester,Steve Walsh,Centre-Back
2000/01,Leicester,Stuart Campbell,Defensive Midfield
2000/01,Leicester,Stuart Wilson,Attacking Midfield
2000/01,Leicester,Tim Flowers,Goalkeeper
2000/01,Leicester,Tony Cottee,Centre-Forward
2000/01,Leicester,Trevor Benjamin,Left Winger
2000/01,Liverpool,Bernard Diomède,Left Winger
2000/01,Liverpool,Christian Ziege,Left Midfield
2000/01,Liverpool,Daniel Sjölund,Defensive Midfield
2000/01,Liverpool,Danny Murphy,Central Midfield
2000/01,Liverpool,Dietmar Hamann,Defensive Midfield
2000/01,Liverpool,Djimi Traoré,Centre-Back
2000/01,Liverpool,Emile Heskey,Centre-Forward
2000/01,Liverpool,Erik Meijer,Centre-Forward
2000/01,Liverpool,Frode Kippe,Centre-Back
2000/01,Liverpool,Gary McAllister,Central Midfield
2000/01,Liverpool,Grégory Vignal,Left-Back
2000/01,Liverpool,Igor Biscan,Defensive Midfield
2000/01,Liverpool,Jamie Carragher,Centre-Back
2000/01,Liverpool,Jamie Redknapp,Central Midfield
2000/01,Liverpool,Jari Litmanen,Attacking Midfield
2000/01,Liverpool,Jørgen Nielsen,Goalkeeper
2000/01,Liverpool,Layton Maxwell,Central Midfield
2000/01,Liverpool,Markus Babbel,Centre-Back
2000/01,Liverpool,Michael Owen,Centre-Forward
2000/01,Liverpool,Nick Barmby,Left Midfield
2000/01,Liverpool,Patrik Berger,Attacking Midfield
2000/01,Liverpool,Pegguy Arphexad,Goalkeeper
2000/01,Liverpool,Rigobert Song,Centre-Back
2000/01,Liverpool,Robbie Fowler,Centre-Forward
2000/01,Liverpool,Sami Hyypiä,Centre-Back
2000/01,Liverpool,Sander Westerveld,Goalkeeper
2000/01,Liverpool,Stephen Wright,Right-Back
2000/01,Liverpool,Steve Staunton,Left-Back
2000/01,Liverpool,Steven Gerrard,Central Midfield
2000/01,Liverpool,Stéphane Henchoz,Centre-Back
2000/01,Liverpool,Titi Camara,Centre-Forward
2000/01,Liverpool,Vegard Heggem,Right-Back
2000/01,Liverpool,Vladimir Smicer,Attacking Midfield
2000/01,Man City,Alf-Inge Haaland,Right-Back
2000/01,Man City,Andrey Kanchelskis,Right Midfield
2000/01,Man City,Andy Morrison,Centre-Back
2000/01,Man City,Brian Murphy,Goalkeeper
2000/01,Man City,Carlo Nash,Goalkeeper
2000/01,Man City,Danny Allsopp,Centre-Forward
2000/01,Man City,Danny Granville,Left-Back
2000/01,Man City,Danny Tiatto,Left-Back
2000/01,Man City,Darren Huckerby,Centre-Forward
2000/01,Man City,Dickson Etuhu,Defensive Midfield
2000/01,Man City,Dino Toppmöller,Centre-Forward
2000/01,Man City,Egil Østenstad,Centre-Forward
2000/01,Man City,Gareth Taylor,Centre-Forward
2000/01,Man City,George Weah,Centre-Forward
2000/01,Man City,Gerard Wiekens,Centre-Back
2000/01,Man City,Ian Bishop,Central Midfield
2000/01,Man City,Jeff Whitley,Defensive Midfield
2000/01,Man City,Jim Whitley,Central Midfield
2000/01,Man City,Kevin Horlock,Defensive Midfield
2000/01,Man City,Laurent Charvet,Right-Back
2000/01,Man City,Lee Crooks,Centre-Back
2000/01,Man City,Mark Kennedy,Left Midfield
2000/01,Man City,Nicky Weaver,Goalkeeper
2000/01,Man City,Paul Dickov,Centre-Forward
2000/01,Man City,Paul Ritchie,Centre-Back
2000/01,Man City,Paulo Wanchope,Centre-Forward
2000/01,Man City,Rhys Day,Centre-Back
2000/01,Man City,Richard Dunne,Centre-Back
2000/01,Man City,Richard Edghill,Right-Back
2000/01,Man City,Richard McKinney,Goalkeeper
2000/01,Man City,Shaun Goater,Centre-Forward
2000/01,Man City,Shaun Holmes,Left Midfield
2000/01,Man City,Shaun Wright-Phillips,Right Winger
2000/01,Man City,Spencer Prior,Centre-Back
2000/01,Man City,Steve Howey,Centre-Back
2000/01,Man City,Terry Cooke,Right Winger
2000/01,Man City,Terry Dunfield,Central Midfield
2000/01,Man City,Tommy Wright,Goalkeeper
2000/01,Man City,Tony Grant,Defensive Midfield
2000/01,Man United,Andy Cole,Centre-Forward
2000/01,Man United,Andy Goram,Goalkeeper
2000/01,Man United,Bojan Djordjic,Left Winger
2000/01,Man United,Danny Webber,Centre-Forward
2000/01,Man United,David Beckham,Right Midfield
2000/01,Man United,David Healy,Centre-Forward
2000/01,Man United,David May,Centre-Back
2000/01,Man United,Denis Irwin,Left-Back
2000/01,Man United,Dwight Yorke,Centre-Forward
2000/01,Man United,Fabien Barthez,Goalkeeper
2000/01,Man United,Gary Neville,Right-Back
2000/01,Man United,Henning Berg,Right-Back
2000/01,Man United,Jaap Stam,Centre-Back
2000/01,Man United,Jesper Blomqvist,Left Midfield
2000/01,Man United,John O'Shea,Centre-Back
2000/01,Man United,Jonathan Greening,Central Midfield
2000/01,Man United,Luke Chadwick,Attacking Midfield
2000/01,Man United,Mark Bosnich,Goalkeeper
2000/01,Man United,Mark Lynch,Right-Back
2000/01,Man United,Mark Wilson,Central Midfield
2000/01,Man United,Michael Clegg,Right-Back
2000/01,Man United,Michael Stewart,Central Midfield
2000/01,Man United,Michael Twiss,Right Midfield
2000/01,Man United,Mikaël Silvestre,Left-Back
2000/01,Man United,Nicky Butt,Defensive Midfield
2000/01,Man United,Ole Gunnar Solskjaer,Centre-Forward
2000/01,Man United,Paul Rachubka,Goalkeeper
2000/01,Man United,Paul Scholes,Central Midfield
2000/01,Man United,Paul Tierney,Left-Back
2000/01,Man United,Phil Neville,Right-Back
2000/01,Man United,Quinton Fortune,Left-Back
2000/01,Man United,Raimond van der Gouw,Goalkeeper
2000/01,Man United,Ronnie Wallwork,Central Midfield
2000/01,Man United,Ronny Johnsen,Centre-Back
2000/01,Man United,Roy Keane,Central Midfield
2000/01,Man United,Ryan Giggs,Left Midfield
2000/01,Man United,Teddy Sheringham,Centre-Forward
2000/01,Man United,Wes Brown,Centre-Back
2000/01,Middlesbrough,Alen Bokšić,Centre-Forward
2000/01,Middlesbrough,Andy Campbell,Centre-Forward
2000/01,Middlesbrough,Anthony Ormerod,Right Winger
2000/01,Middlesbrough,Brad Jones,Goalkeeper
2000/01,Middlesbrough,Brian Deane,Centre-Forward
2000/01,Middlesbrough,Carlos Marinelli,Attacking Midfield
2000/01,Middlesbrough,Christian Karembeu,Defensive Midfield
2000/01,Middlesbrough,Colin Cooper,Left-Back
2000/01,Middlesbrough,Curtis Fleming,Right-Back
2000/01,Middlesbrough,Dean Gordon,Left-Back
2000/01,Middlesbrough,Dean Windass,Centre-Forward
2000/01,Middlesbrough,Gary Pallister,Centre-Back
2000/01,Middlesbrough,Gary Walsh,Goalkeeper
2000/01,Middlesbrough,Gianluca Festa,Centre-Back
2000/01,Middlesbrough,Hámilton Ricard,Centre-Forward
2000/01,Middlesbrough,Jason Gavin,Centre-Back
2000/01,Middlesbrough,Joseph-Désiré Job,Centre-Forward
2000/01,Middlesbrough,Keith O'Neill,Left Winger
2000/01,Middlesbrough,Luke Wilkshire,Right-Back
2000/01,Middlesbrough,Mark Crossley,Goalkeeper
2000/01,Middlesbrough,Mark Hudson,Central Midfield
2000/01,Middlesbrough,Mark Schwarzer,Goalkeeper
2000/01,Middlesbrough,Mark Summerbell,Central Midfield
2000/01,Middlesbrough,Marlon Beresford,Goalkeeper
2000/01,Middlesbrough,Noel Whelan,Centre-Forward
2000/01,Middlesbrough,Paul Ince,Central Midfield
2000/01,Middlesbrough,Paul Okon-Engstler,Defensive Midfield
2000/01,Middlesbrough,Phil Stamp,Central Midfield
2000/01,Middlesbrough,Robbie Mustoe,Central Midfield
2000/01,Middlesbrough,Robbie Stockdale,Right-Back
2000/01,Middlesbrough,Sam Russell,Goalkeeper
2000/01,Middlesbrough,Sean Kilgannon,Midfielder
2000/01,Middlesbrough,Steve Vickers,Centre-Back
2000/01,Middlesbrough,Ugo Ehiogu,Centre-Back
2000/01,Newcastle,Aaron Hughes,Centre-Back
2000/01,Newcastle,Alain Goma,Centre-Back
2000/01,Newcastle,Alan Shearer,Centre-Forward
2000/01,Newcastle,Andrew O'Brien,Centre-Back
2000/01,Newcastle,Andy Griffin,Right-Back
2000/01,Newcastle,Brian Kerr,Central Midfield
2000/01,Newcastle,Carl Cort,Centre-Forward
2000/01,Newcastle,Carlos Daniel Cordone,Centre-Forward
2000/01,Newcastle,Christian Bassedas,Attacking Midfield
2000/01,Newcastle,Clarence Acuña,Defensive Midfield
2000/01,Newcastle,Des Hamilton,Right Midfield
2000/01,Newcastle,Didier Domi,Left-Back
2000/01,Newcastle,Diego Gavilán,Central Midfield
2000/01,Newcastle,Gary Caldwell,Centre-Back
2000/01,Newcastle,Gary Speed,Central Midfield
2000/01,Newcastle,James Coppinger,Right Midfield
2000/01,Newcastle,Jamie McClen,Central Midfield
2000/01,Newcastle,John Karelse,Goalkeeper
2000/01,Newcastle,Jonny Brain,Goalkeeper
2000/01,Newcastle,Kevin Gallacher,Right Winger
2000/01,Newcastle,Kieron Dyer,Right Midfield
2000/01,Newcastle,Laurent Charvet,Right-Back
2000/01,Newcastle,Lomana LuaLua,Centre-Forward
2000/01,Newcastle,Marcelino,Centre-Back
2000/01,Newcastle,Nikolaos Dabizas,Centre-Back
2000/01,Newcastle,Nolberto Solano,Right Midfield
2000/01,Newcastle,Olivier Bernard,Left-Back
2000/01,Newcastle,Pablo Bonvín,Centre-Forward
2000/01,Newcastle,Rob Lee,Central Midfield
2000/01,Newcastle,Shay Given,Goalkeeper
2000/01,Newcastle,Shola Ameobi,Centre-Forward
2000/01,Newcastle,Stephen Glass,Left Midfield
2000/01,Newcastle,Steve Harper,Goalkeeper
2000/01,Newcastle,Steve Istead,Midfielder
2000/01,Newcastle,Steven Caldwell,Centre-Back
2000/01,Newcastle,Warren Barton,Right-Back
2000/01,Newcastle,Wayne Quinn,Left-Back
2000/01,Southampton,Adrián Cáceres,Central Midfield
2000/01,Southampton,Chris Marsden,Central Midfield
2000/01,Southampton,Chris Sharpe,Goalkeeper
2000/01,Southampton,Claus Lundekvam,Centre-Back
2000/01,Southampton,Cléber Chalá,Left Winger
2000/01,Southampton,Dan Petrescu,Right-Back
2000/01,Southampton,Dani Rodrigues,Left Winger
2000/01,Southampton,Dean Richards,Centre-Back
2000/01,Southampton,Francis Benali,Left-Back
2000/01,Southampton,Garry Monk,Centre-Back
2000/01,Southampton,Hassan Kachloul,Left Midfield
2000/01,Southampton,Imants Bleidelis,Right Midfield
2000/01,Southampton,James Beattie,Centre-Forward
2000/01,Southampton,Jason Dodd,Right-Back
2000/01,Southampton,Jo Tessem,Central Midfield
2000/01,Southampton,John Beresford,Left-Back
2000/01,Southampton,Kevin Davies,Centre-Forward
2000/01,Southampton,Kevin Gibbens,Central Midfield
2000/01,Southampton,Marians Pahars,Centre-Forward
2000/01,Southampton,Mark Draper,Central Midfield
2000/01,Southampton,Matt Le Tissier,Attacking Midfield
2000/01,Southampton,Matt Oakley,Central Midfield
2000/01,Southampton,Neil Moss,Goalkeeper
2000/01,Southampton,Paul Jones,Goalkeeper
2000/01,Southampton,Scott Bevan,Goalkeeper
2000/01,Southampton,Scott McDonald,Centre-Forward
2000/01,Southampton,Stuart Ripley,Right Midfield
2000/01,Southampton,Tahar El Khalej,Centre-Back
2000/01,Southampton,Trond Soltvedt,Attacking Midfield
2000/01,Southampton,Uwe Rösler,Centre-Forward
2000/01,Southampton,Wayne Bridge,Left-Back
2000/01,Sunderland,Alex Rae,Central Midfield
2000/01,Sunderland,Ben Clark,Centre-Back
2000/01,Sunderland,Brendan McGill,Right Winger
2000/01,Sunderland,Carsten Fredgaard,Left Midfield
2000/01,Sunderland,Chris Lumsdon,Central Midfield
2000/01,Sunderland,Chris Makin,Left-Back
2000/01,Sunderland,Danny Dichio,Centre-Forward
2000/01,Sunderland,Darren Holloway,Right-Back
2000/01,Sunderland,Darren Williams,Right-Back
2000/01,Sunderland,Don Hutchison,Attacking Midfield
2000/01,Sunderland,Gavin McCann,Central Midfield
2000/01,Sunderland,George McCartney,Left-Back
2000/01,Sunderland,Jody Craddock,Centre-Back
2000/01,Sunderland,John Oster,Central Midfield
2000/01,Sunderland,Jonjo Dickman,Right Midfield
2000/01,Sunderland,Julio Arca,Central Midfield
2000/01,Sunderland,Jürgen Macho,Goalkeeper
2000/01,Sunderland,Kevin Kilbane,Left Midfield
2000/01,Sunderland,Kevin Kyle,Centre-Forward
2000/01,Sunderland,Kevin Phillips,Centre-Forward
2000/01,Sunderland,Michael Gray,Left-Back
2000/01,Sunderland,Michael Ingham,Goalkeeper
2000/01,Sunderland,Michael Reddy,Centre-Forward
2000/01,Sunderland,Milton Núñez,Centre-Forward
2000/01,Sunderland,Neil Wainwright,Left Winger
2000/01,Sunderland,Niall Quinn,Centre-Forward
2000/01,Sunderland,Patrice Carteron,Centre-Back
2000/01,Sunderland,Paul Butler,Centre-Back
2000/01,Sunderland,Paul Thirlwell,Defensive Midfield
2000/01,Sunderland,Stanislav Varga,Centre-Back
2000/01,Sunderland,Stefan Schwarz,Central Midfield
2000/01,Sunderland,Steve Bould,Centre-Back
2000/01,Sunderland,Thomas Butler,Right Midfield
2000/01,Sunderland,Thomas Sörensen,Goalkeeper
2000/01,Sunderland,Tom Peeters,Left Midfield
2000/01,Sunderland,Émerson Thome,Centre-Back
2000/01,Sunderland,Éric Roy,Defensive Midfield
2000/01,Tottenham,Alton Thelwell,Centre-Back
2000/01,Tottenham,Andy Booth,Centre-Forward
2000/01,Tottenham,Anthony Gardner,Centre-Back
2000/01,Tottenham,Ben Thatcher,Left-Back
2000/01,Tottenham,Chris Armstrong,Centre-Forward
2000/01,Tottenham,Chris Perry,Centre-Back
2000/01,Tottenham,Darren Anderton,Right Midfield
2000/01,Tottenham,Dave McEwen,Striker
2000/01,Tottenham,Gary Doherty,Centre-Back
2000/01,Tottenham,Gavin Kelly,Goalkeeper
2000/01,Tottenham,Hans Segers,Goalkeeper
2000/01,Tottenham,Ian Hillier,Centre-Back
2000/01,Tottenham,Ian Walker,Goalkeeper
2000/01,Tottenham,John Piercy,Midfielder
2000/01,Tottenham,Johnnie Jackson,Central Midfield
2000/01,Tottenham,Jon Jönsson,Centre-Back
2000/01,Tottenham,José Dominguez,Left Winger
2000/01,Tottenham,Ledley King,Centre-Back
2000/01,Tottenham,Les Ferdinand,Centre-Forward
2000/01,Tottenham,Luke Young,Right-Back
2000/01,Tottenham,Matthew Etherington,Left Midfield
2000/01,Tottenham,Mauricio Taricco,Left-Back
2000/01,Tottenham,Neil Sullivan,Goalkeeper
2000/01,Tottenham,Ramon Vega,Centre-Back
2000/01,Tottenham,Ruel Fox,Central Midfield
2000/01,Tottenham,Sergiy Rebrov,Second Striker
2000/01,Tottenham,Simon Davies,Right Midfield
2000/01,Tottenham,Sol Campbell,Centre-Back
2000/01,Tottenham,Steffen Freund,Defensive Midfield
2000/01,Tottenham,Steffen Iversen,Second Striker
2000/01,Tottenham,Stephen Carr,Right-Back
2000/01,Tottenham,Stephen Clemence,Central Midfield
2000/01,Tottenham,Tim Sherwood,Central Midfield
2000/01,Tottenham,Willem Korsten,Left Winger
2000/01,Tottenham,Yannick Kamanan,Centre-Forward
2000/01,Tottenham,Øyvind Leonhardsen,Central Midfield
2000/01,West Ham,Adam Newton,Right-Back
2000/01,West Ham,Alex O'Reilly,Goalkeeper
2000/01,West Ham,Christian Bassila,Centre-Back
2000/01,West Ham,Christian Dailly,Centre-Back
2000/01,West Ham,Craig Forrest,Goalkeeper
2000/01,West Ham,Darren Peacock,Centre-Back
2000/01,West Ham,Davor Suker,Centre-Forward
2000/01,West Ham,Frank Lampard,Central Midfield
2000/01,West Ham,Frédéric Kanouté,Centre-Forward
2000/01,West Ham,Gary Charles,Right-Back
2000/01,West Ham,Grant McCann,Central Midfield
2000/01,West Ham,Hannu Tihinen,Centre-Back
2000/01,West Ham,Hayden Foxe,Centre-Back
2000/01,West Ham,Ian Pearce,Centre-Back
2000/01,West Ham,Igor Stimac,Centre-Back
2000/01,West Ham,Izzy Iriekpen,Centre-Back
2000/01,West Ham,Javier Margas,Centre-Back
2000/01,West Ham,Jermain Defoe,Centre-Forward
2000/01,West Ham,Joe Cole,Attacking Midfield
2000/01,West Ham,John Moncur,Central Midfield
2000/01,West Ham,Kaba Diawara,Centre-Forward
2000/01,West Ham,Marc Keller,Centre-Forward
2000/01,West Ham,Michael Carrick,Defensive Midfield
2000/01,West Ham,Nigel Winterburn,Left-Back
2000/01,West Ham,Paolo Di Canio,Centre-Forward
2000/01,West Ham,Paul Kitson,Centre-Forward
2000/01,West Ham,Ragnvald Soma,Centre-Back
2000/01,West Ham,Richard García,Second Striker
2000/01,West Ham,Rigobert Song,Centre-Back
2000/01,West Ham,Rio Ferdinand,Centre-Back
2000/01,West Ham,Scott Minto,Left-Back
2000/01,West Ham,Shaka Hislop,Goalkeeper
2000/01,West Ham,Shaun Byrne,Left-Back
2000/01,West Ham,Stephen Bywater,Goalkeeper
2000/01,West Ham,Steve Lomas,Central Midfield
2000/01,West Ham,Steve Potts,Right-Back
2000/01,West Ham,Stevland Angus,Centre-Back
2000/01,West Ham,Stuart Pearce,Left-Back
2000/01,West Ham,Svetoslav Todorov,Centre-Forward
2000/01,West Ham,Sébastien Schemmel,Right-Back
2000/01,West Ham,Terrell Forbes,Centre-Back
2000/01,West Ham,Titi Camara,Centre-Forward
2000/01,West Ham,Trevor Sinclair,Left Winger
2000/01,West Ham,Vanni Chiarotto,Midfielder
2000/01,West Ham,Ömer Riza,Second Striker
2001/02,Arsenal,Ashley Cole,Left-Back
2001/02,Arsenal,Carlin Itonga,Striker
2001/02,Arsenal,David Seaman,Goalkeeper
2001/02,Arsenal,Dennis Bergkamp,Second Striker
2001/02,Arsenal,Edú Gaspar,Central Midfield
2001/02,Arsenal,Francis Jeffers,Centre-Forward
2001/02,Arsenal,Freddie Ljungberg,Right Midfield
2001/02,Arsenal,Gilles Grimandi,Defensive Midfield
2001/02,Arsenal,Giovanni van Bronckhorst,Left-Back
2001/02,Arsenal,Graham Stack,Goalkeeper
2001/02,Arsenal,Igors Stepanovs,Centre-Back
2001/02,Arsenal,Jermaine Pennant,Right Winger
2001/02,Arsenal,John Halls,Defensive Midfield
2001/02,Arsenal,Juan,Left-Back
2001/02,Arsenal,Junichi Inamoto,Defensive Midfield
2001/02,Arsenal,Jérémie Aliadière,Centre-Forward
2001/02,Arsenal,Kolo Touré,Centre-Back
2001/02,Arsenal,Laurén,Right-Back
2001/02,Arsenal,Lee Dixon,Right-Back
2001/02,Arsenal,Martin Keown,Centre-Back
2001/02,Arsenal,Matthew Upson,Centre-Back
2001/02,Arsenal,Moritz Volz,Right-Back
2001/02,Arsenal,Nwankwo Kanu,Centre-Forward
2001/02,Arsenal,Oleg Luzhnyi,Right-Back
2001/02,Arsenal,Patrick Vieira,Defensive Midfield
2001/02,Arsenal,Ray Parlour,Central Midfield
2001/02,Arsenal,Richard Wright,Goalkeeper
2001/02,Arsenal,Robert Pirès,Left Midfield
2001/02,Arsenal,Rohan Ricketts,Right Midfield
2001/02,Arsenal,Sebastian Svärd,Defensive Midfield
2001/02,Arsenal,Sol Campbell,Centre-Back
2001/02,Arsenal,Stathis Tavlaridis,Centre-Back
2001/02,Arsenal,Stuart Taylor,Goalkeeper
2001/02,Arsenal,Sylvain Wiltord,Second Striker
2001/02,Arsenal,Thierry Henry,Centre-Forward
2001/02,Arsenal,Tony Adams,Centre-Back
2001/02,Aston Villa,Alan Wright,Left-Back
2001/02,Aston Villa,Alpay Özalan,Centre-Back
2001/02,Aston Villa,Bosko Balaban,Centre-Forward
2001/02,Aston Villa,Darius Vassell,Centre-Forward
2001/02,Aston Villa,David Ginola,Left Winger
2001/02,Aston Villa,Dion Dublin,Centre-Forward
2001/02,Aston Villa,Gareth Barry,Defensive Midfield
2001/02,Aston Villa,George Boateng,Defensive Midfield
2001/02,Aston Villa,Hassan Kachloul,Left Midfield
2001/02,Aston Villa,Ian Taylor,Central Midfield
2001/02,Aston Villa,Jlloyd Samuel,Left-Back
2001/02,Aston Villa,Juan Pablo Ángel,Centre-Forward
2001/02,Aston Villa,Lee Hendrie,Central Midfield
2001/02,Aston Villa,Mark Delaney,Right-Back
2001/02,Aston Villa,Mustapha Hadji,Attacking Midfield
2001/02,Aston Villa,Olof Mellberg,Centre-Back
2001/02,Aston Villa,Paul Merson,Attacking Midfield
2001/02,Aston Villa,Peter Crouch,Centre-Forward
2001/02,Aston Villa,Peter Enckelman,Goalkeeper
2001/02,Aston Villa,Peter Schmeichel,Goalkeeper
2001/02,Aston Villa,Stefan Moore,Centre-Forward
2001/02,Aston Villa,Stephen Cooke,Right Midfield
2001/02,Aston Villa,Steve Staunton,Left-Back
2001/02,Aston Villa,Steve Stone,Right Midfield
2001/02,Aston Villa,Thomas Hitzlsperger,Central Midfield
2001/02,Blackburn,Alan Kelly,Goalkeeper
2001/02,Blackburn,Alan Mahon,Left Midfield
2001/02,Blackburn,Alan Miller,Goalkeeper
2001/02,Blackburn,Andy Cole,Centre-Forward
2001/02,Blackburn,Brad Friedel,Goalkeeper
2001/02,Blackburn,Corrado Grabbi,Centre-Forward
2001/02,Blackburn,Craig Hignett,Right Winger
2001/02,Blackburn,Craig Short,Centre-Back
2001/02,Blackburn,Damien Duff,Right Midfield
2001/02,Blackburn,Damien Johnson,Right Midfield
2001/02,Blackburn,Darren Dunning,Midfielder
2001/02,Blackburn,David Dunn,Attacking Midfield
2001/02,Blackburn,Egil Østenstad,Centre-Forward
2001/02,Blackburn,Garry Flitcroft,Central Midfield
2001/02,Blackburn,Gordon Greer,Centre-Back
2001/02,Blackburn,Hakan Ünsal,Left-Back
2001/02,Blackburn,Henning Berg,Right-Back
2001/02,Blackburn,Jason McAteer,Right Midfield
2001/02,Blackburn,Jeff Kenna,Right-Back
2001/02,Blackburn,John Curtis,Right-Back
2001/02,Blackburn,John Filan,Goalkeeper
2001/02,Blackburn,Jonathan Douglas,Central Midfield
2001/02,Blackburn,Keith Gillespie,Right Midfield
2001/02,Blackburn,Lucas Neill,Right-Back
2001/02,Blackburn,Marcus Bent,Centre-Forward
2001/02,Blackburn,Mark Hughes,Second Striker
2001/02,Blackburn,Marlon Broomes,Centre-Back
2001/02,Blackburn,Martin Taylor,Centre-Back
2001/02,Blackburn,Matt Jansen,Centre-Forward
2001/02,Blackburn,Nathan Blake,Centre-Forward
2001/02,Blackburn,Nils-Eric Johansson,Left-Back
2001/02,Blackburn,Stig Inge Bjørnebye,Left-Back
2001/02,Blackburn,Tugay Kerimoğlu,Defensive Midfield
2001/02,Blackburn,Yordi,Centre-Forward
2001/02,Bolton,Akinori Nishizawa,Centre-Forward
2001/02,Bolton,Alan O'Hare,Left-Back
2001/02,Bolton,Anthony Barness,Left-Back
2001/02,Bolton,Bo Hansen,Centre-Forward
2001/02,Bolton,Bruno N'Gotty,Centre-Back
2001/02,Bolton,Cleveland Taylor,Right Midfield
2001/02,Bolton,Colin Hendry,Centre-Back
2001/02,Bolton,David Norris,Central Midfield
2001/02,Bolton,Dean Holden,Centre-Back
2001/02,Bolton,Dean Holdsworth,Centre-Forward
2001/02,Bolton,Derek Niven,Defensive Midfield
2001/02,Bolton,Djibril Diawara,Centre-Back
2001/02,Bolton,Emanuele Morini,Right Winger
2001/02,Bolton,Fredi Bobic,Centre-Forward
2001/02,Bolton,Gareth Farrelly,Left Midfield
2001/02,Bolton,Gudni Bergsson,Centre-Back
2001/02,Bolton,Gérald Forschelet,Defensive Midfield
2001/02,Bolton,Henrik Pedersen,Centre-Forward
2001/02,Bolton,Ian Marshall,Centre-Back
2001/02,Bolton,Jani Viander,Goalkeeper
2001/02,Bolton,Jeff Cassar,Goalkeeper
2001/02,Bolton,Jeff Smith,Attacking Midfield
2001/02,Bolton,Jermaine Johnson,Right Winger
2001/02,Bolton,Jonathan Walters,Right Winger
2001/02,Bolton,Jussi Jääskeläinen,Goalkeeper
2001/02,Bolton,Kevin Nolan,Attacking Midfield
2001/02,Bolton,Kevin Poole,Goalkeeper
2001/02,Bolton,Konstantinos Konstantinidis,Centre-Back
2001/02,Bolton,Leam Richardson,Left-Back
2001/02,Bolton,Mario Espartero,Defensive Midfield
2001/02,Bolton,Michael Ricketts,Centre-Forward
2001/02,Bolton,Mike Whitlow,Left-Back
2001/02,Bolton,Nicky Hunt,Right-Back
2001/02,Bolton,Nicky Southall,Right Midfield
2001/02,Bolton,Paul Warhurst,Central Midfield
2001/02,Bolton,Per Frandsen,Right Midfield
2001/02,Bolton,Ricardo Gardner,Left-Back
2001/02,Bolton,Rod Wallace,Centre-Forward
2001/02,Bolton,Simon Charlton,Left-Back
2001/02,Bolton,Steve Banks,Goalkeeper
2001/02,Bolton,Stig Tøfting,Defensive Midfield
2001/02,Bolton,Wayne Buchanan,Centre-Back
2001/02,Bolton,Youri Djorkaeff,Attacking Midfield
2001/02,Charlton,Andy Todd,Centre-Back
2001/02,Charlton,Ben Roberts,Goalkeeper
2001/02,Charlton,Charlie MacDonald,Centre-Forward
2001/02,Charlton,Chris Bart-Williams,Central Midfield
2001/02,Charlton,Chris Powell,Left-Back
2001/02,Charlton,Claus Jensen,Attacking Midfield
2001/02,Charlton,Clive Mendonca,Centre-Forward
2001/02,Charlton,Danny Shittu,Centre-Back
2001/02,Charlton,Dean Kiely,Goalkeeper
2001/02,Charlton,Eddie Youds,Centre-Back
2001/02,Charlton,Gavin Peacock,Central Midfield
2001/02,Charlton,Graham Stuart,Right Winger
2001/02,Charlton,Greg Shields,Right-Back
2001/02,Charlton,Jason Euell,Left Winger
2001/02,Charlton,John Robinson,Right Winger
2001/02,Charlton,John Salako,Left Midfield
2001/02,Charlton,Jonatan Johansson,Centre-Forward
2001/02,Charlton,Jonathan Fortune,Centre-Back
2001/02,Charlton,Jorge Costa,Centre-Back
2001/02,Charlton,Kevin Lisbie,Centre-Forward
2001/02,Charlton,Luke Young,Right-Back
2001/02,Charlton,Mark Fish,Centre-Back
2001/02,Charlton,Mark Kinsella,Defensive Midfield
2001/02,Charlton,Martin Pringle,Centre-Forward
2001/02,Charlton,Mathias Svensson,Centre-Forward
2001/02,Charlton,Paul Konchesky,Left-Back
2001/02,Charlton,Radostin Kishishev,Defensive Midfield
2001/02,Charlton,Richard Rufus,Centre-Back
2001/02,Charlton,Sasa Ilic,Goalkeeper
2001/02,Charlton,Scott Parker,Central Midfield
2001/02,Charlton,Shaun Bartlett,Centre-Forward
2001/02,Charlton,Shaun Newton,Right Midfield
2001/02,Charlton,Steve Brown,Centre-Back
2001/02,Chelsea,Albert Ferrer,Right-Back
2001/02,Chelsea,Boudewijn Zenden,Left Winger
2001/02,Chelsea,Carlo Cudicini,Goalkeeper
2001/02,Chelsea,Carlton Cole,Centre-Forward
2001/02,Chelsea,Celestine Babayaro,Left-Back
2001/02,Chelsea,Danny Slatter,Midfielder
2001/02,Chelsea,Ed de Goey,Goalkeeper
2001/02,Chelsea,Eidur Gudjohnsen,Centre-Forward
2001/02,Chelsea,Emmanuel Petit,Defensive Midfield
2001/02,Chelsea,Frank Lampard,Central Midfield
2001/02,Chelsea,Gabriele Ambrosetti,Left Midfield
2001/02,Chelsea,Gianfranco Zola,Second Striker
2001/02,Chelsea,Graeme Le Saux,Left-Back
2001/02,Chelsea,Jesper Grønkjær,Left Winger
2001/02,Chelsea,Jimmy Floyd Hasselbaink,Centre-Forward
2001/02,Chelsea,Jody Morris,Central Midfield
2001/02,Chelsea,Joe Keenan,Left-Back
2001/02,Chelsea,Joel Kitamirike,Centre-Back
2001/02,Chelsea,John Terry,Centre-Back
2001/02,Chelsea,Jon Harley,Left-Back
2001/02,Chelsea,Leon Knight,Centre-Forward
2001/02,Chelsea,Marcel Desailly,Centre-Back
2001/02,Chelsea,Mario Melchiot,Right-Back
2001/02,Chelsea,Mario Stanic,Right Winger
2001/02,Chelsea,Mark Bosnich,Goalkeeper
2001/02,Chelsea,Mikael Forssell,Centre-Forward
2001/02,Chelsea,Pat Baldwin,Centre-Back
2001/02,Chelsea,Rati Aleksidze,Centre-Forward
2001/02,Chelsea,Rhys Evans,Goalkeeper
2001/02,Chelsea,Robert Huth,Centre-Back
2001/02,Chelsea,Roberto Di Matteo,Central Midfield
2001/02,Chelsea,Samuele Dalla Bona,Central Midfield
2001/02,Chelsea,Slavisa Jokanovic,Defensive Midfield
2001/02,Chelsea,Valerio Di Cesare,Centre-Back
2001/02,Chelsea,William Gallas,Centre-Back
2001/02,Chelsea,Winston Bogarde,Centre-Back
2001/02,Derby,Adam Bolder,Midfielder
2001/02,Derby,Adam Murray,Central Midfield
2001/02,Derby,Andy Oakes,Goalkeeper
2001/02,Derby,Benny Carbone,Second Striker
2001/02,Derby,Bjørn Otto Bragstad,Centre-Back
2001/02,Derby,Branko Strupar,Centre-Forward
2001/02,Derby,Brian O'Neil,Centre-Back
2001/02,Derby,Chris Riggott,Centre-Back
2001/02,Derby,Con Blatsis,Centre-Back
2001/02,Derby,Craig Burley,Attacking Midfield
2001/02,Derby,Daniele Daino,Right-Back
2001/02,Derby,Danny Higginbotham,Centre-Back
2001/02,Derby,Darryl Powell,Centre-Back
2001/02,Derby,Deon Burton,Centre-Forward
2001/02,Derby,Fabrizio Ravanelli,Centre-Forward
2001/02,Derby,François Grenet,Right-Back
2001/02,Derby,Gareth McKeown,Centre-Back
2001/02,Derby,Gary Twigg,Centre-Forward
2001/02,Derby,Giorgi Kinkladze,Attacking Midfield
2001/02,Derby,Horacio Carbonari,Centre-Back
2001/02,Derby,Ian Evatt,Centre-Back
2001/02,Derby,Ian Feuer,Goalkeeper
2001/02,Derby,Lee Grant,Goalkeeper
2001/02,Derby,Lee Morris,Centre-Forward
2001/02,Derby,Lewis Hunt,Right-Back
2001/02,Derby,Luciano Zavagno,Left-Back
2001/02,Derby,Malcolm Christie,Centre-Forward
2001/02,Derby,Marcus Tudgay,Centre-Forward
2001/02,Derby,Mart Poom,Goalkeeper
2001/02,Derby,Marvin Robinson,Centre-Forward
2001/02,Derby,Patrick Foletti,Goalkeeper
2001/02,Derby,Paul Boertien,Left-Back
2001/02,Derby,Pierre Ducrocq,Defensive Midfield
2001/02,Derby,Richard Jackson,Right-Back
2001/02,Derby,Rob Lee,Central Midfield
2001/02,Derby,Seth Johnson,Central Midfield
2001/02,Derby,Simo Valakari,Defensive Midfield
2001/02,Derby,Stefano Eranio,Right Midfield
2001/02,Derby,Steve Elliott,Centre-Back
2001/02,Derby,Warren Barton,Right-Back
2001/02,Derby,Youl Mawéné,Centre-Back
2001/02,Everton,Abel Xavier,Right-Back
2001/02,Everton,Alan Stubbs,Centre-Back
2001/02,Everton,Alec Cleland,Right-Back
2001/02,Everton,Alessandro Pistone,Left-Back
2001/02,Everton,Alex Nyarko,Central Midfield
2001/02,Everton,Andrew Pettinger,Goalkeeper
2001/02,Everton,David Ginola,Left Winger
2001/02,Everton,David Unsworth,Left-Back
2001/02,Everton,David Weir,Centre-Back
2001/02,Everton,Duncan Ferguson,Centre-Forward
2001/02,Everton,Gary Naysmith,Left-Back
2001/02,Everton,Idan Tal,Defensive Midfield
2001/02,Everton,Jesper Blomqvist,Left Midfield
2001/02,Everton,Joe-Max Moore,Centre-Forward
2001/02,Everton,Kevin Campbell,Centre-Forward
2001/02,Everton,Kevin McLeod,Left Midfield
2001/02,Everton,Lee Carsley,Defensive Midfield
2001/02,Everton,Mark Pembridge,Left Midfield
2001/02,Everton,Nick Chadwick,Centre-Forward
2001/02,Everton,Niclas Alexandersson,Right Midfield
2001/02,Everton,Paul Gascoigne,Attacking Midfield
2001/02,Everton,Paul Gerrard,Goalkeeper
2001/02,Everton,Peter Clarke,Centre-Back
2001/02,Everton,Scot Gemmill,Central Midfield
2001/02,Everton,Steve Simonsen,Goalkeeper
2001/02,Everton,Steve Watson,Right-Back
2001/02,Everton,Thomas Gravesen,Defensive Midfield
2001/02,Everton,Thomas Myhre,Goalkeeper
2001/02,Everton,Tobias Linderoth,Defensive Midfield
2001/02,Everton,Tomasz Radzinski,Centre-Forward
2001/02,Everton,Tony Hibbert,Right-Back
2001/02,Everton,Wayne Rooney,Centre-Forward
2001/02,Fulham,Abdeslam Ouaddou,Centre-Back
2001/02,Fulham,Alain Goma,Centre-Back
2001/02,Fulham,Andrejs Stolcers,Attacking Midfield
2001/02,Fulham,Andy Melville,Centre-Back
2001/02,Fulham,Barry Hayles,Centre-Forward
2001/02,Fulham,Bjarne Goldbaek,Central Midfield
2001/02,Fulham,Calum Willock,Centre-Forward
2001/02,Fulham,Chris Coleman,Centre-Back
2001/02,Fulham,Dean Leacock,Centre-Back
2001/02,Fulham,Eddie Lewis,Left Midfield
2001/02,Fulham,Edwin van der Sar,Goalkeeper
2001/02,Fulham,Elvis Hammond,Centre-Forward
2001/02,Fulham,Glyn Thompson,Goalkeeper
2001/02,Fulham,John Collins,Left Midfield
2001/02,Fulham,Jon Harley,Left-Back
2001/02,Fulham,Kevin Betsy,Left Midfield
2001/02,Fulham,Kieran McAnespie,Left-Back
2001/02,Fulham,Kit Symons,Centre-Back
2001/02,Fulham,Lee Clark,Central Midfield
2001/02,Fulham,Louis Saha,Centre-Forward
2001/02,Fulham,Luke Cornwall,Centre-Forward
2001/02,Fulham,Luís Boa Morte,Left Midfield
2001/02,Fulham,Maik Taylor,Goalkeeper
2001/02,Fulham,Marcus Hahnemann,Goalkeeper
2001/02,Fulham,Mark Hudson,Centre-Back
2001/02,Fulham,Paul Trollope,Attacking Midfield
2001/02,Fulham,Rufus Brevett,Left-Back
2001/02,Fulham,Sean Davis,Defensive Midfield
2001/02,Fulham,Steed Malbranque,Left Midfield
2001/02,Fulham,Steve Finnan,Right-Back
2001/02,Fulham,Steve Marlet,Centre-Forward
2001/02,Fulham,Sylvain Legwinski,Central Midfield
2001/02,Fulham,Tom Hutchinson,Centre-Back
2001/02,Fulham,Zat Knight,Centre-Back
2001/02,Ipswich,Alun Armstrong,Centre-Forward
2001/02,Ipswich,Amir Karic,Left-Back
2001/02,Ipswich,Andy Marshall,Goalkeeper
2001/02,Ipswich,Chris Makin,Left-Back
2001/02,Ipswich,Darren Ambrose,Right Midfield
2001/02,Ipswich,Darren Bent,Centre-Forward
2001/02,Ipswich,Fabian Wilnis,Right-Back
2001/02,Ipswich,Finidi George,Right Winger
2001/02,Ipswich,Hermann Hreidarsson,Left-Back
2001/02,Ipswich,James Pullen,Goalkeeper
2001/02,Ipswich,Jamie Clapham,Left-Back
2001/02,Ipswich,Jermaine Wright,Central Midfield
2001/02,Ipswich,Jim Magilton,Central Midfield
2001/02,Ipswich,John McGreal,Centre-Back
2001/02,Ipswich,Justin Miller,Centre-Back
2001/02,Ipswich,Keith Branagan,Goalkeeper
2001/02,Ipswich,Marcus Bent,Centre-Forward
2001/02,Ipswich,Marcus Stewart,Centre-Forward
2001/02,Ipswich,Mark Venus,Centre-Back
2001/02,Ipswich,Martijn Reuser,Attacking Midfield
2001/02,Ipswich,Matt Holland,Central Midfield
2001/02,Ipswich,Matteo Sereni,Goalkeeper
2001/02,Ipswich,Nabil Abidallah,Midfielder
2001/02,Ipswich,Pablo Couñago,Centre-Forward
2001/02,Ipswich,Richard Logan,Centre-Forward
2001/02,Ipswich,Richard Naylor,Centre-Back
2001/02,Ipswich,Sixto Peralta,Central Midfield
2001/02,Ipswich,Thomas Gaardsøe,Centre-Back
2001/02,Ipswich,Titus Bramble,Centre-Back
2001/02,Ipswich,Tommy Miller,Central Midfield
2001/02,Ipswich,Wayne Brown,Centre-Back
2001/02,Leeds,Alan Maybury,Right-Back
2001/02,Leeds,Alan Smith,Central Midfield
2001/02,Leeds,Danny Mills,Right-Back
2001/02,Leeds,David Batty,Defensive Midfield
2001/02,Leeds,Dejan Milosevic,Goalkeeper
2001/02,Leeds,Dominic Matteo,Left-Back
2001/02,Leeds,Eirik Bakke,Central Midfield
2001/02,Leeds,Frazer Richardson,Right-Back
2001/02,Leeds,Gary Kelly,Right-Back
2001/02,Leeds,Harry Kewell,Left Winger
2001/02,Leeds,Ian Harte,Left-Back
2001/02,Leeds,Jacob Burns,Defensive Midfield
2001/02,Leeds,Jamie McMaster,Central Midfield
2001/02,Leeds,Jason Wilcox,Left Midfield
2001/02,Leeds,Jonathan Woodgate,Centre-Back
2001/02,Leeds,Lee Bowyer,Central Midfield
2001/02,Leeds,Mark Viduka,Centre-Forward
2001/02,Leeds,Michael Duberry,Centre-Back
2001/02,Leeds,Nigel Martyn,Goalkeeper
2001/02,Leeds,Olivier Dacourt,Defensive Midfield
2001/02,Leeds,Paul Robinson,Goalkeeper
2001/02,Leeds,Rio Ferdinand,Centre-Back
2001/02,Leeds,Robbie Fowler,Centre-Forward
2001/02,Leeds,Robbie Keane,Centre-Forward
2001/02,Leeds,Seth Johnson,Central Midfield
2001/02,Leeds,Stephen McPhail,Left Midfield
2001/02,Leicester,Ade Akinbiyi,Centre-Forward
2001/02,Leicester,Alan Rogers,Left-Back
2001/02,Leicester,Andy Impey,Right-Back
2001/02,Leicester,Arnar Gunnlaugsson,Right Winger
2001/02,Leicester,Brian Deane,Centre-Forward
2001/02,Leicester,Callum Davidson,Left-Back
2001/02,Leicester,Damien Delaney,Centre-Back
2001/02,Leicester,Darren Eadie,Left Winger
2001/02,Leicester,Dean Sturridge,Centre-Forward
2001/02,Leicester,Dennis Wise,Defensive Midfield
2001/02,Leicester,Frank Sinclair,Centre-Back
2001/02,Leicester,Gary Rowett,Right-Back
2001/02,Leicester,Gerry Taggart,Centre-Back
2001/02,Leicester,Ian Andrews,Goalkeeper
2001/02,Leicester,Ian Walker,Goalkeeper
2001/02,Leicester,Jacob Laursen,Centre-Back
2001/02,Leicester,James Scowcroft,Right Winger
2001/02,Leicester,Jon Ashton,Centre-Back
2001/02,Leicester,Jon Stevenson,Centre-Forward
2001/02,Leicester,Jordan Stewart,Left-Back
2001/02,Leicester,Junior Lewis,Left Midfield
2001/02,Leicester,Lee Marshall,Central Midfield
2001/02,Leicester,Martin Reeves,Midfielder
2001/02,Leicester,Matt Elliott,Centre-Back
2001/02,Leicester,Matt Heath,Centre-Back
2001/02,Leicester,Matt Jones,Central Midfield
2001/02,Leicester,Matt Piper,Right Midfield
2001/02,Leicester,Michael Price,Goalkeeper
2001/02,Leicester,Muzzy Izzet,Right Midfield
2001/02,Leicester,Paul Dickov,Centre-Forward
2001/02,Leicester,Robbie Savage,Central Midfield
2001/02,Leicester,Simon Royce,Goalkeeper
2001/02,Leicester,Stefan Oakes,Central Midfield
2001/02,Leicester,Tim Flowers,Goalkeeper
2001/02,Leicester,Tommy Williamson,Central Midfield
2001/02,Leicester,Tommy Wright,Centre-Forward
2001/02,Leicester,Trevor Benjamin,Left Winger
2001/02,Liverpool,Abel Xavier,Right-Back
2001/02,Liverpool,Chris Kirkland,Goalkeeper
2001/02,Liverpool,Daniel Sjölund,Defensive Midfield
2001/02,Liverpool,Danny Murphy,Central Midfield
2001/02,Liverpool,Dietmar Hamann,Defensive Midfield
2001/02,Liverpool,Emile Heskey,Centre-Forward
2001/02,Liverpool,Frode Kippe,Centre-Back
2001/02,Liverpool,Gary McAllister,Central Midfield
2001/02,Liverpool,Grégory Vignal,Left-Back
2001/02,Liverpool,Igor Biscan,Defensive Midfield
2001/02,Liverpool,Jamie Carragher,Centre-Back
2001/02,Liverpool,Jamie Redknapp,Central Midfield
2001/02,Liverpool,Jari Litmanen,Attacking Midfield
2001/02,Liverpool,Jerzy Dudek,Goalkeeper
2001/02,Liverpool,John Arne Riise,Left-Back
2001/02,Liverpool,Markus Babbel,Centre-Back
2001/02,Liverpool,Michael Owen,Centre-Forward
2001/02,Liverpool,Nick Barmby,Left Midfield
2001/02,Liverpool,Nicolas Anelka,Centre-Forward
2001/02,Liverpool,Patrik Berger,Attacking Midfield
2001/02,Liverpool,Pegguy Arphexad,Goalkeeper
2001/02,Liverpool,Richie Partridge,Right Midfield
2001/02,Liverpool,Robbie Fowler,Centre-Forward
2001/02,Liverpool,Sami Hyypiä,Centre-Back
2001/02,Liverpool,Sander Westerveld,Goalkeeper
2001/02,Liverpool,Stephen Wright,Right-Back
2001/02,Liverpool,Steven Gerrard,Central Midfield
2001/02,Liverpool,Stéphane Henchoz,Centre-Back
2001/02,Liverpool,Vegard Heggem,Right-Back
2001/02,Liverpool,Vladimir Smicer,Attacking Midfield
2001/02,Man United,Andy Cole,Centre-Forward
2001/02,Man United,Bojan Djordjic,Left Winger
2001/02,Man United,Darren Fletcher,Central Midfield
2001/02,Man United,David Beckham,Right Midfield
2001/02,Man United,David May,Centre-Back
2001/02,Man United,Denis Irwin,Left-Back
2001/02,Man United,Diego Forlán,Centre-Forward
2001/02,Man United,Dwight Yorke,Centre-Forward
2001/02,Man United,Fabien Barthez,Goalkeeper
2001/02,Man United,Gary Neville,Right-Back
2001/02,Man United,Jaap Stam,Centre-Back
2001/02,Man United,John O'Shea,Centre-Back
2001/02,Man United,Juan Sebastián Verón,Central Midfield
2001/02,Man United,Laurent Blanc,Centre-Back
2001/02,Man United,Luke Chadwick,Attacking Midfield
2001/02,Man United,Michael Stewart,Central Midfield
2001/02,Man United,Mikaël Silvestre,Left-Back
2001/02,Man United,Nicky Butt,Defensive Midfield
2001/02,Man United,Ole Gunnar Solskjaer,Centre-Forward
2001/02,Man United,Paul Scholes,Central Midfield
2001/02,Man United,Phil Neville,Right-Back
2001/02,Man United,Quinton Fortune,Left-Back
2001/02,Man United,Raimond van der Gouw,Goalkeeper
2001/02,Man United,Ronnie Wallwork,Central Midfield
2001/02,Man United,Ronny Johnsen,Centre-Back
2001/02,Man United,Roy Carroll,Goalkeeper
2001/02,Man United,Roy Keane,Central Midfield
2001/02,Man United,Ruud van Nistelrooy,Centre-Forward
2001/02,Man United,Ryan Giggs,Left Midfield
2001/02,Man United,Wes Brown,Centre-Back
2001/02,Middlesbrough,Alen Bokšić,Centre-Forward
2001/02,Middlesbrough,Allan Johnston,Right Midfield
2001/02,Middlesbrough,Andy Campbell,Centre-Forward
2001/02,Middlesbrough,Benny Carbone,Second Striker
2001/02,Middlesbrough,Brian Deane,Centre-Forward
2001/02,Middlesbrough,Carlos Marinelli,Attacking Midfield
2001/02,Middlesbrough,Colin Cooper,Left-Back
2001/02,Middlesbrough,Curtis Fleming,Right-Back
2001/02,Middlesbrough,David Murphy,Left-Back
2001/02,Middlesbrough,Dean Gordon,Left-Back
2001/02,Middlesbrough,Dean Windass,Centre-Forward
2001/02,Middlesbrough,Franck Queudrue,Left-Back
2001/02,Middlesbrough,Gareth Southgate,Centre-Back
2001/02,Middlesbrough,Gianluca Festa,Centre-Back
2001/02,Middlesbrough,Hámilton Ricard,Centre-Forward
2001/02,Middlesbrough,Jason Gavin,Centre-Back
2001/02,Middlesbrough,Jonathan Greening,Central Midfield
2001/02,Middlesbrough,Joseph-Désiré Job,Centre-Forward
2001/02,Middlesbrough,Luke Wilkshire,Right-Back
2001/02,Middlesbrough,Mark Crossley,Goalkeeper
2001/02,Middlesbrough,Mark Schwarzer,Goalkeeper
2001/02,Middlesbrough,Mark Summerbell,Central Midfield
2001/02,Middlesbrough,Mark Wilson,Central Midfield
2001/02,Middlesbrough,Marlon Beresford,Goalkeeper
2001/02,Middlesbrough,Mickaël Debève,Right Midfield
2001/02,Middlesbrough,Noel Whelan,Centre-Forward
2001/02,Middlesbrough,Paul Ince,Central Midfield
2001/02,Middlesbrough,Paul Okon-Engstler,Defensive Midfield
2001/02,Middlesbrough,Phil Stamp,Central Midfield
2001/02,Middlesbrough,Robbie Mustoe,Central Midfield
2001/02,Middlesbrough,Robbie Stockdale,Right-Back
2001/02,Middlesbrough,Steve Vickers,Centre-Back
2001/02,Middlesbrough,Stewart Downing,Left Midfield
2001/02,Middlesbrough,Stuart Parnaby,Right-Back
2001/02,Middlesbrough,Szilárd Németh,Second Striker
2001/02,Middlesbrough,Ugo Ehiogu,Centre-Back
2001/02,Newcastle,Aaron Hughes,Centre-Back
2001/02,Newcastle,Alan Shearer,Centre-Forward
2001/02,Newcastle,Andrew O'Brien,Centre-Back
2001/02,Newcastle,Andy Griffin,Right-Back
2001/02,Newcastle,Brian Kerr,Central Midfield
2001/02,Newcastle,Carl Cort,Centre-Forward
2001/02,Newcastle,Christian Bassedas,Attacking Midfield
2001/02,Newcastle,Clarence Acuña,Defensive Midfield
2001/02,Newcastle,Colin McMenamin,Centre-Forward
2001/02,Newcastle,Craig Bellamy,Left Winger
2001/02,Newcastle,David Beharall,Centre-Back
2001/02,Newcastle,Diego Gavilán,Central Midfield
2001/02,Newcastle,Gary Caldwell,Centre-Back
2001/02,Newcastle,Gary Speed,Central Midfield
2001/02,Newcastle,James Coppinger,Right Midfield
2001/02,Newcastle,Jamie McClen,Central Midfield
2001/02,Newcastle,Jermaine Jenas,Central Midfield
2001/02,Newcastle,John Karelse,Goalkeeper
2001/02,Newcastle,Kieron Dyer,Right Midfield
2001/02,Newcastle,Laurent Robert,Left Winger
2001/02,Newcastle,Lomana LuaLua,Centre-Forward
2001/02,Newcastle,Marcelino,Centre-Back
2001/02,Newcastle,Nikolaos Dabizas,Centre-Back
2001/02,Newcastle,Nolberto Solano,Right Midfield
2001/02,Newcastle,Olivier Bernard,Left-Back
2001/02,Newcastle,Rob Lee,Central Midfield
2001/02,Newcastle,Robbie Elliott,Left-Back
2001/02,Newcastle,Shay Given,Goalkeeper
2001/02,Newcastle,Shola Ameobi,Centre-Forward
2001/02,Newcastle,Steve Harper,Goalkeeper
2001/02,Newcastle,Steven Caldwell,Centre-Back
2001/02,Newcastle,Stuart Green,Right Winger
2001/02,Newcastle,Sylvain Distin,Centre-Back
2001/02,Newcastle,Warren Barton,Right-Back
2001/02,Newcastle,Wayne Quinn,Left-Back
2001/02,Southampton,Adrián Cáceres,Central Midfield
2001/02,Southampton,Agustín Delgado,Centre-Forward
2001/02,Southampton,Anders Svensson,Defensive Midfield
2001/02,Southampton,Brett Ormerod,Centre-Forward
2001/02,Southampton,Chris Baird,Defensive Midfield
2001/02,Southampton,Chris Marsden,Central Midfield
2001/02,Southampton,Claus Lundekvam,Centre-Back
2001/02,Southampton,Cléber Chalá,Left Winger
2001/02,Southampton,Dan Petrescu,Right-Back
2001/02,Southampton,Dani Rodrigues,Left Winger
2001/02,Southampton,Dean Richards,Centre-Back
2001/02,Southampton,Eric Hassli,Centre-Forward
2001/02,Southampton,Fabrice Fernandes,Left Winger
2001/02,Southampton,Francis Benali,Left-Back
2001/02,Southampton,Garry Monk,Centre-Back
2001/02,Southampton,Imants Bleidelis,Right Midfield
2001/02,Southampton,James Beattie,Centre-Forward
2001/02,Southampton,Jason Dodd,Right-Back
2001/02,Southampton,Jo Tessem,Central Midfield
2001/02,Southampton,Kevin Davies,Centre-Forward
2001/02,Southampton,Kevin Gibbens,Central Midfield
2001/02,Southampton,Marians Pahars,Centre-Forward
2001/02,Southampton,Mark Draper,Central Midfield
2001/02,Southampton,Matt Le Tissier,Attacking Midfield
2001/02,Southampton,Matt Oakley,Central Midfield
2001/02,Southampton,Neil Moss,Goalkeeper
2001/02,Southampton,Paul Jones,Goalkeeper
2001/02,Southampton,Paul Murray,Central Midfield
2001/02,Southampton,Paul Telfer,Right-Back
2001/02,Southampton,Paul Williams,Centre-Back
2001/02,Southampton,Rory Delap,Central Midfield
2001/02,Southampton,Scott Bevan,Goalkeeper
2001/02,Southampton,Scott McDonald,Centre-Forward
2001/02,Southampton,Stuart Ripley,Right Midfield
2001/02,Southampton,Tahar El Khalej,Centre-Back
2001/02,Southampton,Uwe Rösler,Centre-Forward
2001/02,Southampton,Wayne Bridge,Left-Back
2001/02,Sunderland,Alex Rae,Central Midfield
2001/02,Sunderland,Bernt Haas,Right-Back
2001/02,Sunderland,Chris Lumsdon,Central Midfield
2001/02,Sunderland,Claudio Reyna,Central Midfield
2001/02,Sunderland,Danny Dichio,Centre-Forward
2001/02,Sunderland,Darren Williams,Right-Back
2001/02,Sunderland,David Bellion,Centre-Forward
2001/02,Sunderland,Don Hutchison,Attacking Midfield
2001/02,Sunderland,Gavin McCann,Central Midfield
2001/02,Sunderland,George McCartney,Left-Back
2001/02,Sunderland,Jason McAteer,Right Midfield
2001/02,Sunderland,Joachim Björklund,Centre-Back
2001/02,Sunderland,Jody Craddock,Centre-Back
2001/02,Sunderland,Jon Kennedy,Goalkeeper
2001/02,Sunderland,Julio Arca,Central Midfield
2001/02,Sunderland,Jürgen Macho,Goalkeeper
2001/02,Sunderland,Kevin Kilbane,Left Midfield
2001/02,Sunderland,Kevin Kyle,Centre-Forward
2001/02,Sunderland,Kevin Phillips,Centre-Forward
2001/02,Sunderland,Lilian Laslandes,Centre-Forward
2001/02,Sunderland,Michael Gray,Left-Back
2001/02,Sunderland,Michael Ingham,Goalkeeper
2001/02,Sunderland,Neil Wainwright,Left Winger
2001/02,Sunderland,Niall Quinn,Centre-Forward
2001/02,Sunderland,Nicolás Medina,Defensive Midfield
2001/02,Sunderland,Patrick Mboma,Centre-Forward
2001/02,Sunderland,Paul Thirlwell,Defensive Midfield
2001/02,Sunderland,Simon Ramsden,Centre-Back
2001/02,Sunderland,Stanislav Varga,Centre-Back
2001/02,Sunderland,Stefan Schwarz,Central Midfield
2001/02,Sunderland,Thomas Butler,Right Midfield
2001/02,Sunderland,Thomas Sörensen,Goalkeeper
2001/02,Sunderland,Émerson Thome,Centre-Back
2001/02,Tottenham,Alton Thelwell,Centre-Back
2001/02,Tottenham,Anthony Gardner,Centre-Back
2001/02,Tottenham,Ben Thatcher,Left-Back
2001/02,Tottenham,Chris Armstrong,Centre-Forward
2001/02,Tottenham,Chris Perry,Centre-Back
2001/02,Tottenham,Christian Ziege,Left Midfield
2001/02,Tottenham,Darren Anderton,Right Midfield
2001/02,Tottenham,Dave Beasant,Goalkeeper
2001/02,Tottenham,Dean Richards,Centre-Back
2001/02,Tottenham,Gary Doherty,Centre-Back
2001/02,Tottenham,Gavin Kelly,Goalkeeper
2001/02,Tottenham,Goran Bunjevcevic,Centre-Back
2001/02,Tottenham,Gustavo Poyet,Attacking Midfield
2001/02,Tottenham,John Piercy,Midfielder
2001/02,Tottenham,Johnnie Jackson,Central Midfield
2001/02,Tottenham,Kasey Keller,Goalkeeper
2001/02,Tottenham,Lars Hirschfeld,Goalkeeper
2001/02,Tottenham,Ledley King,Centre-Back
2001/02,Tottenham,Les Ferdinand,Centre-Forward
2001/02,Tottenham,Matthew Etherington,Left Midfield
2001/02,Tottenham,Mauricio Taricco,Left-Back
2001/02,Tottenham,Neil Sullivan,Goalkeeper
2001/02,Tottenham,Sergiy Rebrov,Second Striker
2001/02,Tottenham,Simon Davies,Right Midfield
2001/02,Tottenham,Steffen Freund,Defensive Midfield
2001/02,Tottenham,Steffen Iversen,Second Striker
2001/02,Tottenham,Stephen Clemence,Central Midfield
2001/02,Tottenham,Teddy Sheringham,Centre-Forward
2001/02,Tottenham,Tim Sherwood,Central Midfield
2001/02,Tottenham,Yannick Kamanan,Centre-Forward
2001/02,Tottenham,Øyvind Leonhardsen,Central Midfield
2001/02,West Ham,Adam Newton,Right-Back
2001/02,West Ham,Anwar Uddin,Centre-Back
2001/02,West Ham,Christian Dailly,Centre-Back
2001/02,West Ham,Craig Forrest,Goalkeeper
2001/02,West Ham,David Forde,Goalkeeper
2001/02,West Ham,David James,Goalkeeper
2001/02,West Ham,Don Hutchison,Attacking Midfield
2001/02,West Ham,Frédéric Kanouté,Centre-Forward
2001/02,West Ham,Gary Charles,Right-Back
2001/02,West Ham,Grant McCann,Central Midfield
2001/02,West Ham,Hayden Foxe,Centre-Back
2001/02,West Ham,Ian Pearce,Centre-Back
2001/02,West Ham,Izzy Iriekpen,Centre-Back
2001/02,West Ham,Jermain Defoe,Centre-Forward
2001/02,West Ham,Joe Cole,Attacking Midfield
2001/02,West Ham,John Moncur,Central Midfield
2001/02,West Ham,Laurent Courtois,Left Midfield
2001/02,West Ham,Leon Britton,Central Midfield
2001/02,West Ham,Michael Carrick,Defensive Midfield
2001/02,West Ham,Michael Ferrante,Defensive Midfield
2001/02,West Ham,Nigel Winterburn,Left-Back
2001/02,West Ham,Paolo Di Canio,Centre-Forward
2001/02,West Ham,Paul Kitson,Centre-Forward
2001/02,West Ham,Ragnvald Soma,Centre-Back
2001/02,West Ham,Richard García,Second Striker
2001/02,West Ham,Rigobert Song,Centre-Back
2001/02,West Ham,Scott Minto,Left-Back
2001/02,West Ham,Shaka Hislop,Goalkeeper
2001/02,West Ham,Stephen Bywater,Goalkeeper
2001/02,West Ham,Steve Lomas,Central Midfield
2001/02,West Ham,Steve Potts,Right-Back
2001/02,West Ham,Steven Laurie,Defender
2001/02,West Ham,Sven Andersson,Defender
2001/02,West Ham,Svetoslav Todorov,Centre-Forward
2001/02,West Ham,Sébastien Schemmel,Right-Back
2001/02,West Ham,Tomas Repka,Centre-Back
2001/02,West Ham,Trevor Sinclair,Left Winger
2001/02,West Ham,Vladimír Labant,Left-Back
2001/02,West Ham,Ömer Riza,Second Striker
2002/03,Arsenal,Ashley Cole,Left-Back
2002/03,Arsenal,David Bentley,Right Midfield
2002/03,Arsenal,David Seaman,Goalkeeper
2002/03,Arsenal,Dennis Bergkamp,Second Striker
2002/03,Arsenal,Edú Gaspar,Central Midfield
2002/03,Arsenal,Francis Jeffers,Centre-Forward
2002/03,Arsenal,Freddie Ljungberg,Right Midfield
2002/03,Arsenal,Gilberto Silva,Defensive Midfield
2002/03,Arsenal,Giovanni van Bronckhorst,Left-Back
2002/03,Arsenal,Guillaume Warmuz,Goalkeeper
2002/03,Arsenal,Igors Stepanovs,Centre-Back
2002/03,Arsenal,Jermaine Pennant,Right Winger
2002/03,Arsenal,Justin Hoyte,Right-Back
2002/03,Arsenal,Jérémie Aliadière,Centre-Forward
2002/03,Arsenal,Kolo Touré,Centre-Back
2002/03,Arsenal,Laurén,Right-Back
2002/03,Arsenal,Martin Keown,Centre-Back
2002/03,Arsenal,Nwankwo Kanu,Centre-Forward
2002/03,Arsenal,Oleg Luzhnyi,Right-Back
2002/03,Arsenal,Pascal Cygan,Centre-Back
2002/03,Arsenal,Patrick Vieira,Defensive Midfield
2002/03,Arsenal,Rami Shaaban,Goalkeeper
2002/03,Arsenal,Ray Parlour,Central Midfield
2002/03,Arsenal,Robert Pirès,Left Midfield
2002/03,Arsenal,Ryan Garry,Centre-Back
2002/03,Arsenal,Sebastian Svärd,Defensive Midfield
2002/03,Arsenal,Sol Campbell,Centre-Back
2002/03,Arsenal,Stathis Tavlaridis,Centre-Back
2002/03,Arsenal,Stuart Taylor,Goalkeeper
2002/03,Arsenal,Sylvain Wiltord,Second Striker
2002/03,Arsenal,Thierry Henry,Centre-Forward
2002/03,Aston Villa,Alan Wright,Left-Back
2002/03,Aston Villa,Alpay Özalan,Centre-Back
2002/03,Aston Villa,Bosko Balaban,Centre-Forward
2002/03,Aston Villa,Darius Vassell,Centre-Forward
2002/03,Aston Villa,Dion Dublin,Centre-Forward
2002/03,Aston Villa,Gareth Barry,Defensive Midfield
2002/03,Aston Villa,George Boateng,Defensive Midfield
2002/03,Aston Villa,Hassan Kachloul,Left Midfield
2002/03,Aston Villa,Ian Taylor,Central Midfield
2002/03,Aston Villa,Jlloyd Samuel,Left-Back
2002/03,Aston Villa,Joey Gudjónsson,Central Midfield
2002/03,Aston Villa,Juan Pablo Ángel,Centre-Forward
2002/03,Aston Villa,Lee Hendrie,Central Midfield
2002/03,Aston Villa,Liam Ridgewell,Centre-Back
2002/03,Aston Villa,Marcus Allbäck,Centre-Forward
2002/03,Aston Villa,Mark Delaney,Right-Back
2002/03,Aston Villa,Mark Kinsella,Defensive Midfield
2002/03,Aston Villa,Michael Boulding,Centre-Forward
2002/03,Aston Villa,Mustapha Hadji,Attacking Midfield
2002/03,Aston Villa,Olof Mellberg,Centre-Back
2002/03,Aston Villa,Paul Merson,Attacking Midfield
2002/03,Aston Villa,Peter Crouch,Centre-Forward
2002/03,Aston Villa,Peter Enckelman,Goalkeeper
2002/03,Aston Villa,Peter Whittingham,Central Midfield
2002/03,Aston Villa,Rob Edwards,Centre-Back
2002/03,Aston Villa,Ronny Johnsen,Centre-Back
2002/03,Aston Villa,Stefan Moore,Centre-Forward
2002/03,Aston Villa,Stefan Postma,Goalkeeper
2002/03,Aston Villa,Stephen Cooke,Right Midfield
2002/03,Aston Villa,Steve Staunton,Left-Back
2002/03,Aston Villa,Steve Stone,Right Midfield
2002/03,Aston Villa,Thomas Hitzlsperger,Central Midfield
2002/03,Aston Villa,Ulises de la Cruz,Right-Back
2002/03,Aston Villa,Wayne Henderson,Goalkeeper
2002/03,Aston Villa,Øyvind Leonhardsen,Central Midfield
2002/03,Birmingham,Aliou Cissé,Defensive Midfield
2002/03,Birmingham,Andy Marriott,Goalkeeper
2002/03,Birmingham,Bryan Hughes,Attacking Midfield
2002/03,Birmingham,Christophe Dugarry,Centre-Forward
2002/03,Birmingham,Christophe Grondin,Defensive Midfield
2002/03,Birmingham,Clinton Morrison,Centre-Forward
2002/03,Birmingham,Craig Fagan,Centre-Forward
2002/03,Birmingham,Damien Johnson,Right Midfield
2002/03,Birmingham,Darren Carter,Central Midfield
2002/03,Birmingham,Darren Purse,Centre-Back
2002/03,Birmingham,Darryl Powell,Centre-Back
2002/03,Birmingham,Ferdinand Coly,Right-Back
2002/03,Birmingham,Geoff Horsfield,Centre-Forward
2002/03,Birmingham,Ian Bennett,Goalkeeper
2002/03,Birmingham,Jamie Clapham,Left-Back
2002/03,Birmingham,Jeff Kenna,Right-Back
2002/03,Birmingham,Joey Hutchinson,Defender
2002/03,Birmingham,Jovan Kirovski,Right Winger
2002/03,Birmingham,Kenny Cunningham,Centre-Back
2002/03,Birmingham,Martin Grainger,Left-Back
2002/03,Birmingham,Mat Sadler,Centre-Back
2002/03,Birmingham,Matthew Upson,Centre-Back
2002/03,Birmingham,Michael Johnson,Centre-Back
2002/03,Birmingham,Nico Vaesen,Goalkeeper
2002/03,Birmingham,Olivier Tébily,Centre-Back
2002/03,Birmingham,Paul Devlin,Attacking Midfield
2002/03,Birmingham,Peter Gilbert,Left-Back
2002/03,Birmingham,Piotr Swierczewski,Defensive Midfield
2002/03,Birmingham,Robbie Savage,Central Midfield
2002/03,Birmingham,Stan Lazaridis,Left Midfield
2002/03,Birmingham,Stephen Clemence,Central Midfield
2002/03,Birmingham,Stern John,Centre-Forward
2002/03,Birmingham,Steve Vickers,Centre-Back
2002/03,Birmingham,Tom Williams,Left-Back
2002/03,Birmingham,Tommy Mooney,Centre-Forward
2002/03,Blackburn,Alan Kelly,Goalkeeper
2002/03,Blackburn,Alan Mahon,Left Midfield
2002/03,Blackburn,Alan Miller,Goalkeeper
2002/03,Blackburn,Andy Cole,Centre-Forward
2002/03,Blackburn,Andy Todd,Centre-Back
2002/03,Blackburn,Brad Friedel,Goalkeeper
2002/03,Blackburn,Corrado Grabbi,Centre-Forward
2002/03,Blackburn,Craig Hignett,Right Winger
2002/03,Blackburn,Craig Short,Centre-Back
2002/03,Blackburn,Damien Duff,Right Midfield
2002/03,Blackburn,David Dunn,Attacking Midfield
2002/03,Blackburn,David Thompson,Right Midfield
2002/03,Blackburn,Dwight Yorke,Centre-Forward
2002/03,Blackburn,Egil Østenstad,Centre-Forward
2002/03,Blackburn,Garry Flitcroft,Central Midfield
2002/03,Blackburn,Hakan Şükür,Centre-Forward
2002/03,Blackburn,Henning Berg,Right-Back
2002/03,Blackburn,Jamie Milligan,Attacking Midfield
2002/03,Blackburn,Jay McEveley,Centre-Back
2002/03,Blackburn,John Curtis,Right-Back
2002/03,Blackburn,Jonathan Douglas,Central Midfield
2002/03,Blackburn,Keith Gillespie,Right Midfield
2002/03,Blackburn,Lucas Neill,Right-Back
2002/03,Blackburn,Martin Taylor,Centre-Back
2002/03,Blackburn,Matt Jansen,Centre-Forward
2002/03,Blackburn,Michael Taylor,Centre-Back
2002/03,Blackburn,Neil Danns,Central Midfield
2002/03,Blackburn,Nils-Eric Johansson,Left-Back
2002/03,Blackburn,Paul Gallagher,Central Midfield
2002/03,Blackburn,Sebastian Pelzer,Centre-Back
2002/03,Blackburn,Tugay Kerimoğlu,Defensive Midfield
2002/03,Blackburn,Vratislav Gresko,Left-Back
2002/03,Bolton,Anthony Barness,Left-Back
2002/03,Bolton,Bernard Mendy,Right-Back
2002/03,Bolton,Bruno N'Gotty,Centre-Back
2002/03,Bolton,Bülent Akın,Defensive Midfield
2002/03,Bolton,Chris Armstrong,Centre-Forward
2002/03,Bolton,Cleveland Taylor,Right Midfield
2002/03,Bolton,Colin Hendry,Centre-Back
2002/03,Bolton,Danny Livesey,Centre-Back
2002/03,Bolton,Dean Holdsworth,Centre-Forward
2002/03,Bolton,Delroy Facey,Centre-Forward
2002/03,Bolton,Derek Niven,Defensive Midfield
2002/03,Bolton,Florent Laville,Centre-Back
2002/03,Bolton,Gareth Farrelly,Left Midfield
2002/03,Bolton,Gudni Bergsson,Centre-Back
2002/03,Bolton,Gérald Forschelet,Defensive Midfield
2002/03,Bolton,Henrik Pedersen,Centre-Forward
2002/03,Bolton,Iván Campo,Defensive Midfield
2002/03,Bolton,Jay-Jay Okocha,Attacking Midfield
2002/03,Bolton,Jeff Smith,Attacking Midfield
2002/03,Bolton,Jermaine Johnson,Right Winger
2002/03,Bolton,Jonathan Walters,Right Winger
2002/03,Bolton,Jussi Jääskeläinen,Goalkeeper
2002/03,Bolton,Kevin Nolan,Attacking Midfield
2002/03,Bolton,Kevin Poole,Goalkeeper
2002/03,Bolton,Michael Ricketts,Centre-Forward
2002/03,Bolton,Mike Whitlow,Left-Back
2002/03,Bolton,Nicky Hunt,Right-Back
2002/03,Bolton,Paul Warhurst,Central Midfield
2002/03,Bolton,Per Frandsen,Right Midfield
2002/03,Bolton,Pierre-Yves André,Centre-Forward
2002/03,Bolton,Ricardo Gardner,Left-Back
2002/03,Bolton,Salva Ballesta,Centre-Forward
2002/03,Bolton,Simon Charlton,Left-Back
2002/03,Bolton,Stig Tøfting,Defensive Midfield
2002/03,Bolton,Wayne Buchanan,Centre-Back
2002/03,Bolton,Youri Djorkaeff,Attacking Midfield
2002/03,Charlton,Ben Roberts,Goalkeeper
2002/03,Charlton,Chris Bart-Williams,Central Midfield
2002/03,Charlton,Chris Powell,Left-Back
2002/03,Charlton,Claus Jensen,Attacking Midfield
2002/03,Charlton,Dean Kiely,Goalkeeper
2002/03,Charlton,Gary Rowett,Right-Back
2002/03,Charlton,Graham Stuart,Right Winger
2002/03,Charlton,Jamal Campbell-Ryce,Right Winger
2002/03,Charlton,Jason Euell,Left Winger
2002/03,Charlton,Jesper Blomqvist,Left Midfield
2002/03,Charlton,John Robinson,Right Winger
2002/03,Charlton,Jonatan Johansson,Centre-Forward
2002/03,Charlton,Jonathan Fortune,Centre-Back
2002/03,Charlton,Kevin Lisbie,Centre-Forward
2002/03,Charlton,Luke Young,Right-Back
2002/03,Charlton,Mark DeBolla,Striker
2002/03,Charlton,Mark Fish,Centre-Back
2002/03,Charlton,Mark Kinsella,Defensive Midfield
2002/03,Charlton,Martin Pringle,Centre-Forward
2002/03,Charlton,Mathias Svensson,Centre-Forward
2002/03,Charlton,Michael Turner,Centre-Back
2002/03,Charlton,Osei Sankofa,Right-Back
2002/03,Charlton,Paul Konchesky,Left-Back
2002/03,Charlton,Paul Rachubka,Goalkeeper
2002/03,Charlton,Radostin Kishishev,Defensive Midfield
2002/03,Charlton,Richard Rufus,Centre-Back
2002/03,Charlton,Robbie Mustoe,Central Midfield
2002/03,Charlton,Scott Parker,Central Midfield
2002/03,Charlton,Shaun Bartlett,Centre-Forward
2002/03,Charlton,Steve Brown,Centre-Back
2002/03,Charlton,Tahar El Khalej,Centre-Back
2002/03,Chelsea,Albert Ferrer,Right-Back
2002/03,Chelsea,Boudewijn Zenden,Left Winger
2002/03,Chelsea,Carlo Cudicini,Goalkeeper
2002/03,Chelsea,Carlton Cole,Centre-Forward
2002/03,Chelsea,Celestine Babayaro,Left-Back
2002/03,Chelsea,Ed de Goey,Goalkeeper
2002/03,Chelsea,Eidur Gudjohnsen,Centre-Forward
2002/03,Chelsea,Emmanuel Petit,Defensive Midfield
2002/03,Chelsea,Filipe Oliveira,Right Winger
2002/03,Chelsea,Frank Lampard,Central Midfield
2002/03,Chelsea,Gabriele Ambrosetti,Left Midfield
2002/03,Chelsea,Gianfranco Zola,Second Striker
2002/03,Chelsea,Graeme Le Saux,Left-Back
2002/03,Chelsea,Jesper Grønkjær,Left Winger
2002/03,Chelsea,Jimmy Floyd Hasselbaink,Centre-Forward
2002/03,Chelsea,Jody Morris,Central Midfield
2002/03,Chelsea,Joe Keenan,Left-Back
2002/03,Chelsea,Joel Kitamirike,Centre-Back
2002/03,Chelsea,John Terry,Centre-Back
2002/03,Chelsea,Lenny Pidgeley,Goalkeeper
2002/03,Chelsea,Marcel Desailly,Centre-Back
2002/03,Chelsea,Mario Melchiot,Right-Back
2002/03,Chelsea,Mario Stanic,Right Winger
2002/03,Chelsea,Mark Bosnich,Goalkeeper
2002/03,Chelsea,Quique de Lucas,Attacking Midfield
2002/03,Chelsea,Robert Huth,Centre-Back
2002/03,Chelsea,Robert Wolleaston,Central Midfield
2002/03,Chelsea,Sebastian Kneißl,Attacking Midfield
2002/03,Chelsea,Valerio Di Cesare,Centre-Back
2002/03,Chelsea,William Gallas,Centre-Back
2002/03,Chelsea,Winston Bogarde,Centre-Back
2002/03,Everton,Alan Stubbs,Centre-Back
2002/03,Everton,Alessandro Pistone,Left-Back
2002/03,Everton,Alex Nyarko,Central Midfield
2002/03,Everton,Brian McBride,Centre-Forward
2002/03,Everton,David Carney,Left Midfield
2002/03,Everton,David Unsworth,Left-Back
2002/03,Everton,David Weir,Centre-Back
2002/03,Everton,Duncan Ferguson,Centre-Forward
2002/03,Everton,Espen Baardsen,Goalkeeper
2002/03,Everton,Gary Naysmith,Left-Back
2002/03,Everton,Ibrahim Said,Centre-Back
2002/03,Everton,Joseph Yobo,Centre-Back
2002/03,Everton,Kevin Campbell,Centre-Forward
2002/03,Everton,Kevin McLeod,Left Midfield
2002/03,Everton,Lee Carsley,Defensive Midfield
2002/03,Everton,Leon Osman,Central Midfield
2002/03,Everton,Mark Pembridge,Left Midfield
2002/03,Everton,Nick Chadwick,Centre-Forward
2002/03,Everton,Niclas Alexandersson,Right Midfield
2002/03,Everton,Paul Gerrard,Goalkeeper
2002/03,Everton,Richard Wright,Goalkeeper
2002/03,Everton,Rodrigo Beckham,Attacking Midfield
2002/03,Everton,Scot Gemmill,Central Midfield
2002/03,Everton,Steve Simonsen,Goalkeeper
2002/03,Everton,Steve Watson,Right-Back
2002/03,Everton,Thomas Gravesen,Defensive Midfield
2002/03,Everton,Tie Li,Defensive Midfield
2002/03,Everton,Tobias Linderoth,Defensive Midfield
2002/03,Everton,Tomasz Radzinski,Centre-Forward
2002/03,Everton,Tony Hibbert,Right-Back
2002/03,Everton,Wayne Rooney,Centre-Forward
2002/03,Everton,Weifeng Li,Centre-Back
2002/03,Fulham,Abdeslam Ouaddou,Centre-Back
2002/03,Fulham,Alain Goma,Centre-Back
2002/03,Fulham,Andrejs Stolcers,Attacking Midfield
2002/03,Fulham,Andy Melville,Centre-Back
2002/03,Fulham,Barry Hayles,Centre-Forward
2002/03,Fulham,Bjarne Goldbaek,Central Midfield
2002/03,Fulham,Calum Willock,Centre-Forward
2002/03,Fulham,Dean Leacock,Centre-Back
2002/03,Fulham,Edwin van der Sar,Goalkeeper
2002/03,Fulham,Elvis Hammond,Centre-Forward
2002/03,Fulham,Facundo Sava,Centre-Forward
2002/03,Fulham,John Collins,Left Midfield
2002/03,Fulham,Jon Harley,Left-Back
2002/03,Fulham,Junichi Inamoto,Defensive Midfield
2002/03,Fulham,Jérôme Bonnissel,Left-Back
2002/03,Fulham,Lee Clark,Central Midfield
2002/03,Fulham,Louis Saha,Centre-Forward
2002/03,Fulham,Luís Boa Morte,Left Midfield
2002/03,Fulham,Maik Taylor,Goalkeeper
2002/03,Fulham,Mark Hudson,Centre-Back
2002/03,Fulham,Martin Djetou,Centre-Back
2002/03,Fulham,Martín Herrera,Goalkeeper
2002/03,Fulham,Pierre Womé,Left-Back
2002/03,Fulham,Rufus Brevett,Left-Back
2002/03,Fulham,Sean Davis,Defensive Midfield
2002/03,Fulham,Steed Malbranque,Left Midfield
2002/03,Fulham,Steve Finnan,Right-Back
2002/03,Fulham,Steve Marlet,Centre-Forward
2002/03,Fulham,Sylvain Legwinski,Central Midfield
2002/03,Fulham,Zat Knight,Centre-Back
2002/03,Leeds,Alan Smith,Central Midfield
2002/03,Leeds,Danny Mills,Right-Back
2002/03,Leeds,David Batty,Defensive Midfield
2002/03,Leeds,Dejan Milosevic,Goalkeeper
2002/03,Leeds,Dominic Matteo,Left-Back
2002/03,Leeds,Eirik Bakke,Central Midfield
2002/03,Leeds,Frazer Richardson,Right-Back
2002/03,Leeds,Gary Kelly,Right-Back
2002/03,Leeds,Harpal Singh,Left Midfield
2002/03,Leeds,Harry Kewell,Left Winger
2002/03,Leeds,Ian Harte,Left-Back
2002/03,Leeds,Jacob Burns,Defensive Midfield
2002/03,Leeds,James Milner,Central Midfield
2002/03,Leeds,Jamie McMaster,Central Midfield
2002/03,Leeds,Jason Wilcox,Left Midfield
2002/03,Leeds,Jonathan Woodgate,Centre-Back
2002/03,Leeds,Lee Bowyer,Central Midfield
2002/03,Leeds,Lucas Radebe,Centre-Back
2002/03,Leeds,Mark Viduka,Centre-Forward
2002/03,Leeds,Matthew Kilgallon,Centre-Back
2002/03,Leeds,Michael Bridges,Centre-Forward
2002/03,Leeds,Michael Duberry,Centre-Back
2002/03,Leeds,Nick Barmby,Left Midfield
2002/03,Leeds,Nigel Martyn,Goalkeeper
2002/03,Leeds,Olivier Dacourt,Defensive Midfield
2002/03,Leeds,Paul Keegan,Central Midfield
2002/03,Leeds,Paul Okon-Engstler,Defensive Midfield
2002/03,Leeds,Paul Robinson,Goalkeeper
2002/03,Leeds,Raúl Bravo,Centre-Back
2002/03,Leeds,Robbie Fowler,Centre-Forward
2002/03,Leeds,Robbie Keane,Centre-Forward
2002/03,Leeds,Seth Johnson,Central Midfield
2002/03,Leeds,Shane Cansdell-Sherriff,Centre-Back
2002/03,Leeds,Simon Johnson,Centre-Forward
2002/03,Leeds,Stephen McPhail,Left Midfield
2002/03,Leeds,Teddy Lucic,Centre-Back
2002/03,Liverpool,Abel Xavier,Right-Back
2002/03,Liverpool,Bruno Cheyrou,Central Midfield
2002/03,Liverpool,Chris Kirkland,Goalkeeper
2002/03,Liverpool,Danny Murphy,Central Midfield
2002/03,Liverpool,Dietmar Hamann,Defensive Midfield
2002/03,Liverpool,Djimi Traoré,Centre-Back
2002/03,Liverpool,El-Hadji Diouf,Centre-Forward
2002/03,Liverpool,Emile Heskey,Centre-Forward
2002/03,Liverpool,Grégory Vignal,Left-Back
2002/03,Liverpool,Igor Biscan,Defensive Midfield
2002/03,Liverpool,Jamie Carragher,Centre-Back
2002/03,Liverpool,Jerzy Dudek,Goalkeeper
2002/03,Liverpool,John Arne Riise,Left-Back
2002/03,Liverpool,John Welsh,Central Midfield
2002/03,Liverpool,Markus Babbel,Centre-Back
2002/03,Liverpool,Michael Foley-Sheridan,Central Midfield
2002/03,Liverpool,Michael Owen,Centre-Forward
2002/03,Liverpool,Milan Baros,Centre-Forward
2002/03,Liverpool,Neil Mellor,Centre-Forward
2002/03,Liverpool,Patrice Luzi,Goalkeeper
2002/03,Liverpool,Patrik Berger,Attacking Midfield
2002/03,Liverpool,Pegguy Arphexad,Goalkeeper
2002/03,Liverpool,Salif Diao,Defensive Midfield
2002/03,Liverpool,Sami Hyypiä,Centre-Back
2002/03,Liverpool,Stephen Warnock,Left-Back
2002/03,Liverpool,Steven Gerrard,Central Midfield
2002/03,Liverpool,Stéphane Henchoz,Centre-Back
2002/03,Liverpool,Vegard Heggem,Right-Back
2002/03,Liverpool,Vladimir Smicer,Attacking Midfield
2002/03,Man City,Alf-Inge Haaland,Right-Back
2002/03,Man City,Ali Benarbia,Attacking Midfield
2002/03,Man City,Brian Murphy,Goalkeeper
2002/03,Man City,Carlo Nash,Goalkeeper
2002/03,Man City,Chris Killen,Centre-Forward
2002/03,Man City,Chris Shuker,Right Midfield
2002/03,Man City,Christian Negouai,Defensive Midfield
2002/03,Man City,Danny Tiatto,Left-Back
2002/03,Man City,Darren Huckerby,Centre-Forward
2002/03,Man City,David Sommeil,Centre-Back
2002/03,Man City,Djamel Belmadi,Right Midfield
2002/03,Man City,Eyal Berkovic,Attacking Midfield
2002/03,Man City,Gerard Wiekens,Centre-Back
2002/03,Man City,Glenn Whelan,Defensive Midfield
2002/03,Man City,Jeff Whitley,Defensive Midfield
2002/03,Man City,Jihai Sun,Right-Back
2002/03,Man City,Joey Barton,Central Midfield
2002/03,Man City,Jon Macken,Centre-Forward
2002/03,Man City,Karim Kerkar,Attacking Midfield
2002/03,Man City,Kevin Horlock,Defensive Midfield
2002/03,Man City,Kevin Stuhr-Ellegaard,Goalkeeper
2002/03,Man City,Laurent Charvet,Right-Back
2002/03,Man City,Lucién Mettomo,Centre-Back
2002/03,Man City,Marc-Vivien Foé,Defensive Midfield
2002/03,Man City,Matías Vuoso,Centre-Forward
2002/03,Man City,Mikkel Bischoff,Centre-Back
2002/03,Man City,Nicky Weaver,Goalkeeper
2002/03,Man City,Niclas Jensen,Left-Back
2002/03,Man City,Nicolas Anelka,Centre-Forward
2002/03,Man City,Patrick McCarthy,Centre-Back
2002/03,Man City,Paul Ritchie,Centre-Back
2002/03,Man City,Paulo Wanchope,Centre-Forward
2002/03,Man City,Peter Schmeichel,Goalkeeper
2002/03,Man City,Rhys Day,Centre-Back
2002/03,Man City,Richard Dunne,Centre-Back
2002/03,Man City,Robbie Fowler,Centre-Forward
2002/03,Man City,Shaun Goater,Centre-Forward
2002/03,Man City,Shaun Wright-Phillips,Right Winger
2002/03,Man City,Stephen Jordan,Centre-Back
2002/03,Man City,Steve Howey,Centre-Back
2002/03,Man City,Sylvain Distin,Centre-Back
2002/03,Man City,Terry Dunfield,Central Midfield
2002/03,Man City,Tim Flowers,Goalkeeper
2002/03,Man City,Tyrone Loran,Right-Back
2002/03,Man United,Daniel Nardiello,Centre-Forward
2002/03,Man United,Danny Pugh,Left-Back
2002/03,Man United,Danny Webber,Centre-Forward
2002/03,Man United,Darren Fletcher,Central Midfield
2002/03,Man United,David Beckham,Right Midfield
2002/03,Man United,David May,Centre-Back
2002/03,Man United,Diego Forlán,Centre-Forward
2002/03,Man United,Fabien Barthez,Goalkeeper
2002/03,Man United,Gary Neville,Right-Back
2002/03,Man United,John O'Shea,Centre-Back
2002/03,Man United,Juan Sebastián Verón,Central Midfield
2002/03,Man United,Kieran Richardson,Left-Back
2002/03,Man United,Laurent Blanc,Centre-Back
2002/03,Man United,Lee Roche,Right-Back
2002/03,Man United,Luke Chadwick,Attacking Midfield
2002/03,Man United,Mads Timm,Second Striker
2002/03,Man United,Mark Lynch,Right-Back
2002/03,Man United,Michael Stewart,Central Midfield
2002/03,Man United,Mikaël Silvestre,Left-Back
2002/03,Man United,Nicky Butt,Defensive Midfield
2002/03,Man United,Ole Gunnar Solskjaer,Centre-Forward
2002/03,Man United,Paul Scholes,Central Midfield
2002/03,Man United,Phil Neville,Right-Back
2002/03,Man United,Quinton Fortune,Left-Back
2002/03,Man United,Ricardo,Goalkeeper
2002/03,Man United,Rio Ferdinand,Centre-Back
2002/03,Man United,Roy Carroll,Goalkeeper
2002/03,Man United,Roy Keane,Central Midfield
2002/03,Man United,Ruud van Nistelrooy,Centre-Forward
2002/03,Man United,Ryan Giggs,Left Midfield
2002/03,Man United,Wes Brown,Centre-Back
2002/03,Middlesbrough,Alen Bokšić,Centre-Forward
2002/03,Middlesbrough,Allan Johnston,Right Midfield
2002/03,Middlesbrough,Andrew Davies,Centre-Back
2002/03,Middlesbrough,Brad Jones,Goalkeeper
2002/03,Middlesbrough,Brian Close,Right-Back
2002/03,Middlesbrough,Carlos Marinelli,Attacking Midfield
2002/03,Middlesbrough,Chris Riggott,Centre-Back
2002/03,Middlesbrough,Colin Cooper,Left-Back
2002/03,Middlesbrough,Craig Dove,Right Midfield
2002/03,Middlesbrough,David Murphy,Left-Back
2002/03,Middlesbrough,Dean Windass,Centre-Forward
2002/03,Middlesbrough,Doriva,Defensive Midfield
2002/03,Middlesbrough,Franck Queudrue,Left-Back
2002/03,Middlesbrough,Gareth Southgate,Centre-Back
2002/03,Middlesbrough,George Boateng,Defensive Midfield
2002/03,Middlesbrough,Jamie Cade,Right Winger
2002/03,Middlesbrough,Jason Gavin,Centre-Back
2002/03,Middlesbrough,John Eustace,Defensive Midfield
2002/03,Middlesbrough,Jonathan Greening,Central Midfield
2002/03,Middlesbrough,Joseph-Désiré Job,Centre-Forward
2002/03,Middlesbrough,Juninho Paulista,Attacking Midfield
2002/03,Middlesbrough,Luke Wilkshire,Right-Back
2002/03,Middlesbrough,Malcolm Christie,Centre-Forward
2002/03,Middlesbrough,Mark Crossley,Goalkeeper
2002/03,Middlesbrough,Mark Schwarzer,Goalkeeper
2002/03,Middlesbrough,Mark Wilson,Central Midfield
2002/03,Middlesbrough,Massimo Maccarone,Centre-Forward
2002/03,Middlesbrough,Michael Ricketts,Centre-Forward
2002/03,Middlesbrough,Njitap Geremi,Right Midfield
2002/03,Middlesbrough,Noel Whelan,Centre-Forward
2002/03,Middlesbrough,Phil Gulliver,Centre-Back
2002/03,Middlesbrough,Phil Stamp,Central Midfield
2002/03,Middlesbrough,Robbie Stockdale,Right-Back
2002/03,Middlesbrough,Sam Russell,Goalkeeper
2002/03,Middlesbrough,Stewart Downing,Left Midfield
2002/03,Middlesbrough,Stuart Parnaby,Right-Back
2002/03,Middlesbrough,Szilárd Németh,Second Striker
2002/03,Middlesbrough,Tony Vidmar,Left-Back
2002/03,Middlesbrough,Ugo Ehiogu,Centre-Back
2002/03,Newcastle,Aaron Hughes,Centre-Back
2002/03,Newcastle,Adam Collin,Goalkeeper
2002/03,Newcastle,Alan Shearer,Centre-Forward
2002/03,Newcastle,Andrew O'Brien,Centre-Back
2002/03,Newcastle,Andy Griffin,Right-Back
2002/03,Newcastle,Brian Kerr,Central Midfield
2002/03,Newcastle,Carl Cort,Centre-Forward
2002/03,Newcastle,Clarence Acuña,Defensive Midfield
2002/03,Newcastle,Craig Bellamy,Left Winger
2002/03,Newcastle,Darren Ambrose,Right Midfield
2002/03,Newcastle,Gary Speed,Central Midfield
2002/03,Newcastle,Hugo Viana,Central Midfield
2002/03,Newcastle,Jamie McClen,Central Midfield
2002/03,Newcastle,Jermaine Jenas,Central Midfield
2002/03,Newcastle,John Karelse,Goalkeeper
2002/03,Newcastle,Jonathan Woodgate,Centre-Back
2002/03,Newcastle,Jonny Brain,Goalkeeper
2002/03,Newcastle,Kieron Dyer,Right Midfield
2002/03,Newcastle,Laurent Robert,Left Winger
2002/03,Newcastle,Lomana LuaLua,Centre-Forward
2002/03,Newcastle,Michael Chopra,Centre-Forward
2002/03,Newcastle,Nikolaos Dabizas,Centre-Back
2002/03,Newcastle,Nolberto Solano,Right Midfield
2002/03,Newcastle,Olivier Bernard,Left-Back
2002/03,Newcastle,Richard Offiong,Centre-Forward
2002/03,Newcastle,Robbie Elliott,Left-Back
2002/03,Newcastle,Shay Given,Goalkeeper
2002/03,Newcastle,Shola Ameobi,Centre-Forward
2002/03,Newcastle,Steve Harper,Goalkeeper
2002/03,Newcastle,Steven Caldwell,Centre-Back
2002/03,Newcastle,Titus Bramble,Centre-Back
2002/03,Newcastle,Tony Caig,Goalkeeper
2002/03,Newcastle,Wayne Quinn,Left-Back
2002/03,Southampton,Agustín Delgado,Centre-Forward
2002/03,Southampton,Alan Blayney,Goalkeeper
2002/03,Southampton,Anders Svensson,Defensive Midfield
2002/03,Southampton,Andrey Kanchelskis,Right Midfield
2002/03,Southampton,Antti Niemi,Goalkeeper
2002/03,Southampton,Brett Ormerod,Centre-Forward
2002/03,Southampton,Chris Baird,Defensive Midfield
2002/03,Southampton,Chris Marsden,Central Midfield
2002/03,Southampton,Claus Lundekvam,Centre-Back
2002/03,Southampton,Danny Higginbotham,Centre-Back
2002/03,Southampton,Darren Kenton,Centre-Back
2002/03,Southampton,David Prutton,Central Midfield
2002/03,Southampton,Dexter Blackstock,Centre-Forward
2002/03,Southampton,Eric Hassli,Centre-Forward
2002/03,Southampton,Fabrice Fernandes,Left Winger
2002/03,Southampton,Federico Arias,Centre-Forward
2002/03,Southampton,Francis Benali,Left-Back
2002/03,Southampton,Garry Monk,Centre-Back
2002/03,Southampton,James Beattie,Centre-Forward
2002/03,Southampton,Jason Dodd,Right-Back
2002/03,Southampton,Jo Tessem,Central Midfield
2002/03,Southampton,Kevin Davies,Centre-Forward
2002/03,Southampton,Marians Pahars,Centre-Forward
2002/03,Southampton,Mark Draper,Central Midfield
2002/03,Southampton,Matt Oakley,Central Midfield
2002/03,Southampton,Michael Svensson,Centre-Back
2002/03,Southampton,Paul Jones,Goalkeeper
2002/03,Southampton,Paul Telfer,Right-Back
2002/03,Southampton,Paul Williams,Centre-Back
2002/03,Southampton,Rory Delap,Central Midfield
2002/03,Southampton,Tahar El Khalej,Centre-Back
2002/03,Southampton,Wayne Bridge,Left-Back
2002/03,Sunderland,Ben Clark,Centre-Back
2002/03,Sunderland,Bernt Haas,Right-Back
2002/03,Sunderland,Chris Black,Midfielder
2002/03,Sunderland,Claudio Reyna,Central Midfield
2002/03,Sunderland,Cliff Byrne,Right-Back
2002/03,Sunderland,Craig Turns,Goalkeeper
2002/03,Sunderland,Darren Williams,Right-Back
2002/03,Sunderland,David Bellion,Centre-Forward
2002/03,Sunderland,Gavin McCann,Central Midfield
2002/03,Sunderland,George McCartney,Left-Back
2002/03,Sunderland,Jason McAteer,Right Midfield
2002/03,Sunderland,Joachim Björklund,Centre-Back
2002/03,Sunderland,Jody Craddock,Centre-Back
2002/03,Sunderland,John Oster,Central Midfield
2002/03,Sunderland,Jonjo Dickman,Right Midfield
2002/03,Sunderland,Julio Arca,Central Midfield
2002/03,Sunderland,Jürgen Macho,Goalkeeper
2002/03,Sunderland,Kevin Kilbane,Left Midfield
2002/03,Sunderland,Kevin Kyle,Centre-Forward
2002/03,Sunderland,Kevin Phillips,Centre-Forward
2002/03,Sunderland,Marcus Stewart,Centre-Forward
2002/03,Sunderland,Mark Rossiter,Right-Back
2002/03,Sunderland,Mart Poom,Goalkeeper
2002/03,Sunderland,Matt Piper,Right Midfield
2002/03,Sunderland,Michael Gray,Left-Back
2002/03,Sunderland,Michael Ingham,Goalkeeper
2002/03,Sunderland,Michael Proctor,Centre-Forward
2002/03,Sunderland,Niall Quinn,Centre-Forward
2002/03,Sunderland,Nicolás Medina,Defensive Midfield
2002/03,Sunderland,Paul Thirlwell,Defensive Midfield
2002/03,Sunderland,Phil Babb,Centre-Back
2002/03,Sunderland,Richie Ryan,Defensive Midfield
2002/03,Sunderland,Sean Thornton,Central Midfield
2002/03,Sunderland,Stanislav Varga,Centre-Back
2002/03,Sunderland,Stefan Schwarz,Central Midfield
2002/03,Sunderland,Stephen Wright,Right-Back
2002/03,Sunderland,Talal El Karkouri,Centre-Back
2002/03,Sunderland,Thomas Butler,Right Midfield
2002/03,Sunderland,Thomas Myhre,Goalkeeper
2002/03,Sunderland,Thomas Sörensen,Goalkeeper
2002/03,Sunderland,Tore André Flo,Centre-Forward
2002/03,Sunderland,Émerson Thome,Centre-Back
2002/03,Tottenham,Anthony Gardner,Centre-Back
2002/03,Tottenham,Ben Thatcher,Left-Back
2002/03,Tottenham,Boubacar Djibolalahou,Midfielder
2002/03,Tottenham,Chris Perry,Centre-Back
2002/03,Tottenham,Christian Ziege,Left Midfield
2002/03,Tottenham,Darren Anderton,Right Midfield
2002/03,Tottenham,Dean Richards,Centre-Back
2002/03,Tottenham,Gary Doherty,Centre-Back
2002/03,Tottenham,Gavin Kelly,Goalkeeper
2002/03,Tottenham,Goran Bunjevcevic,Centre-Back
2002/03,Tottenham,Gustavo Poyet,Attacking Midfield
2002/03,Tottenham,Jamie Redknapp,Central Midfield
2002/03,Tottenham,Jamie Slabber,Centre-Forward
2002/03,Tottenham,Jonathan Blondel,Defensive Midfield
2002/03,Tottenham,Kasey Keller,Goalkeeper
2002/03,Tottenham,Kazuyuki Toda,Defensive Midfield
2002/03,Tottenham,Lars Hirschfeld,Goalkeeper
2002/03,Tottenham,Ledley King,Centre-Back
2002/03,Tottenham,Lee Barnard,Centre-Forward
2002/03,Tottenham,Les Ferdinand,Centre-Forward
2002/03,Tottenham,Mark Yeates,Left Winger
2002/03,Tottenham,Matthew Etherington,Left Midfield
2002/03,Tottenham,Mauricio Taricco,Left-Back
2002/03,Tottenham,Milenko Acimovic,Left Midfield
2002/03,Tottenham,Neil Sullivan,Goalkeeper
2002/03,Tottenham,Rob Burch,Goalkeeper
2002/03,Tottenham,Robbie Keane,Centre-Forward
2002/03,Tottenham,Rohan Ricketts,Right Midfield
2002/03,Tottenham,Ronnie Henry,Right-Back
2002/03,Tottenham,Sergiy Rebrov,Second Striker
2002/03,Tottenham,Simon Davies,Right Midfield
2002/03,Tottenham,Steffen Freund,Defensive Midfield
2002/03,Tottenham,Steffen Iversen,Second Striker
2002/03,Tottenham,Stephen Carr,Right-Back
2002/03,Tottenham,Stephen Clemence,Central Midfield
2002/03,Tottenham,Teddy Sheringham,Centre-Forward
2002/03,Tottenham,Øyvind Leonhardsen,Central Midfield
2002/03,West Brom,Adam Chambers,Defensive Midfield
2002/03,West Brom,Andy Johnson,Attacking Midfield
2002/03,West Brom,Bob Taylor,Centre-Forward
2002/03,West Brom,Brian Jensen,Goalkeeper
2002/03,West Brom,Danny Dichio,Centre-Forward
2002/03,West Brom,Darren Moore,Centre-Back
2002/03,West Brom,Derek McInnes,Defensive Midfield
2002/03,West Brom,Des Lyttle,Right Winger
2002/03,West Brom,Ifeanyi Udeze,Left-Back
2002/03,West Brom,Igor Balis,Right-Back
2002/03,West Brom,James Chambers,Right-Back
2002/03,West Brom,Jason Koumas,Attacking Midfield
2002/03,West Brom,Jason Roberts,Centre-Forward
2002/03,West Brom,Joe Murphy,Goalkeeper
2002/03,West Brom,Jordão,Central Midfield
2002/03,West Brom,Lee Hughes,Centre-Forward
2002/03,West Brom,Lee Marshall,Central Midfield
2002/03,West Brom,Lloyd Dyer,Left Midfield
2002/03,West Brom,Lárus Orri Sigurdsson,Centre-Back
2002/03,West Brom,Michael Appleton,Central Midfield
2002/03,West Brom,Neil Clement,Right-Back
2002/03,West Brom,Phil Gilchrist,Centre-Back
2002/03,West Brom,Ronnie Wallwork,Central Midfield
2002/03,West Brom,Russell Hoult,Goalkeeper
2002/03,West Brom,Scott Dobie,Centre-Forward
2002/03,West Brom,Sean Gregan,Centre-Back
2002/03,West Brom,Tamika Mkandawire,Centre-Back
2002/03,West Ham,Anton Ferdinand,Centre-Back
2002/03,West Ham,Billy Mehmet,Centre-Forward
2002/03,West Ham,Brent Rahim,Midfielder
2002/03,West Ham,Christian Dailly,Centre-Back
2002/03,West Ham,Clive Delaney,Centre-Back
2002/03,West Ham,Daryl McMahon,Attacking Midfield
2002/03,West Ham,David Forde,Goalkeeper
2002/03,West Ham,David James,Goalkeeper
2002/03,West Ham,David Noble,Central Midfield
2002/03,West Ham,Don Hutchison,Attacking Midfield
2002/03,West Ham,Frédéric Kanouté,Centre-Forward
2002/03,West Ham,Gary Breen,Centre-Back
2002/03,West Ham,Glen Johnson,Right-Back
2002/03,West Ham,Grant McCann,Central Midfield
2002/03,West Ham,Ian Pearce,Centre-Back
2002/03,West Ham,Izzy Iriekpen,Centre-Back
2002/03,West Ham,James Allen,Striker
2002/03,West Ham,Jermain Defoe,Centre-Forward
2002/03,West Ham,Joe Cole,Attacking Midfield
2002/03,West Ham,John Moncur,Central Midfield
2002/03,West Ham,Laurent Courtois,Left Midfield
2002/03,West Ham,Lee Bowyer,Central Midfield
2002/03,West Ham,Leon Britton,Central Midfield
2002/03,West Ham,Les Ferdinand,Centre-Forward
2002/03,West Ham,Michael Carrick,Defensive Midfield
2002/03,West Ham,Nigel Winterburn,Left-Back
2002/03,West Ham,Paolo Di Canio,Centre-Forward
2002/03,West Ham,Raimond van der Gouw,Goalkeeper
2002/03,West Ham,Richard García,Second Striker
2002/03,West Ham,Rufus Brevett,Left-Back
2002/03,West Ham,Scott Minto,Left-Back
2002/03,West Ham,Shaun Byrne,Left-Back
2002/03,West Ham,Stephen Bywater,Goalkeeper
2002/03,West Ham,Steve Lomas,Central Midfield
2002/03,West Ham,Sébastien Schemmel,Right-Back
2002/03,West Ham,Titi Camara,Centre-Forward
2002/03,West Ham,Tomas Repka,Centre-Back
2002/03,West Ham,Trevor Sinclair,Left Winger
2002/03,West Ham,Vladimír Labant,Left-Back
2002/03,West Ham,Youssef Sofiane,Centre-Forward
2002/03,West Ham,Édouard Cissé,Defensive Midfield
2003/04,Arsenal,Ashley Cole,Left-Back
2003/04,Arsenal,Cesc Fàbregas,Central Midfield
2003/04,Arsenal,Craig Holloway,Goalkeeper
2003/04,Arsenal,David Bentley,Right Midfield
2003/04,Arsenal,Dennis Bergkamp,Second Striker
2003/04,Arsenal,Edú Gaspar,Central Midfield
2003/04,Arsenal,Francis Jeffers,Centre-Forward
2003/04,Arsenal,Frank Simek,Right-Back
2003/04,Arsenal,Freddie Ljungberg,Right Midfield
2003/04,Arsenal,Gaël Clichy,Left-Back
2003/04,Arsenal,Gilberto Silva,Defensive Midfield
2003/04,Arsenal,Giovanni van Bronckhorst,Left-Back
2003/04,Arsenal,Graham Stack,Goalkeeper
2003/04,Arsenal,Jens Lehmann,Goalkeeper
2003/04,Arsenal,Jerome Thomas,Left Winger
2003/04,Arsenal,John Spicer,Central Midfield
2003/04,Arsenal,José Antonio Reyes,Right Winger
2003/04,Arsenal,Justin Hoyte,Right-Back
2003/04,Arsenal,Jérémie Aliadière,Centre-Forward
2003/04,Arsenal,Kolo Touré,Centre-Back
2003/04,Arsenal,Laurén,Right-Back
2003/04,Arsenal,Martin Keown,Centre-Back
2003/04,Arsenal,Michal Papadopulos,Centre-Forward
2003/04,Arsenal,Nwankwo Kanu,Centre-Forward
2003/04,Arsenal,Pascal Cygan,Centre-Back
2003/04,Arsenal,Patrick Vieira,Defensive Midfield
2003/04,Arsenal,Philippe Senderos,Centre-Back
2003/04,Arsenal,Quincy Owusu-Abeyie,Left Winger
2003/04,Arsenal,Rami Shaaban,Goalkeeper
2003/04,Arsenal,Ray Parlour,Central Midfield
2003/04,Arsenal,Robert Pirès,Left Midfield
2003/04,Arsenal,Ryan Smith,Left Winger
2003/04,Arsenal,Sol Campbell,Centre-Back
2003/04,Arsenal,Stathis Tavlaridis,Centre-Back
2003/04,Arsenal,Stuart Taylor,Goalkeeper
2003/04,Arsenal,Sylvain Wiltord,Second Striker
2003/04,Arsenal,Thierry Henry,Centre-Forward
2003/04,Arsenal,Ólafur Ingi Skúlason,Defensive Midfield
2003/04,Aston Villa,Alpay Özalan,Centre-Back
2003/04,Aston Villa,Darius Vassell,Centre-Forward
2003/04,Aston Villa,Dion Dublin,Centre-Forward
2003/04,Aston Villa,Gareth Barry,Defensive Midfield
2003/04,Aston Villa,Gavin McCann,Central Midfield
2003/04,Aston Villa,Hassan Kachloul,Left Midfield
2003/04,Aston Villa,Jlloyd Samuel,Left-Back
2003/04,Aston Villa,Juan Pablo Ángel,Centre-Forward
2003/04,Aston Villa,Lee Hendrie,Central Midfield
2003/04,Aston Villa,Liam Ridgewell,Centre-Back
2003/04,Aston Villa,Luke Moore,Centre-Forward
2003/04,Aston Villa,Marcus Allbäck,Centre-Forward
2003/04,Aston Villa,Mark Delaney,Right-Back
2003/04,Aston Villa,Mark Kinsella,Defensive Midfield
2003/04,Aston Villa,Mustapha Hadji,Attacking Midfield
2003/04,Aston Villa,Nolberto Solano,Right Midfield
2003/04,Aston Villa,Olof Mellberg,Centre-Back
2003/04,Aston Villa,Peter Crouch,Centre-Forward
2003/04,Aston Villa,Peter Whittingham,Central Midfield
2003/04,Aston Villa,Ronny Johnsen,Centre-Back
2003/04,Aston Villa,Stefan Moore,Centre-Forward
2003/04,Aston Villa,Stefan Postma,Goalkeeper
2003/04,Aston Villa,Steven Davis,Central Midfield
2003/04,Aston Villa,Thomas Hitzlsperger,Central Midfield
2003/04,Aston Villa,Thomas Sörensen,Goalkeeper
2003/04,Aston Villa,Ulises de la Cruz,Right-Back
2003/04,Aston Villa,Wayne Henderson,Goalkeeper
2003/04,Birmingham,Aliou Cissé,Defensive Midfield
2003/04,Birmingham,Andy Barrowman,Centre-Forward
2003/04,Birmingham,Bryan Hughes,Attacking Midfield
2003/04,Birmingham,Carl Motteram,Midfielder
2003/04,Birmingham,Christophe Dugarry,Centre-Forward
2003/04,Birmingham,Clinton Morrison,Centre-Forward
2003/04,Birmingham,Colin Doyle,Goalkeeper
2003/04,Birmingham,Damien Johnson,Right Midfield
2003/04,Birmingham,Darren Carter,Central Midfield
2003/04,Birmingham,Darren Purse,Centre-Back
2003/04,Birmingham,David Dunn,Attacking Midfield
2003/04,Birmingham,Geoff Horsfield,Centre-Forward
2003/04,Birmingham,Ian Bennett,Goalkeeper
2003/04,Birmingham,Jamie Clapham,Left-Back
2003/04,Birmingham,Jeff Kenna,Right-Back
2003/04,Birmingham,Jovan Kirovski,Right Winger
2003/04,Birmingham,Kenny Cunningham,Centre-Back
2003/04,Birmingham,Luciano Figueroa,Centre-Forward
2003/04,Birmingham,Maik Taylor,Goalkeeper
2003/04,Birmingham,Martin Grainger,Left-Back
2003/04,Birmingham,Martin Taylor,Centre-Back
2003/04,Birmingham,Matthew Upson,Centre-Back
2003/04,Birmingham,Mikael Forssell,Centre-Forward
2003/04,Birmingham,Nico Vaesen,Goalkeeper
2003/04,Birmingham,Olivier Tébily,Centre-Back
2003/04,Birmingham,Paul Devlin,Attacking Midfield
2003/04,Birmingham,Robbie Savage,Central Midfield
2003/04,Birmingham,Stan Lazaridis,Left Midfield
2003/04,Birmingham,Stephen Clemence,Central Midfield
2003/04,Birmingham,Stern John,Centre-Forward
2003/04,Blackburn,Alan Kelly,Goalkeeper
2003/04,Blackburn,Alan Mahon,Left Midfield
2003/04,Blackburn,Alan Morgan,Left Midfield
2003/04,Blackburn,Andy Cole,Centre-Forward
2003/04,Blackburn,Andy Todd,Centre-Back
2003/04,Blackburn,Barry Ferguson,Defensive Midfield
2003/04,Blackburn,Brad Friedel,Goalkeeper
2003/04,Blackburn,Brett Emerton,Right Midfield
2003/04,Blackburn,Ciaran Donnelly,Central Midfield
2003/04,Blackburn,Corrado Grabbi,Centre-Forward
2003/04,Blackburn,Craig Short,Centre-Back
2003/04,Blackburn,David Thompson,Right Midfield
2003/04,Blackburn,David Yelldell,Goalkeeper
2003/04,Blackburn,Dino Baggio,Defensive Midfield
2003/04,Blackburn,Dwight Yorke,Centre-Forward
2003/04,Blackburn,Garry Flitcroft,Central Midfield
2003/04,Blackburn,Gary Harkins,Attacking Midfield
2003/04,Blackburn,Jay McEveley,Centre-Back
2003/04,Blackburn,Jon Stead,Centre-Forward
2003/04,Blackburn,Jonathan Douglas,Central Midfield
2003/04,Blackburn,Lorenzo Amoruso,Centre-Back
2003/04,Blackburn,Lucas Neill,Right-Back
2003/04,Blackburn,Markus Babbel,Centre-Back
2003/04,Blackburn,Martin Andresen,Central Midfield
2003/04,Blackburn,Martin Taylor,Centre-Back
2003/04,Blackburn,Matt Jansen,Centre-Forward
2003/04,Blackburn,Michael Gray,Left-Back
2003/04,Blackburn,Neil Danns,Central Midfield
2003/04,Blackburn,Nils-Eric Johansson,Left-Back
2003/04,Blackburn,Paul Gallagher,Central Midfield
2003/04,Blackburn,Peter Enckelman,Goalkeeper
2003/04,Blackburn,Sean Hessey,Centre-Back
2003/04,Blackburn,Steven Reid,Right-Back
2003/04,Blackburn,Tugay Kerimoğlu,Defensive Midfield
2003/04,Blackburn,Vratislav Gresko,Left-Back
2003/04,Bolton,Anthony Barness,Left-Back
2003/04,Bolton,Bruno N'Gotty,Centre-Back
2003/04,Bolton,Charlie Comyn-Platt,Centre-Back
2003/04,Bolton,Cleveland Taylor,Right Midfield
2003/04,Bolton,Danny Livesey,Centre-Back
2003/04,Bolton,Delroy Facey,Centre-Forward
2003/04,Bolton,Donovan Ricketts,Goalkeeper
2003/04,Bolton,Dwight Pezzarossi,Centre-Forward
2003/04,Bolton,Florent Laville,Centre-Back
2003/04,Bolton,Glen Little,Right Winger
2003/04,Bolton,Henrik Pedersen,Centre-Forward
2003/04,Bolton,Ibrahim Bá,Right Midfield
2003/04,Bolton,Iván Campo,Defensive Midfield
2003/04,Bolton,Jardel,Centre-Forward
2003/04,Bolton,Jason Talbot,Left-Back
2003/04,Bolton,Javi Moreno,Centre-Forward
2003/04,Bolton,Jay-Jay Okocha,Attacking Midfield
2003/04,Bolton,Jeff Smith,Attacking Midfield
2003/04,Bolton,Jeremy Bon,Goalkeeper
2003/04,Bolton,Jon Otsemobor,Right-Back
2003/04,Bolton,Jussi Jääskeläinen,Goalkeeper
2003/04,Bolton,Kevin Davies,Centre-Forward
2003/04,Bolton,Kevin Nolan,Attacking Midfield
2003/04,Bolton,Kevin Poole,Goalkeeper
2003/04,Bolton,Nicky Hunt,Right-Back
2003/04,Bolton,Per Frandsen,Right Midfield
2003/04,Bolton,Ricardo Gardner,Left-Back
2003/04,Bolton,Ricardo Vaz Tê,Right Winger
2003/04,Bolton,Ricky Shakes,Right Midfield
2003/04,Bolton,Simon Charlton,Left-Back
2003/04,Bolton,Stelios Giannakopoulos,Right Winger
2003/04,Bolton,Steve Howey,Centre-Back
2003/04,Bolton,Youri Djorkaeff,Attacking Midfield
2003/04,Bolton,Émerson Thome,Centre-Back
2003/04,Charlton,Adrian Deane,Midfielder
2003/04,Charlton,Carlton Cole,Centre-Forward
2003/04,Charlton,Chris Perry,Centre-Back
2003/04,Charlton,Chris Powell,Left-Back
2003/04,Charlton,Claus Jensen,Attacking Midfield
2003/04,Charlton,Dean Kiely,Goalkeeper
2003/04,Charlton,Gary Rowett,Right-Back
2003/04,Charlton,Graham Stuart,Right Winger
2003/04,Charlton,Hermann Hreidarsson,Left-Back
2003/04,Charlton,Jamal Campbell-Ryce,Right Winger
2003/04,Charlton,Jason Euell,Left Winger
2003/04,Charlton,Jerome Thomas,Left Winger
2003/04,Charlton,Jonatan Johansson,Centre-Forward
2003/04,Charlton,Jonathan Fortune,Centre-Back
2003/04,Charlton,Kevin Lisbie,Centre-Forward
2003/04,Charlton,Lloyd Sam,Right Winger
2003/04,Charlton,Luke Young,Right-Back
2003/04,Charlton,Mark Fish,Centre-Back
2003/04,Charlton,Mathias Svensson,Centre-Forward
2003/04,Charlton,Matt Holland,Central Midfield
2003/04,Charlton,Michael Turner,Centre-Back
2003/04,Charlton,Osei Sankofa,Right-Back
2003/04,Charlton,Paolo Di Canio,Centre-Forward
2003/04,Charlton,Paul Konchesky,Left-Back
2003/04,Charlton,Radostin Kishishev,Defensive Midfield
2003/04,Charlton,Richard Rufus,Centre-Back
2003/04,Charlton,Scott Parker,Central Midfield
2003/04,Charlton,Shaun Bartlett,Centre-Forward
2003/04,Charlton,Simon Royce,Goalkeeper
2003/04,Charlton,Stephen Hughes,Central Midfield
2003/04,Charlton,Sérgio Leite,Goalkeeper
2003/04,Chelsea,Adrian Mutu,Left Winger
2003/04,Chelsea,Alexis Nicolas,Defensive Midfield
2003/04,Chelsea,Carlo Cudicini,Goalkeeper
2003/04,Chelsea,Carlton Cole,Centre-Forward
2003/04,Chelsea,Celestine Babayaro,Left-Back
2003/04,Chelsea,Claude Makélélé,Defensive Midfield
2003/04,Chelsea,Craig Rocastle,Right Midfield
2003/04,Chelsea,Damien Duff,Right Midfield
2003/04,Chelsea,Eidur Gudjohnsen,Centre-Forward
2003/04,Chelsea,Emmanuel Petit,Defensive Midfield
2003/04,Chelsea,Filipe Oliveira,Right Winger
2003/04,Chelsea,Frank Lampard,Central Midfield
2003/04,Chelsea,Glen Johnson,Right-Back
2003/04,Chelsea,Hernán Crespo,Centre-Forward
2003/04,Chelsea,Jesper Grønkjær,Left Winger
2003/04,Chelsea,Jimmy Floyd Hasselbaink,Centre-Forward
2003/04,Chelsea,Joe Cole,Attacking Midfield
2003/04,Chelsea,Joel Kitamirike,Centre-Back
2003/04,Chelsea,John Terry,Centre-Back
2003/04,Chelsea,Juan Sebastián Verón,Central Midfield
2003/04,Chelsea,Marcel Desailly,Centre-Back
2003/04,Chelsea,Marco Ambrosio,Goalkeeper
2003/04,Chelsea,Mario Melchiot,Right-Back
2003/04,Chelsea,Mario Stanic,Right Winger
2003/04,Chelsea,Mikael Forssell,Centre-Forward
2003/04,Chelsea,Neil Sullivan,Goalkeeper
2003/04,Chelsea,Njitap Geremi,Right Midfield
2003/04,Chelsea,Robert Huth,Centre-Back
2003/04,Chelsea,Scott Parker,Central Midfield
2003/04,Chelsea,Wayne Bridge,Left-Back
2003/04,Chelsea,William Gallas,Centre-Back
2003/04,Chelsea,Yves Makabu-Makalambay,Goalkeeper
2003/04,Everton,Alan Stubbs,Centre-Back
2003/04,Everton,Alessandro Pistone,Left-Back
2003/04,Everton,Alex Nyarko,Central Midfield
2003/04,Everton,David Unsworth,Left-Back
2003/04,Everton,David Weir,Centre-Back
2003/04,Everton,Duncan Ferguson,Centre-Forward
2003/04,Everton,Francis Jeffers,Centre-Forward
2003/04,Everton,Gary Naysmith,Left-Back
2003/04,Everton,Iain Turner,Goalkeeper
2003/04,Everton,James McFadden,Left Winger
2003/04,Everton,Joseph Yobo,Centre-Back
2003/04,Everton,Kevin Campbell,Centre-Forward
2003/04,Everton,Kevin Kilbane,Left Midfield
2003/04,Everton,Lee Carsley,Defensive Midfield
2003/04,Everton,Leon Osman,Central Midfield
2003/04,Everton,Mark Pembridge,Left Midfield
2003/04,Everton,Nick Chadwick,Centre-Forward
2003/04,Everton,Nigel Martyn,Goalkeeper
2003/04,Everton,Peter Clarke,Centre-Back
2003/04,Everton,Richard Wright,Goalkeeper
2003/04,Everton,Scot Gemmill,Central Midfield
2003/04,Everton,Steve Simonsen,Goalkeeper
2003/04,Everton,Steve Watson,Right-Back
2003/04,Everton,Thomas Gravesen,Defensive Midfield
2003/04,Everton,Tie Li,Defensive Midfield
2003/04,Everton,Tobias Linderoth,Defensive Midfield
2003/04,Everton,Tomasz Radzinski,Centre-Forward
2003/04,Everton,Tony Hibbert,Right-Back
2003/04,Everton,Wayne Rooney,Centre-Forward
2003/04,Fulham,Adam Green,Left-Back
2003/04,Fulham,Alain Goma,Centre-Back
2003/04,Fulham,Alex Lawless,Central Midfield
2003/04,Fulham,Andrejs Stolcers,Attacking Midfield
2003/04,Fulham,Andy Melville,Centre-Back
2003/04,Fulham,Barry Hayles,Centre-Forward
2003/04,Fulham,Bobby Petta,Left Midfield
2003/04,Fulham,Brian McBride,Centre-Forward
2003/04,Fulham,Carlos Bocanegra,Centre-Back
2003/04,Fulham,Collins John,Centre-Forward
2003/04,Fulham,Darren Pratley,Central Midfield
2003/04,Fulham,Dave Beasant,Goalkeeper
2003/04,Fulham,Dean Leacock,Centre-Back
2003/04,Fulham,Edwin van der Sar,Goalkeeper
2003/04,Fulham,Elvis Hammond,Centre-Forward
2003/04,Fulham,Facundo Sava,Centre-Forward
2003/04,Fulham,Ian Pearce,Centre-Back
2003/04,Fulham,Jon Harley,Left-Back
2003/04,Fulham,Junichi Inamoto,Defensive Midfield
2003/04,Fulham,Jérôme Bonnissel,Left-Back
2003/04,Fulham,Lee Clark,Central Midfield
2003/04,Fulham,Louis Saha,Centre-Forward
2003/04,Fulham,Luís Boa Morte,Left Midfield
2003/04,Fulham,Malik Buari,Right Midfield
2003/04,Fulham,Mark Crossley,Goalkeeper
2003/04,Fulham,Mark Hudson,Centre-Back
2003/04,Fulham,Mark Pembridge,Left Midfield
2003/04,Fulham,Martin Djetou,Centre-Back
2003/04,Fulham,Moritz Volz,Right-Back
2003/04,Fulham,Ross Flitney,Goalkeeper
2003/04,Fulham,Sean Davis,Defensive Midfield
2003/04,Fulham,Steed Malbranque,Left Midfield
2003/04,Fulham,Steve Marlet,Centre-Forward
2003/04,Fulham,Sylvain Legwinski,Central Midfield
2003/04,Fulham,Tom Davis,Central Midfield
2003/04,Fulham,Zat Knight,Centre-Back
2003/04,Fulham,Zesh Rehman,Centre-Back
2003/04,Leeds,Aaron Lennon,Right Winger
2003/04,Leeds,Alan Smith,Central Midfield
2003/04,Leeds,Andy Keogh,Centre-Forward
2003/04,Leeds,Cyril Chapuis,Centre-Forward
2003/04,Leeds,David Batty,Defensive Midfield
2003/04,Leeds,Didier Domi,Left-Back
2003/04,Leeds,Dominic Matteo,Left-Back
2003/04,Leeds,Eirik Bakke,Central Midfield
2003/04,Leeds,Frazer Richardson,Right-Back
2003/04,Leeds,Gary Kelly,Right-Back
2003/04,Leeds,Harpal Singh,Left Midfield
2003/04,Leeds,Ian Harte,Left-Back
2003/04,Leeds,James Milner,Central Midfield
2003/04,Leeds,Jamie McMaster,Central Midfield
2003/04,Leeds,Jamie Winter,Central Midfield
2003/04,Leeds,Jason Wilcox,Left Midfield
2003/04,Leeds,Jermaine Pennant,Right Winger
2003/04,Leeds,Jody Morris,Central Midfield
2003/04,Leeds,Lamine Sakho,Left Winger
2003/04,Leeds,Lucas Radebe,Centre-Back
2003/04,Leeds,Mark Viduka,Centre-Forward
2003/04,Leeds,Matthew Kilgallon,Centre-Back
2003/04,Leeds,Michael Bridges,Centre-Forward
2003/04,Leeds,Michael Duberry,Centre-Back
2003/04,Leeds,Nick Barmby,Left Midfield
2003/04,Leeds,Nigel Martyn,Goalkeeper
2003/04,Leeds,Paul Keegan,Central Midfield
2003/04,Leeds,Paul Robinson,Goalkeeper
2003/04,Leeds,Roque Júnior,Centre-Back
2003/04,Leeds,Salomon Olembé,Left Midfield
2003/04,Leeds,Scott Carson,Goalkeeper
2003/04,Leeds,Seth Johnson,Central Midfield
2003/04,Leeds,Shaun Allaway,Goalkeeper
2003/04,Leeds,Simon Johnson,Centre-Forward
2003/04,Leeds,Stephen McPhail,Left Midfield
2003/04,Leeds,Steven Caldwell,Centre-Back
2003/04,Leeds,Zoumana Camara,Centre-Back
2003/04,Leicester,Alan Rogers,Left-Back
2003/04,Leicester,Alan Sheehan,Centre-Back
2003/04,Leicester,Andy Impey,Right-Back
2003/04,Leicester,Ben Thatcher,Left-Back
2003/04,Leicester,Billy McKinlay,Right Midfield
2003/04,Leicester,Brian Deane,Centre-Forward
2003/04,Leicester,Callum Davidson,Left-Back
2003/04,Leicester,Chris O'Grady,Centre-Forward
2003/04,Leicester,Craig Hignett,Right Winger
2003/04,Leicester,Danny Coyne,Goalkeeper
2003/04,Leicester,Frank Sinclair,Centre-Back
2003/04,Leicester,Gary Charles,Right-Back
2003/04,Leicester,Gerry Taggart,Centre-Back
2003/04,Leicester,Ian Walker,Goalkeeper
2003/04,Leicester,James Scowcroft,Right Winger
2003/04,Leicester,James Wesolowski,Central Midfield
2003/04,Leicester,John Curtis,Right-Back
2003/04,Leicester,Jordan Stewart,Left-Back
2003/04,Leicester,Keith Gillespie,Right Midfield
2003/04,Leicester,Lee Morris,Centre-Forward
2003/04,Leicester,Les Ferdinand,Centre-Forward
2003/04,Leicester,Lilian Nalis,Central Midfield
2003/04,Leicester,Marcus Bent,Centre-Forward
2003/04,Leicester,Matt Elliott,Centre-Back
2003/04,Leicester,Matt Heath,Centre-Back
2003/04,Leicester,Matt Jones,Central Midfield
2003/04,Leicester,Muzzy Izzet,Right Midfield
2003/04,Leicester,Nicolas Priet,Centre-Back
2003/04,Leicester,Nikolaos Dabizas,Centre-Back
2003/04,Leicester,Paul Brooker,Attacking Midfield
2003/04,Leicester,Paul Dickov,Centre-Forward
2003/04,Leicester,Paul Murphy,Goalkeeper
2003/04,Leicester,Peter Canero,Right Midfield
2003/04,Leicester,Riccardo Scimeca,Centre-Back
2003/04,Leicester,Steffen Freund,Defensive Midfield
2003/04,Leicester,Steve Guppy,Left Midfield
2003/04,Leicester,Steve Howey,Centre-Back
2003/04,Leicester,Tommy Williamson,Central Midfield
2003/04,Leicester,Tommy Wright,Centre-Forward
2003/04,Leicester,Trevor Benjamin,Left Winger
2003/04,Liverpool,Anthony Le Tallec,Centre-Forward
2003/04,Liverpool,Bruno Cheyrou,Central Midfield
2003/04,Liverpool,Carl Medjani,Centre-Back
2003/04,Liverpool,Chris Kirkland,Goalkeeper
2003/04,Liverpool,Danny Murphy,Central Midfield
2003/04,Liverpool,Darren Potter,Central Midfield
2003/04,Liverpool,Dietmar Hamann,Defensive Midfield
2003/04,Liverpool,Djimi Traoré,Centre-Back
2003/04,Liverpool,El-Hadji Diouf,Centre-Forward
2003/04,Liverpool,Emile Heskey,Centre-Forward
2003/04,Liverpool,Florent Sinama-Pongolle,Second Striker
2003/04,Liverpool,Harry Kewell,Left Winger
2003/04,Liverpool,Igor Biscan,Defensive Midfield
2003/04,Liverpool,Jamie Carragher,Centre-Back
2003/04,Liverpool,Jerzy Dudek,Goalkeeper
2003/04,Liverpool,John Arne Riise,Left-Back
2003/04,Liverpool,John Welsh,Central Midfield
2003/04,Liverpool,Jon Otsemobor,Right-Back
2003/04,Liverpool,Markus Babbel,Centre-Back
2003/04,Liverpool,Michael Foley-Sheridan,Central Midfield
2003/04,Liverpool,Michael Owen,Centre-Forward
2003/04,Liverpool,Milan Baros,Centre-Forward
2003/04,Liverpool,Neil Mellor,Centre-Forward
2003/04,Liverpool,Patrice Luzi,Goalkeeper
2003/04,Liverpool,Paul Harrison,Goalkeeper
2003/04,Liverpool,Paul Jones,Goalkeeper
2003/04,Liverpool,Richie Partridge,Right Midfield
2003/04,Liverpool,Salif Diao,Defensive Midfield
2003/04,Liverpool,Sami Hyypiä,Centre-Back
2003/04,Liverpool,Steve Finnan,Right-Back
2003/04,Liverpool,Steven Gerrard,Central Midfield
2003/04,Liverpool,Stéphane Henchoz,Centre-Back
2003/04,Liverpool,Vladimir Smicer,Attacking Midfield
2003/04,Liverpool,Zak Whitbread,Centre-Back
2003/04,Man City,Antoine Sibierski,Attacking Midfield
2003/04,Man City,Christian Negouai,Defensive Midfield
2003/04,Man City,Claudio Reyna,Central Midfield
2003/04,Man City,Daniel Van Buyten,Centre-Back
2003/04,Man City,Danny Tiatto,Left-Back
2003/04,Man City,Darren Huckerby,Centre-Forward
2003/04,Man City,David James,Goalkeeper
2003/04,Man City,David Seaman,Goalkeeper
2003/04,Man City,David Sommeil,Centre-Back
2003/04,Man City,Eyal Berkovic,Attacking Midfield
2003/04,Man City,Gerard Wiekens,Centre-Back
2003/04,Man City,Glenn Whelan,Defensive Midfield
2003/04,Man City,Jihai Sun,Right-Back
2003/04,Man City,Joey Barton,Central Midfield
2003/04,Man City,Jon Macken,Centre-Forward
2003/04,Man City,Kasper Schmeichel,Goalkeeper
2003/04,Man City,Kevin Stuhr-Ellegaard,Goalkeeper
2003/04,Man City,Michael Tarnat,Left-Back
2003/04,Man City,Mikkel Bischoff,Centre-Back
2003/04,Man City,Nicky Weaver,Goalkeeper
2003/04,Man City,Nicolas Anelka,Centre-Forward
2003/04,Man City,Paul Bosvelt,Defensive Midfield
2003/04,Man City,Paulo Wanchope,Centre-Forward
2003/04,Man City,Richard Dunne,Centre-Back
2003/04,Man City,Robbie Fowler,Centre-Forward
2003/04,Man City,Shaun Wright-Phillips,Right Winger
2003/04,Man City,Stephen Elliott,Centre-Forward
2003/04,Man City,Stephen Jordan,Centre-Back
2003/04,Man City,Steve McManaman,Right Midfield
2003/04,Man City,Sylvain Distin,Centre-Back
2003/04,Man City,Trevor Sinclair,Left Winger
2003/04,Man City,Willo Flood,Central Midfield
2003/04,Man City,Árni Arason,Goalkeeper
2003/04,Man United,Ben Williams,Goalkeeper
2003/04,Man United,Chris Eagles,Right Winger
2003/04,Man United,Cristiano Ronaldo,Centre-Forward
2003/04,Man United,Daniel Nardiello,Centre-Forward
2003/04,Man United,Danny Pugh,Left-Back
2003/04,Man United,Darren Fletcher,Central Midfield
2003/04,Man United,David Bellion,Centre-Forward
2003/04,Man United,David Jones,Central Midfield
2003/04,Man United,Diego Forlán,Centre-Forward
2003/04,Man United,Eddie Johnson,Centre-Forward
2003/04,Man United,Eric Djemba Djemba,Defensive Midfield
2003/04,Man United,Gary Neville,Right-Back
2003/04,Man United,John O'Shea,Centre-Back
2003/04,Man United,Jonathan Spector,Centre-Back
2003/04,Man United,Kieran Richardson,Left-Back
2003/04,Man United,Kléberson,Central Midfield
2003/04,Man United,Louis Saha,Centre-Forward
2003/04,Man United,Luke Steele,Goalkeeper
2003/04,Man United,Mark Lynch,Right-Back
2003/04,Man United,Mikaël Silvestre,Left-Back
2003/04,Man United,Neil Wood,Central Midfield
2003/04,Man United,Nicky Butt,Defensive Midfield
2003/04,Man United,Ole Gunnar Solskjaer,Centre-Forward
2003/04,Man United,Paul Scholes,Central Midfield
2003/04,Man United,Paul Tierney,Left-Back
2003/04,Man United,Phil Bardsley,Right-Back
2003/04,Man United,Phil Neville,Right-Back
2003/04,Man United,Quinton Fortune,Left-Back
2003/04,Man United,Rio Ferdinand,Centre-Back
2003/04,Man United,Roy Carroll,Goalkeeper
2003/04,Man United,Roy Keane,Central Midfield
2003/04,Man United,Ruud van Nistelrooy,Centre-Forward
2003/04,Man United,Ryan Giggs,Left Midfield
2003/04,Man United,Tim Howard,Goalkeeper
2003/04,Man United,Wes Brown,Centre-Back
2003/04,Middlesbrough,Alan Wright,Left-Back
2003/04,Middlesbrough,Allan Johnston,Right Midfield
2003/04,Middlesbrough,Andrew Davies,Centre-Back
2003/04,Middlesbrough,Boudewijn Zenden,Left Winger
2003/04,Middlesbrough,Brad Jones,Goalkeeper
2003/04,Middlesbrough,Brian Close,Right-Back
2003/04,Middlesbrough,Cameron Jerome,Centre-Forward
2003/04,Middlesbrough,Carlo Nash,Goalkeeper
2003/04,Middlesbrough,Carlos Marinelli,Attacking Midfield
2003/04,Middlesbrough,Chris Riggott,Centre-Back
2003/04,Middlesbrough,Colin Cooper,Left-Back
2003/04,Middlesbrough,Craig Dove,Right Midfield
2003/04,Middlesbrough,Danny Mills,Right-Back
2003/04,Middlesbrough,David Murphy,Left-Back
2003/04,Middlesbrough,Doriva,Defensive Midfield
2003/04,Middlesbrough,Franck Queudrue,Left-Back
2003/04,Middlesbrough,Gaizka Mendieta,Right Midfield
2003/04,Middlesbrough,Gareth Southgate,Centre-Back
2003/04,Middlesbrough,George Boateng,Defensive Midfield
2003/04,Middlesbrough,James Morrison,Central Midfield
2003/04,Middlesbrough,Jonathan Greening,Central Midfield
2003/04,Middlesbrough,Joseph-Désiré Job,Centre-Forward
2003/04,Middlesbrough,Juninho Paulista,Attacking Midfield
2003/04,Middlesbrough,Malcolm Christie,Centre-Forward
2003/04,Middlesbrough,Mark Schwarzer,Goalkeeper
2003/04,Middlesbrough,Mark Wilson,Central Midfield
2003/04,Middlesbrough,Massimo Maccarone,Centre-Forward
2003/04,Middlesbrough,Matthew Bates,Centre-Back
2003/04,Middlesbrough,Michael Ricketts,Centre-Forward
2003/04,Middlesbrough,Ricardinho,Attacking Midfield
2003/04,Middlesbrough,Robbie Stockdale,Right-Back
2003/04,Middlesbrough,Ross Turnbull,Goalkeeper
2003/04,Middlesbrough,Sam Russell,Goalkeeper
2003/04,Middlesbrough,Stewart Downing,Left Midfield
2003/04,Middlesbrough,Stuart Parnaby,Right-Back
2003/04,Middlesbrough,Szilárd Németh,Second Striker
2003/04,Middlesbrough,Ugo Ehiogu,Centre-Back
2003/04,Newcastle,Aaron Hughes,Centre-Back
2003/04,Newcastle,Adam Collin,Goalkeeper
2003/04,Newcastle,Alan Shearer,Centre-Forward
2003/04,Newcastle,Andrew O'Brien,Centre-Back
2003/04,Newcastle,Andy Griffin,Right-Back
2003/04,Newcastle,Bradley Orr,Right-Back
2003/04,Newcastle,Craig Bellamy,Left Winger
2003/04,Newcastle,Darren Ambrose,Right Midfield
2003/04,Newcastle,Gary Speed,Central Midfield
2003/04,Newcastle,Hugo Viana,Central Midfield
2003/04,Newcastle,Jamie McClen,Central Midfield
2003/04,Newcastle,Jermaine Jenas,Central Midfield
2003/04,Newcastle,Jonathan Woodgate,Centre-Back
2003/04,Newcastle,Kieron Dyer,Right Midfield
2003/04,Newcastle,Laurent Robert,Left Winger
2003/04,Newcastle,Lee Bowyer,Central Midfield
2003/04,Newcastle,Lomana LuaLua,Centre-Forward
2003/04,Newcastle,Martin Brittain,Right Midfield
2003/04,Newcastle,Michael Bridges,Centre-Forward
2003/04,Newcastle,Michael Chopra,Centre-Forward
2003/04,Newcastle,Nikolaos Dabizas,Centre-Back
2003/04,Newcastle,Nolberto Solano,Right Midfield
2003/04,Newcastle,Olivier Bernard,Left-Back
2003/04,Newcastle,Richard Offiong,Centre-Forward
2003/04,Newcastle,Robbie Elliott,Left-Back
2003/04,Newcastle,Shay Given,Goalkeeper
2003/04,Newcastle,Shola Ameobi,Centre-Forward
2003/04,Newcastle,Steve Harper,Goalkeeper
2003/04,Newcastle,Steven Caldwell,Centre-Back
2003/04,Newcastle,Steven Taylor,Centre-Back
2003/04,Newcastle,Titus Bramble,Centre-Back
2003/04,Newcastle,Tony Caig,Goalkeeper
2003/04,Portsmouth,Alan Knight,Goalkeeper
2003/04,Portsmouth,Aleksey Smertin,Defensive Midfield
2003/04,Portsmouth,Amdy Faye,Defensive Midfield
2003/04,Portsmouth,Anthony Pulis,Central Midfield
2003/04,Portsmouth,Arjan de Zeeuw,Centre-Back
2003/04,Portsmouth,Boris Zivkovic,Right-Back
2003/04,Portsmouth,Carl Robinson,Central Midfield
2003/04,Portsmouth,Dejan Stefanovic,Centre-Back
2003/04,Portsmouth,Deon Burton,Centre-Forward
2003/04,Portsmouth,Eyal Berkovic,Attacking Midfield
2003/04,Portsmouth,Gary O'Neil,Central Midfield
2003/04,Portsmouth,Harald Wapenaar,Goalkeeper
2003/04,Portsmouth,Hayden Foxe,Centre-Back
2003/04,Portsmouth,Ivica Mornar,Centre-Forward
2003/04,Portsmouth,Jason Roberts,Centre-Forward
2003/04,Portsmouth,John Curtis,Right-Back
2003/04,Portsmouth,Kevin Harper,Right Midfield
2003/04,Portsmouth,Linvoy Primus,Centre-Back
2003/04,Portsmouth,Lomana LuaLua,Centre-Forward
2003/04,Portsmouth,Matthew Taylor,Left Midfield
2003/04,Portsmouth,Nigel Quashie,Central Midfield
2003/04,Portsmouth,Patrik Berger,Attacking Midfield
2003/04,Portsmouth,Pavel Srnicek,Goalkeeper
2003/04,Portsmouth,Petri Pasanen,Centre-Back
2003/04,Portsmouth,Richard Duffy,Centre-Back
2003/04,Portsmouth,Richard Hughes,Defensive Midfield
2003/04,Portsmouth,Sebastian Olszar,Centre-Forward
2003/04,Portsmouth,Shaka Hislop,Goalkeeper
2003/04,Portsmouth,Shaun Cooper,Defensive Midfield
2003/04,Portsmouth,Steve Stone,Right Midfield
2003/04,Portsmouth,Svetoslav Todorov,Centre-Forward
2003/04,Portsmouth,Sébastien Schemmel,Right-Back
2003/04,Portsmouth,Teddy Sheringham,Centre-Forward
2003/04,Portsmouth,Tim Sherwood,Central Midfield
2003/04,Portsmouth,Vincent Péricard,Centre-Forward
2003/04,Portsmouth,Warren Hunt,Centre-Forward
2003/04,Portsmouth,Yakubu,Centre-Forward
2003/04,Southampton,Agustín Delgado,Centre-Forward
2003/04,Southampton,Alan Blayney,Goalkeeper
2003/04,Southampton,Anders Svensson,Defensive Midfield
2003/04,Southampton,Andrew Davies,Centre-Back
2003/04,Southampton,Antti Niemi,Goalkeeper
2003/04,Southampton,Brett Ormerod,Centre-Forward
2003/04,Southampton,Chris Baird,Defensive Midfield
2003/04,Southampton,Chris Marsden,Central Midfield
2003/04,Southampton,Claus Lundekvam,Centre-Back
2003/04,Southampton,Danny Higginbotham,Centre-Back
2003/04,Southampton,Darren Kenton,Centre-Back
2003/04,Southampton,David Prutton,Central Midfield
2003/04,Southampton,Dexter Blackstock,Centre-Forward
2003/04,Southampton,Fabrice Fernandes,Left Winger
2003/04,Southampton,Fitz Hall,Centre-Back
2003/04,Southampton,Francis Benali,Left-Back
2003/04,Southampton,Graeme Le Saux,Left-Back
2003/04,Southampton,James Beattie,Centre-Forward
2003/04,Southampton,Jason Dodd,Right-Back
2003/04,Southampton,Jo Tessem,Central Midfield
2003/04,Southampton,Kevin Phillips,Centre-Forward
2003/04,Southampton,Léandre Griffit,Central Midfield
2003/04,Southampton,Marians Pahars,Centre-Forward
2003/04,Southampton,Martin Cranie,Centre-Back
2003/04,Southampton,Matt Mills,Centre-Back
2003/04,Southampton,Matt Oakley,Central Midfield
2003/04,Southampton,Michael Poke,Goalkeeper
2003/04,Southampton,Michael Svensson,Centre-Back
2003/04,Southampton,Neil McCann,Left Winger
2003/04,Southampton,Paul Jones,Goalkeeper
2003/04,Southampton,Paul Smith,Goalkeeper
2003/04,Southampton,Paul Telfer,Right-Back
2003/04,Southampton,Rory Delap,Central Midfield
2003/04,Southampton,Stephen Crainey,Left-Back
2003/04,Southampton,Yoann Folly,Defensive Midfield
2003/04,Tottenham,Anthony Gardner,Centre-Back
2003/04,Tottenham,Bobby Zamora,Centre-Forward
2003/04,Tottenham,Christian Ziege,Left Midfield
2003/04,Tottenham,Darren Anderton,Right Midfield
2003/04,Tottenham,Dean Marney,Central Midfield
2003/04,Tottenham,Dean Richards,Centre-Back
2003/04,Tottenham,Frédéric Kanouté,Centre-Forward
2003/04,Tottenham,Gary Doherty,Centre-Back
2003/04,Tottenham,Gavin Kelly,Goalkeeper
2003/04,Tottenham,Goran Bunjevcevic,Centre-Back
2003/04,Tottenham,Gustavo Poyet,Attacking Midfield
2003/04,Tottenham,Hélder Postiga,Centre-Forward
2003/04,Tottenham,Jamie Redknapp,Central Midfield
2003/04,Tottenham,Jermain Defoe,Centre-Forward
2003/04,Tottenham,Johnnie Jackson,Central Midfield
2003/04,Tottenham,Jonathan Blondel,Defensive Midfield
2003/04,Tottenham,Kasey Keller,Goalkeeper
2003/04,Tottenham,Lars Hirschfeld,Goalkeeper
2003/04,Tottenham,Ledley King,Centre-Back
2003/04,Tottenham,Lee Barnard,Centre-Forward
2003/04,Tottenham,Mark Yeates,Left Winger
2003/04,Tottenham,Mauricio Taricco,Left-Back
2003/04,Tottenham,Mbulelo Mabizela,Centre-Back
2003/04,Tottenham,Michael Brown,Central Midfield
2003/04,Tottenham,Milenko Acimovic,Left Midfield
2003/04,Tottenham,Neil Sullivan,Goalkeeper
2003/04,Tottenham,Paul Konchesky,Left-Back
2003/04,Tottenham,Rob Burch,Goalkeeper
2003/04,Tottenham,Robbie Keane,Centre-Forward
2003/04,Tottenham,Rohan Ricketts,Right Midfield
2003/04,Tottenham,Simon Davies,Right Midfield
2003/04,Tottenham,Stephen Carr,Right-Back
2003/04,Tottenham,Stephen Kelly,Right-Back
2003/04,Tottenham,Stéphane Dalmat,Central Midfield
2003/04,Wolves,Alex Rae,Central Midfield
2003/04,Wolves,Andy Marshall,Goalkeeper
2003/04,Wolves,Carl Cort,Centre-Forward
2003/04,Wolves,Carl Ikeme,Goalkeeper
2003/04,Wolves,Colin Cameron,Central Midfield
2003/04,Wolves,Dean Sturridge,Centre-Forward
2003/04,Wolves,Denis Irwin,Left-Back
2003/04,Wolves,George Ndah,Centre-Forward
2003/04,Wolves,Hassan Kachloul,Left Midfield
2003/04,Wolves,Henri Camara,Centre-Forward
2003/04,Wolves,Ionel Ganea,Centre-Forward
2003/04,Wolves,Isaac Okoronkwo,Centre-Back
2003/04,Wolves,JJ Melligan,Central Midfield
2003/04,Wolves,Jody Craddock,Centre-Back
2003/04,Wolves,Joey Gudjónsson,Central Midfield
2003/04,Wolves,Joleon Lescott,Centre-Back
2003/04,Wolves,Keith Andrews,Central Midfield
2003/04,Wolves,Keith Lowe,Centre-Back
2003/04,Wolves,Kenny Miller,Centre-Forward
2003/04,Wolves,Kevin Cooper,Left Midfield
2003/04,Wolves,Lee Naylor,Left-Back
2003/04,Wolves,Leon Clarke,Centre-Forward
2003/04,Wolves,Mark Clyde,Centre-Back
2003/04,Wolves,Mark Kennedy,Left Midfield
2003/04,Wolves,Matt Murray,Goalkeeper
2003/04,Wolves,Michael Oakes,Goalkeeper
2003/04,Wolves,Nathan Blake,Centre-Forward
2003/04,Wolves,Oleg Luzhnyi,Right-Back
2003/04,Wolves,Paul Butler,Centre-Back
2003/04,Wolves,Paul Ince,Central Midfield
2003/04,Wolves,Paul Jones,Goalkeeper
2003/04,Wolves,Sammy Clingan,Central Midfield
2003/04,Wolves,Shaun Newton,Right Midfield
2003/04,Wolves,Silas,Attacking Midfield
2003/04,Wolves,Steffen Iversen,Second Striker
2003/04,Wolves,Ívar Ingimarsson,Centre-Back
2004/05,Arsenal,Arturo Lupoli,Centre-Forward
2004/05,Arsenal,Ashley Cole,Left-Back
2004/05,Arsenal,Cesc Fàbregas,Central Midfield
2004/05,Arsenal,Daniel Karbassiyoon,Left-Back
2004/05,Arsenal,Dennis Bergkamp,Second Striker
2004/05,Arsenal,Edú Gaspar,Central Midfield
2004/05,Arsenal,Emmanuel Eboué,Right-Back
2004/05,Arsenal,Frank Simek,Right-Back
2004/05,Arsenal,Freddie Ljungberg,Right Midfield
2004/05,Arsenal,Gaël Clichy,Left-Back
2004/05,Arsenal,Gilberto Silva,Defensive Midfield
2004/05,Arsenal,Jens Lehmann,Goalkeeper
2004/05,Arsenal,Jermaine Pennant,Right Winger
2004/05,Arsenal,Johan Djourou,Centre-Back
2004/05,Arsenal,José Antonio Reyes,Right Winger
2004/05,Arsenal,Justin Hoyte,Right-Back
2004/05,Arsenal,Jérémie Aliadière,Centre-Forward
2004/05,Arsenal,Kolo Touré,Centre-Back
2004/05,Arsenal,Laurén,Right-Back
2004/05,Arsenal,Manuel Almunia,Goalkeeper
2004/05,Arsenal,Mathieu Flamini,Defensive Midfield
2004/05,Arsenal,Michael Jordan,Goalkeeper
2004/05,Arsenal,Pascal Cygan,Centre-Back
2004/05,Arsenal,Patrick Cregg,Central Midfield
2004/05,Arsenal,Patrick Vieira,Defensive Midfield
2004/05,Arsenal,Philippe Senderos,Centre-Back
2004/05,Arsenal,Quincy Owusu-Abeyie,Left Winger
2004/05,Arsenal,Robert Pirès,Left Midfield
2004/05,Arsenal,Robin van Persie,Centre-Forward
2004/05,Arsenal,Sebastian Larsson,Central Midfield
2004/05,Arsenal,Sol Campbell,Centre-Back
2004/05,Arsenal,Thierry Henry,Centre-Forward
2004/05,Aston Villa,Aaron Hughes,Centre-Back
2004/05,Aston Villa,Carlton Cole,Centre-Forward
2004/05,Aston Villa,Darius Vassell,Centre-Forward
2004/05,Aston Villa,Eric Djemba Djemba,Defensive Midfield
2004/05,Aston Villa,Gareth Barry,Defensive Midfield
2004/05,Aston Villa,Gavin McCann,Central Midfield
2004/05,Aston Villa,Jlloyd Samuel,Left-Back
2004/05,Aston Villa,Juan Pablo Ángel,Centre-Forward
2004/05,Aston Villa,Lee Hendrie,Central Midfield
2004/05,Aston Villa,Liam Ridgewell,Centre-Back
2004/05,Aston Villa,Luke Moore,Centre-Forward
2004/05,Aston Villa,Mark Delaney,Right-Back
2004/05,Aston Villa,Martin Laursen,Centre-Back
2004/05,Aston Villa,Mathieu Berson,Defensive Midfield
2004/05,Aston Villa,Nolberto Solano,Right Midfield
2004/05,Aston Villa,Olof Mellberg,Centre-Back
2004/05,Aston Villa,Peter Whittingham,Central Midfield
2004/05,Aston Villa,Stefan Moore,Centre-Forward
2004/05,Aston Villa,Stefan Postma,Goalkeeper
2004/05,Aston Villa,Steven Davis,Central Midfield
2004/05,Aston Villa,Thomas Hitzlsperger,Central Midfield
2004/05,Aston Villa,Thomas Sörensen,Goalkeeper
2004/05,Aston Villa,Ulises de la Cruz,Right-Back
2004/05,Aston Villa,Václav Drobný,Centre-Back
2004/05,Aston Villa,Wayne Henderson,Goalkeeper
2004/05,Birmingham,Alex Bruce,Centre-Back
2004/05,Birmingham,Andy Barrowman,Centre-Forward
2004/05,Birmingham,Carl Motteram,Midfielder
2004/05,Birmingham,Clinton Morrison,Centre-Forward
2004/05,Birmingham,Colin Doyle,Goalkeeper
2004/05,Birmingham,Damien Johnson,Right Midfield
2004/05,Birmingham,Darren Anderton,Right Midfield
2004/05,Birmingham,Darren Carter,Central Midfield
2004/05,Birmingham,David Dunn,Attacking Midfield
2004/05,Birmingham,Dwight Yorke,Centre-Forward
2004/05,Birmingham,Emile Heskey,Centre-Forward
2004/05,Birmingham,Ian Bennett,Goalkeeper
2004/05,Birmingham,Jamie Clapham,Left-Back
2004/05,Birmingham,Jermaine Pennant,Right Winger
2004/05,Birmingham,Jesper Grønkjær,Left Winger
2004/05,Birmingham,Julian Gray,Centre-Forward
2004/05,Birmingham,Kenny Cunningham,Centre-Back
2004/05,Birmingham,Maik Taylor,Goalkeeper
2004/05,Birmingham,Mario Melchiot,Right-Back
2004/05,Birmingham,Martin Taylor,Centre-Back
2004/05,Birmingham,Mat Sadler,Centre-Back
2004/05,Birmingham,Matthew Upson,Centre-Back
2004/05,Birmingham,Mehdi Nafti,Defensive Midfield
2004/05,Birmingham,Mikael Forssell,Centre-Forward
2004/05,Birmingham,Muzzy Izzet,Right Midfield
2004/05,Birmingham,Nico Vaesen,Goalkeeper
2004/05,Birmingham,Njazi Kuqi,Centre-Forward
2004/05,Birmingham,Olivier Tébily,Centre-Back
2004/05,Birmingham,Peter Till,Right Midfield
2004/05,Birmingham,Robbie Blake,Second Striker
2004/05,Birmingham,Robbie Savage,Central Midfield
2004/05,Birmingham,Salif Diao,Defensive Midfield
2004/05,Birmingham,Sam Alsop,Centre-Back
2004/05,Birmingham,Sam Oji,Centre-Back
2004/05,Birmingham,Stan Lazaridis,Left Midfield
2004/05,Birmingham,Stephen Clemence,Central Midfield
2004/05,Birmingham,Stern John,Centre-Forward
2004/05,Birmingham,Walter Pandiani,Centre-Forward
2004/05,Blackburn,Aaron Mokoena,Centre-Back
2004/05,Blackburn,Andy Taylor,Left-Back
2004/05,Blackburn,Andy Todd,Centre-Back
2004/05,Blackburn,Barry Ferguson,Defensive Midfield
2004/05,Blackburn,Brad Friedel,Goalkeeper
2004/05,Blackburn,Brett Emerton,Right Midfield
2004/05,Blackburn,Craig Short,Centre-Back
2004/05,Blackburn,David Thompson,Right Midfield
2004/05,Blackburn,David Yelldell,Goalkeeper
2004/05,Blackburn,Dominic Matteo,Left-Back
2004/05,Blackburn,Dwight Yorke,Centre-Forward
2004/05,Blackburn,Garry Flitcroft,Central Midfield
2004/05,Blackburn,Javi de Pedro,Left Midfield
2004/05,Blackburn,Jay Bothroyd,Centre-Forward
2004/05,Blackburn,Jay McEveley,Centre-Back
2004/05,Blackburn,Jemal Johnson,Left Winger
2004/05,Blackburn,Jon Stead,Centre-Forward
2004/05,Blackburn,Jonathan Douglas,Central Midfield
2004/05,Blackburn,Lorenzo Amoruso,Centre-Back
2004/05,Blackburn,Lucas Neill,Right-Back
2004/05,Blackburn,Matt Derbyshire,Centre-Forward
2004/05,Blackburn,Matt Jansen,Centre-Forward
2004/05,Blackburn,Michael Gray,Left-Back
2004/05,Blackburn,Morten Gamst Pedersen,Central Midfield
2004/05,Blackburn,Nils-Eric Johansson,Left-Back
2004/05,Blackburn,Paul Dickov,Centre-Forward
2004/05,Blackburn,Paul Gallagher,Central Midfield
2004/05,Blackburn,Peter Enckelman,Goalkeeper
2004/05,Blackburn,Robbie Savage,Central Midfield
2004/05,Blackburn,Ryan Nelsen,Centre-Back
2004/05,Blackburn,Steven Reid,Right-Back
2004/05,Blackburn,Tugay Kerimoğlu,Defensive Midfield
2004/05,Blackburn,Vratislav Gresko,Left-Back
2004/05,Blackburn,Youri Djorkaeff,Attacking Midfield
2004/05,Bolton,Andy Oakes,Goalkeeper
2004/05,Bolton,Anthony Barness,Left-Back
2004/05,Bolton,Blessing Kaku,Central Midfield
2004/05,Bolton,Bruno N'Gotty,Centre-Back
2004/05,Bolton,Charlie Comyn-Platt,Centre-Back
2004/05,Bolton,El-Hadji Diouf,Centre-Forward
2004/05,Bolton,Fernando Hierro,Centre-Back
2004/05,Bolton,Florent Laville,Centre-Back
2004/05,Bolton,Gary Speed,Central Midfield
2004/05,Bolton,Henrik Pedersen,Centre-Forward
2004/05,Bolton,Iván Campo,Defensive Midfield
2004/05,Bolton,Jason Talbot,Left-Back
2004/05,Bolton,Jay-Jay Okocha,Attacking Midfield
2004/05,Bolton,Joey O'Brien,Right-Back
2004/05,Bolton,Jussi Jääskeläinen,Goalkeeper
2004/05,Bolton,Júlio César,Centre-Back
2004/05,Bolton,Kevin Davies,Centre-Forward
2004/05,Bolton,Kevin Nolan,Attacking Midfield
2004/05,Bolton,Kevin Poole,Goalkeeper
2004/05,Bolton,Khalilou Fadiga,Left Winger
2004/05,Bolton,Les Ferdinand,Centre-Forward
2004/05,Bolton,Nicky Hunt,Right-Back
2004/05,Bolton,Radhi Jaïdi,Centre-Back
2004/05,Bolton,Ricardo Gardner,Left-Back
2004/05,Bolton,Ricardo Vaz Tê,Right Winger
2004/05,Bolton,Ricky Shakes,Right Midfield
2004/05,Bolton,Stelios Giannakopoulos,Right Winger
2004/05,Bolton,Tal Ben Haim,Centre-Back
2004/05,Bolton,Vincent Candela,Left-Back
2004/05,Charlton,Barry Fuller,Right-Back
2004/05,Charlton,Bryan Hughes,Attacking Midfield
2004/05,Charlton,Chris Perry,Centre-Back
2004/05,Charlton,Danny Murphy,Central Midfield
2004/05,Charlton,Dean Kiely,Goalkeeper
2004/05,Charlton,Dennis Rommedahl,Right Winger
2004/05,Charlton,Francis Jeffers,Centre-Forward
2004/05,Charlton,Graham Stuart,Right Winger
2004/05,Charlton,Hermann Hreidarsson,Left-Back
2004/05,Charlton,Jason Euell,Left Winger
2004/05,Charlton,Jerome Thomas,Left Winger
2004/05,Charlton,Jonatan Johansson,Centre-Forward
2004/05,Charlton,Jonathan Fortune,Centre-Back
2004/05,Charlton,Kevin Lisbie,Centre-Forward
2004/05,Charlton,Lloyd Sam,Right Winger
2004/05,Charlton,Luke Young,Right-Back
2004/05,Charlton,Mark Fish,Centre-Back
2004/05,Charlton,Matt Holland,Central Midfield
2004/05,Charlton,Neil McCafferty,Central Midfield
2004/05,Charlton,Osei Sankofa,Right-Back
2004/05,Charlton,Paul Konchesky,Left-Back
2004/05,Charlton,Radostin Kishishev,Defensive Midfield
2004/05,Charlton,Shaun Bartlett,Centre-Forward
2004/05,Charlton,Simon Royce,Goalkeeper
2004/05,Charlton,Stacy Long,Left Winger
2004/05,Charlton,Stephan Andersen,Goalkeeper
2004/05,Charlton,Talal El Karkouri,Centre-Back
2004/05,Chelsea,Adrian Mutu,Left Winger
2004/05,Chelsea,Aleksey Smertin,Defensive Midfield
2004/05,Chelsea,Anthony Grant,Central Midfield
2004/05,Chelsea,Arjen Robben,Right Winger
2004/05,Chelsea,Carlo Cudicini,Goalkeeper
2004/05,Chelsea,Celestine Babayaro,Left-Back
2004/05,Chelsea,Claude Makélélé,Defensive Midfield
2004/05,Chelsea,Damien Duff,Right Midfield
2004/05,Chelsea,Didier Drogba,Centre-Forward
2004/05,Chelsea,Eidur Gudjohnsen,Centre-Forward
2004/05,Chelsea,Filipe Oliveira,Right Winger
2004/05,Chelsea,Frank Lampard,Central Midfield
2004/05,Chelsea,Glen Johnson,Right-Back
2004/05,Chelsea,Jiri Jarosik,Centre-Back
2004/05,Chelsea,Joe Cole,Attacking Midfield
2004/05,Chelsea,John Terry,Centre-Back
2004/05,Chelsea,Lenny Pidgeley,Goalkeeper
2004/05,Chelsea,Mateja Kežman,Centre-Forward
2004/05,Chelsea,Mikael Forssell,Centre-Forward
2004/05,Chelsea,Njitap Geremi,Right Midfield
2004/05,Chelsea,Nuno Morais,Defensive Midfield
2004/05,Chelsea,Paulo Ferreira,Right-Back
2004/05,Chelsea,Petr Cech,Goalkeeper
2004/05,Chelsea,Ricardo Carvalho,Centre-Back
2004/05,Chelsea,Robert Huth,Centre-Back
2004/05,Chelsea,Scott Parker,Central Midfield
2004/05,Chelsea,Steven Watt,Centre-Back
2004/05,Chelsea,Tiago Mendes,Central Midfield
2004/05,Chelsea,Wayne Bridge,Left-Back
2004/05,Chelsea,William Gallas,Centre-Back
2004/05,Chelsea,Yves Makabu-Makalambay,Goalkeeper
2004/05,Crystal Palace,Aki Riihilahti,Defensive Midfield
2004/05,Crystal Palace,Andy Johnson,Centre-Forward
2004/05,Crystal Palace,Anthony Danze,Midfielder
2004/05,Crystal Palace,Ben Watson,Central Midfield
2004/05,Crystal Palace,Danny Butterfield,Right-Back
2004/05,Crystal Palace,Danny Granville,Left-Back
2004/05,Crystal Palace,Darren Powell,Centre-Back
2004/05,Crystal Palace,Darren Ward,Centre-Back
2004/05,Crystal Palace,Dougie Freedman,Centre-Forward
2004/05,Crystal Palace,Emmerson Boyce,Right-Back
2004/05,Crystal Palace,Fitz Hall,Centre-Back
2004/05,Crystal Palace,Gary Borrowdale,Left-Back
2004/05,Crystal Palace,Gonzalo Sorondo,Centre-Back
2004/05,Crystal Palace,Gábor Király,Goalkeeper
2004/05,Crystal Palace,Iván Kaviedes,Centre-Forward
2004/05,Crystal Palace,Jobi McAnuff,Left Winger
2004/05,Crystal Palace,Joonas Kolkka,Right Winger
2004/05,Crystal Palace,Julián Speroni,Goalkeeper
2004/05,Crystal Palace,Lance Cronin,Goalkeeper
2004/05,Crystal Palace,Lewis Grabban,Centre-Forward
2004/05,Crystal Palace,Mark Hudson,Centre-Back
2004/05,Crystal Palace,Michael Hughes,Attacking Midfield
2004/05,Crystal Palace,Mikele Leigertwood,Defensive Midfield
2004/05,Crystal Palace,Neil Shipperley,Centre-Forward
2004/05,Crystal Palace,Nicola Ventola,Centre-Forward
2004/05,Crystal Palace,Sam Togwell,Defensive Midfield
2004/05,Crystal Palace,Shaun Derry,Defensive Midfield
2004/05,Crystal Palace,Sándor Torghelle,Centre-Forward
2004/05,Crystal Palace,Tom Soares,Central Midfield
2004/05,Crystal Palace,Tommy Black,Right Midfield
2004/05,Crystal Palace,Tony Popovic,Centre-Back
2004/05,Crystal Palace,Tyrone Berry,Centre-Forward
2004/05,Crystal Palace,Vasilios Lakis,Right Midfield
2004/05,Crystal Palace,Wayne Andrews,Striker
2004/05,Crystal Palace,Wayne Routledge,Left Winger
2004/05,Everton,Alan Stubbs,Centre-Back
2004/05,Everton,Alessandro Pistone,Left-Back
2004/05,Everton,Anthony Gerrard,Centre-Back
2004/05,Everton,Danny Fox,Left-Back
2004/05,Everton,David Weir,Centre-Back
2004/05,Everton,Duncan Ferguson,Centre-Forward
2004/05,Everton,Eddy Bosnar,Centre-Back
2004/05,Everton,Gary Naysmith,Left-Back
2004/05,Everton,Guillaume Plessis,Defensive Midfield
2004/05,Everton,Iain Turner,Goalkeeper
2004/05,Everton,James Beattie,Centre-Forward
2004/05,Everton,James McFadden,Left Winger
2004/05,Everton,James Vaughan,Centre-Forward
2004/05,Everton,Joseph Yobo,Centre-Back
2004/05,Everton,Kevin Campbell,Centre-Forward
2004/05,Everton,Kevin Kilbane,Left Midfield
2004/05,Everton,Lee Carsley,Defensive Midfield
2004/05,Everton,Leon Osman,Central Midfield
2004/05,Everton,Marcus Bent,Centre-Forward
2004/05,Everton,Mikel Arteta,Central Midfield
2004/05,Everton,Nick Chadwick,Centre-Forward
2004/05,Everton,Nigel Martyn,Goalkeeper
2004/05,Everton,Richard Wright,Goalkeeper
2004/05,Everton,Steve Watson,Right-Back
2004/05,Everton,Thomas Gravesen,Defensive Midfield
2004/05,Everton,Tie Li,Defensive Midfield
2004/05,Everton,Tim Cahill,Attacking Midfield
2004/05,Everton,Tony Hibbert,Right-Back
2004/05,Fulham,Adam Green,Left-Back
2004/05,Fulham,Alain Goma,Centre-Back
2004/05,Fulham,Alex Lawless,Central Midfield
2004/05,Fulham,Andy Cole,Centre-Forward
2004/05,Fulham,Billy McKinlay,Right Midfield
2004/05,Fulham,Brian McBride,Centre-Forward
2004/05,Fulham,Carlos Bocanegra,Centre-Back
2004/05,Fulham,Claus Jensen,Attacking Midfield
2004/05,Fulham,Collins John,Centre-Forward
2004/05,Fulham,Darren Pratley,Central Midfield
2004/05,Fulham,Dean Leacock,Centre-Back
2004/05,Fulham,Edwin van der Sar,Goalkeeper
2004/05,Fulham,Elvis Hammond,Centre-Forward
2004/05,Fulham,Ian Pearce,Centre-Back
2004/05,Fulham,Ismael Ehui,Centre-Forward
2004/05,Fulham,Jérôme Bonnissel,Left-Back
2004/05,Fulham,Lee Clark,Central Midfield
2004/05,Fulham,Liam Fontaine,Centre-Back
2004/05,Fulham,Liam Rosenior,Right-Back
2004/05,Fulham,Luís Boa Morte,Left Midfield
2004/05,Fulham,Malik Buari,Right Midfield
2004/05,Fulham,Mark Crossley,Goalkeeper
2004/05,Fulham,Mark Pembridge,Left Midfield
2004/05,Fulham,Michael Timlin,Central Midfield
2004/05,Fulham,Moritz Volz,Right-Back
2004/05,Fulham,Papa Bouba Diop,Defensive Midfield
2004/05,Fulham,Ross Flitney,Goalkeeper
2004/05,Fulham,Sean Doherty,Left Midfield
2004/05,Fulham,Steed Malbranque,Left Midfield
2004/05,Fulham,Stuart Noble,Centre-Forward
2004/05,Fulham,Sylvain Legwinski,Central Midfield
2004/05,Fulham,Tomasz Radzinski,Centre-Forward
2004/05,Fulham,Zat Knight,Centre-Back
2004/05,Fulham,Zesh Rehman,Centre-Back
2004/05,Liverpool,Anthony Le Tallec,Centre-Forward
2004/05,Liverpool,Antonio Núñez,Right Winger
2004/05,Liverpool,Chris Kirkland,Goalkeeper
2004/05,Liverpool,Darren Potter,Central Midfield
2004/05,Liverpool,David Raven,Right-Back
2004/05,Liverpool,Dietmar Hamann,Defensive Midfield
2004/05,Liverpool,Djibril Cissé,Centre-Forward
2004/05,Liverpool,Djimi Traoré,Centre-Back
2004/05,Liverpool,Fernando Morientes,Centre-Forward
2004/05,Liverpool,Florent Sinama-Pongolle,Second Striker
2004/05,Liverpool,Harry Kewell,Left Winger
2004/05,Liverpool,Igor Biscan,Defensive Midfield
2004/05,Liverpool,Jamie Carragher,Centre-Back
2004/05,Liverpool,Jerzy Dudek,Goalkeeper
2004/05,Liverpool,John Arne Riise,Left-Back
2004/05,Liverpool,John Welsh,Central Midfield
2004/05,Liverpool,Josemi,Centre-Back
2004/05,Liverpool,Luis García,Right Winger
2004/05,Liverpool,Mark Smyth,Left Winger
2004/05,Liverpool,Mauricio Pellegrino,Centre-Back
2004/05,Liverpool,Michael Owen,Centre-Forward
2004/05,Liverpool,Milan Baros,Centre-Forward
2004/05,Liverpool,Neil Mellor,Centre-Forward
2004/05,Liverpool,Patrice Luzi,Goalkeeper
2004/05,Liverpool,Paul Harrison,Goalkeeper
2004/05,Liverpool,Peter Crouch,Centre-Forward
2004/05,Liverpool,Richie Partridge,Right Midfield
2004/05,Liverpool,Robbie Foy,Left Winger
2004/05,Liverpool,Salif Diao,Defensive Midfield
2004/05,Liverpool,Sami Hyypiä,Centre-Back
2004/05,Liverpool,Scott Carson,Goalkeeper
2004/05,Liverpool,Stephen Warnock,Left-Back
2004/05,Liverpool,Steve Finnan,Right-Back
2004/05,Liverpool,Steven Gerrard,Central Midfield
2004/05,Liverpool,Stéphane Henchoz,Centre-Back
2004/05,Liverpool,Vladimir Smicer,Attacking Midfield
2004/05,Liverpool,Xabi Alonso,Defensive Midfield
2004/05,Liverpool,Zak Whitbread,Centre-Back
2004/05,Man City,Antoine Sibierski,Attacking Midfield
2004/05,Man City,Ben Thatcher,Left-Back
2004/05,Man City,Bradley Wright-Phillips,Centre-Forward
2004/05,Man City,Christian Negouai,Defensive Midfield
2004/05,Man City,Claudio Reyna,Central Midfield
2004/05,Man City,Danny Mills,Right-Back
2004/05,Man City,David James,Goalkeeper
2004/05,Man City,David Sommeil,Centre-Back
2004/05,Man City,Geert De Vlieger,Goalkeeper
2004/05,Man City,Jihai Sun,Right-Back
2004/05,Man City,Joey Barton,Central Midfield
2004/05,Man City,Jon Macken,Centre-Forward
2004/05,Man City,Jonathan D'Laryea,Central Midfield
2004/05,Man City,Kasper Schmeichel,Goalkeeper
2004/05,Man City,Kevin Stuhr-Ellegaard,Goalkeeper
2004/05,Man City,Kiki Musampa,Left Winger
2004/05,Man City,Lee Croft,Right Midfield
2004/05,Man City,Mikkel Bischoff,Centre-Back
2004/05,Man City,Nedum Onuoha,Centre-Back
2004/05,Man City,Nicky Weaver,Goalkeeper
2004/05,Man City,Nicolas Anelka,Centre-Forward
2004/05,Man City,Patrick McCarthy,Centre-Back
2004/05,Man City,Paul Bosvelt,Defensive Midfield
2004/05,Man City,Paulo Wanchope,Centre-Forward
2004/05,Man City,Richard Dunne,Centre-Back
2004/05,Man City,Robbie Fowler,Centre-Forward
2004/05,Man City,Ronald Waterreus,Goalkeeper
2004/05,Man City,Shaun Wright-Phillips,Right Winger
2004/05,Man City,Stephen Ireland,Attacking Midfield
2004/05,Man City,Stephen Jordan,Centre-Back
2004/05,Man City,Steve McManaman,Right Midfield
2004/05,Man City,Sylvain Distin,Centre-Back
2004/05,Man City,Trevor Sinclair,Left Winger
2004/05,Man City,Willo Flood,Central Midfield
2004/05,Man United,Alan Smith,Central Midfield
2004/05,Man United,Chris Eagles,Right Winger
2004/05,Man United,Cristiano Ronaldo,Centre-Forward
2004/05,Man United,Darren Fletcher,Central Midfield
2004/05,Man United,David Bellion,Centre-Forward
2004/05,Man United,David Jones,Central Midfield
2004/05,Man United,Diego Forlán,Centre-Forward
2004/05,Man United,Eric Djemba Djemba,Defensive Midfield
2004/05,Man United,Floribert N'Galula,Defensive Midfield
2004/05,Man United,Gabriel Heinze,Centre-Back
2004/05,Man United,Gary Neville,Right-Back
2004/05,Man United,Gerard Piqué,Centre-Back
2004/05,Man United,Giuseppe Rossi,Centre-Forward
2004/05,Man United,John O'Shea,Centre-Back
2004/05,Man United,Jonathan Spector,Centre-Back
2004/05,Man United,Kieran Richardson,Left-Back
2004/05,Man United,Kléberson,Central Midfield
2004/05,Man United,Liam Miller,Central Midfield
2004/05,Man United,Louis Saha,Centre-Forward
2004/05,Man United,Luke Steele,Goalkeeper
2004/05,Man United,Mikaël Silvestre,Left-Back
2004/05,Man United,Ole Gunnar Solskjaer,Centre-Forward
2004/05,Man United,Paul McShane,Centre-Back
2004/05,Man United,Paul Scholes,Central Midfield
2004/05,Man United,Phil Bardsley,Right-Back
2004/05,Man United,Phil Neville,Right-Back
2004/05,Man United,Quinton Fortune,Left-Back
2004/05,Man United,Ricardo,Goalkeeper
2004/05,Man United,Rio Ferdinand,Centre-Back
2004/05,Man United,Roy Carroll,Goalkeeper
2004/05,Man United,Roy Keane,Central Midfield
2004/05,Man United,Ruud van Nistelrooy,Centre-Forward
2004/05,Man United,Ryan Giggs,Left Midfield
2004/05,Man United,Sylvan Ebanks-Blake,Centre-Forward
2004/05,Man United,Tim Howard,Goalkeeper
2004/05,Man United,Wayne Rooney,Centre-Forward
2004/05,Man United,Wes Brown,Centre-Back
2004/05,Middlesbrough,Adam Johnson,Right Winger
2004/05,Middlesbrough,Andrew Davies,Centre-Back
2004/05,Middlesbrough,Andrew Taylor,Left-Back
2004/05,Middlesbrough,Boudewijn Zenden,Left Winger
2004/05,Middlesbrough,Brad Jones,Goalkeeper
2004/05,Middlesbrough,Carlo Nash,Goalkeeper
2004/05,Middlesbrough,Chris Riggott,Centre-Back
2004/05,Middlesbrough,Colin Cooper,Left-Back
2004/05,Middlesbrough,Danny Graham,Centre-Forward
2004/05,Middlesbrough,David Knight,Goalkeeper
2004/05,Middlesbrough,David Wheater,Centre-Back
2004/05,Middlesbrough,Doriva,Defensive Midfield
2004/05,Middlesbrough,Franck Queudrue,Left-Back
2004/05,Middlesbrough,Gaizka Mendieta,Right Midfield
2004/05,Middlesbrough,Gareth Southgate,Centre-Back
2004/05,Middlesbrough,George Boateng,Defensive Midfield
2004/05,Middlesbrough,James Morrison,Central Midfield
2004/05,Middlesbrough,Jason Kennedy,Central Midfield
2004/05,Middlesbrough,Jimmy Floyd Hasselbaink,Centre-Forward
2004/05,Middlesbrough,Joseph-Désiré Job,Centre-Forward
2004/05,Middlesbrough,Malcolm Christie,Centre-Forward
2004/05,Middlesbrough,Mark Schwarzer,Goalkeeper
2004/05,Middlesbrough,Mark Viduka,Centre-Forward
2004/05,Middlesbrough,Mark Wilson,Central Midfield
2004/05,Middlesbrough,Massimo Maccarone,Centre-Forward
2004/05,Middlesbrough,Matthew Bates,Centre-Back
2004/05,Middlesbrough,Michael Reiziger,Right-Back
2004/05,Middlesbrough,Ray Parlour,Central Midfield
2004/05,Middlesbrough,Ross Turnbull,Goalkeeper
2004/05,Middlesbrough,Stewart Downing,Left Midfield
2004/05,Middlesbrough,Stuart Parnaby,Right-Back
2004/05,Middlesbrough,Szilárd Németh,Second Striker
2004/05,Middlesbrough,Tony McMahon,Right-Back
2004/05,Middlesbrough,Ugo Ehiogu,Centre-Back
2004/05,Newcastle,Aaron Hughes,Centre-Back
2004/05,Newcastle,Alan Shearer,Centre-Forward
2004/05,Newcastle,Amdy Faye,Defensive Midfield
2004/05,Newcastle,Andrew O'Brien,Centre-Back
2004/05,Newcastle,Celestine Babayaro,Left-Back
2004/05,Newcastle,Charles N'Zogbia,Right Winger
2004/05,Newcastle,Craig Bellamy,Left Winger
2004/05,Newcastle,Darren Ambrose,Right Midfield
2004/05,Newcastle,James Milner,Central Midfield
2004/05,Newcastle,Jamie McClen,Central Midfield
2004/05,Newcastle,Jean-Alain Boumsong,Centre-Back
2004/05,Newcastle,Jermaine Jenas,Central Midfield
2004/05,Newcastle,Kieron Dyer,Right Midfield
2004/05,Newcastle,Laurent Robert,Left Winger
2004/05,Newcastle,Lee Bowyer,Central Midfield
2004/05,Newcastle,Lewis Guy,Centre-Forward
2004/05,Newcastle,Martin Brittain,Right Midfield
2004/05,Newcastle,Michael Chopra,Centre-Forward
2004/05,Newcastle,Nicky Butt,Defensive Midfield
2004/05,Newcastle,Olivier Bernard,Left-Back
2004/05,Newcastle,Patrick Kluivert,Centre-Forward
2004/05,Newcastle,Peter Ramage,Centre-Back
2004/05,Newcastle,Robbie Elliott,Left-Back
2004/05,Newcastle,Ronny Johnsen,Centre-Back
2004/05,Newcastle,Shay Given,Goalkeeper
2004/05,Newcastle,Shola Ameobi,Centre-Forward
2004/05,Newcastle,Stephen Carr,Right-Back
2004/05,Newcastle,Steve Harper,Goalkeeper
2004/05,Newcastle,Steven Taylor,Centre-Back
2004/05,Newcastle,Titus Bramble,Centre-Back
2004/05,Newcastle,Tony Caig,Goalkeeper
2004/05,Norwich,Adam Drury,Left-Back
2004/05,Norwich,Craig Fleming,Centre-Back
2004/05,Norwich,Damien Francis,Central Midfield
2004/05,Norwich,Danny Crow,Centre-Forward
2004/05,Norwich,Darren Huckerby,Centre-Forward
2004/05,Norwich,Darren Ward,Goalkeeper
2004/05,Norwich,David Bentley,Right Midfield
2004/05,Norwich,Dean Ashton,Centre-Forward
2004/05,Norwich,Gary Doherty,Centre-Back
2004/05,Norwich,Gary Holt,Central Midfield
2004/05,Norwich,Graham Stuart,Right Winger
2004/05,Norwich,Ian Henderson,Centre-Forward
2004/05,Norwich,Jason Shackell,Centre-Back
2004/05,Norwich,Jim Brennan,Left Midfield
2004/05,Norwich,Joe Lewis,Goalkeeper
2004/05,Norwich,Leon McKenzie,Centre-Forward
2004/05,Norwich,Marc Edworthy,Right-Back
2004/05,Norwich,Mathias Svensson,Centre-Forward
2004/05,Norwich,Mattias Jonson,Right Winger
2004/05,Norwich,Paul Gallacher,Goalkeeper
2004/05,Norwich,Paul McVeigh,Left Winger
2004/05,Norwich,Phil Mulryne,Central Midfield
2004/05,Norwich,Rob Green,Goalkeeper
2004/05,Norwich,Ryan Jarvis,Central Midfield
2004/05,Norwich,Shaun Derry,Defensive Midfield
2004/05,Norwich,Simon Charlton,Left-Back
2004/05,Norwich,Thomas Helveg,Right-Back
2004/05,Norwich,Youssef Safri,Defensive Midfield
2004/05,Portsmouth,Aleksandar Rodic,Centre-Forward
2004/05,Portsmouth,Aliou Cissé,Defensive Midfield
2004/05,Portsmouth,Amdy Faye,Defensive Midfield
2004/05,Portsmouth,Andrea Guatelli,Goalkeeper
2004/05,Portsmouth,Andy Griffin,Right-Back
2004/05,Portsmouth,Anthony Pulis,Central Midfield
2004/05,Portsmouth,Arjan de Zeeuw,Centre-Back
2004/05,Portsmouth,David Unsworth,Left-Back
2004/05,Portsmouth,Dejan Stefanovic,Centre-Back
2004/05,Portsmouth,Diomansy Kamara,Right Winger
2004/05,Portsmouth,Eyal Berkovic,Attacking Midfield
2004/05,Portsmouth,Gary O'Neil,Central Midfield
2004/05,Portsmouth,Gary Silk,Right-Back
2004/05,Portsmouth,Giannis Skopelitis,Defensive Midfield
2004/05,Portsmouth,Harald Wapenaar,Goalkeeper
2004/05,Portsmouth,Hayden Foxe,Centre-Back
2004/05,Portsmouth,James Keene,Centre-Forward
2004/05,Portsmouth,Jamie Ashdown,Goalkeeper
2004/05,Portsmouth,John Curtis,Right-Back
2004/05,Portsmouth,Kevin Harper,Right Midfield
2004/05,Portsmouth,Konstantinos Chalkias,Goalkeeper
2004/05,Portsmouth,Lewis Buxton,Right-Back
2004/05,Portsmouth,Liam Horsted,Left Winger
2004/05,Portsmouth,Linvoy Primus,Centre-Back
2004/05,Portsmouth,Lomana LuaLua,Centre-Forward
2004/05,Portsmouth,Matthew Taylor,Left Midfield
2004/05,Portsmouth,Nigel Quashie,Central Midfield
2004/05,Portsmouth,Patrik Berger,Attacking Midfield
2004/05,Portsmouth,Ricardo Fuller,Centre-Forward
2004/05,Portsmouth,Richard Duffy,Centre-Back
2004/05,Portsmouth,Richard Hughes,Defensive Midfield
2004/05,Portsmouth,Shaka Hislop,Goalkeeper
2004/05,Portsmouth,Shaun Cooper,Defensive Midfield
2004/05,Portsmouth,Steve Stone,Right Midfield
2004/05,Portsmouth,Svetoslav Todorov,Centre-Forward
2004/05,Portsmouth,Sébastien Schemmel,Right-Back
2004/05,Portsmouth,Valéry Mézague,Attacking Midfield
2004/05,Portsmouth,Vincent Péricard,Centre-Forward
2004/05,Portsmouth,Yakubu,Centre-Forward
2004/05,Southampton,Alaeddine Yahia,Centre-Back
2004/05,Southampton,Alan Blayney,Goalkeeper
2004/05,Southampton,Anders Svensson,Defensive Midfield
2004/05,Southampton,Andreas Jakobsson,Centre-Back
2004/05,Southampton,Andrew Surman,Central Midfield
2004/05,Southampton,Antti Niemi,Goalkeeper
2004/05,Southampton,Brett Ormerod,Centre-Forward
2004/05,Southampton,Calum Davenport,Centre-Back
2004/05,Southampton,Chris Baird,Defensive Midfield
2004/05,Southampton,Claus Lundekvam,Centre-Back
2004/05,Southampton,Danny Higginbotham,Centre-Back
2004/05,Southampton,Darren Kenton,Centre-Back
2004/05,Southampton,David Prutton,Central Midfield
2004/05,Southampton,Dexter Blackstock,Centre-Forward
2004/05,Southampton,Fabrice Fernandes,Left Winger
2004/05,Southampton,Graeme Le Saux,Left-Back
2004/05,Southampton,Henri Camara,Centre-Forward
2004/05,Southampton,James Beattie,Centre-Forward
2004/05,Southampton,Jamie Redknapp,Central Midfield
2004/05,Southampton,Jason Dodd,Right-Back
2004/05,Southampton,Jelle Van Damme,Centre-Back
2004/05,Southampton,Kasey Keller,Goalkeeper
2004/05,Southampton,Kenwyne Jones,Centre-Forward
2004/05,Southampton,Kevin Phillips,Centre-Forward
2004/05,Southampton,Leon Best,Centre-Forward
2004/05,Southampton,Léandre Griffit,Central Midfield
2004/05,Southampton,Marians Pahars,Centre-Forward
2004/05,Southampton,Martin Cranie,Centre-Back
2004/05,Southampton,Matt Mills,Centre-Back
2004/05,Southampton,Matt Oakley,Central Midfield
2004/05,Southampton,Michael Poke,Goalkeeper
2004/05,Southampton,Michael Svensson,Centre-Back
2004/05,Southampton,Mikael Nilsson,Right-Back
2004/05,Southampton,Neil McCann,Left Winger
2004/05,Southampton,Nigel Quashie,Central Midfield
2004/05,Southampton,Olivier Bernard,Left-Back
2004/05,Southampton,Paul Smith,Goalkeeper
2004/05,Southampton,Paul Telfer,Right-Back
2004/05,Southampton,Peter Crouch,Centre-Forward
2004/05,Southampton,Rory Delap,Central Midfield
2004/05,Southampton,Yoann Folly,Defensive Midfield
2004/05,Tottenham,Andy Reid,Left Midfield
2004/05,Tottenham,Anthony Gardner,Centre-Back
2004/05,Tottenham,Calum Davenport,Centre-Back
2004/05,Tottenham,David Limbersky,Left-Back
2004/05,Tottenham,Dean Marney,Central Midfield
2004/05,Tottenham,Dean Richards,Centre-Back
2004/05,Tottenham,Edson Sousa,Centre-Forward
2004/05,Tottenham,Erik Edman,Left-Back
2004/05,Tottenham,Frédéric Kanouté,Centre-Forward
2004/05,Tottenham,Gary Doherty,Centre-Back
2004/05,Tottenham,Goran Bunjevcevic,Centre-Back
2004/05,Tottenham,Jamie Redknapp,Central Midfield
2004/05,Tottenham,Jermain Defoe,Centre-Forward
2004/05,Tottenham,Johnnie Jackson,Central Midfield
2004/05,Tottenham,Kasey Keller,Goalkeeper
2004/05,Tottenham,Ledley King,Centre-Back
2004/05,Tottenham,Mark Yeates,Left Winger
2004/05,Tottenham,Mauricio Taricco,Left-Back
2004/05,Tottenham,Mbulelo Mabizela,Centre-Back
2004/05,Tottenham,Michael Brown,Central Midfield
2004/05,Tottenham,Michael Carrick,Defensive Midfield
2004/05,Tottenham,Michael Dawson,Centre-Back
2004/05,Tottenham,Mido,Centre-Forward
2004/05,Tottenham,Márton Fülöp,Goalkeeper
2004/05,Tottenham,Nicky Eyre,Goalkeeper
2004/05,Tottenham,Noureddine Naybet,Centre-Back
2004/05,Tottenham,Noé Pamarot,Centre-Back
2004/05,Tottenham,Paul Robinson,Goalkeeper
2004/05,Tottenham,Pedro Mendes,Central Midfield
2004/05,Tottenham,Philip Ifil,Right-Back
2004/05,Tottenham,Radek Cerny,Goalkeeper
2004/05,Tottenham,Reto Ziegler,Centre-Back
2004/05,Tottenham,Robbie Keane,Centre-Forward
2004/05,Tottenham,Rohan Ricketts,Right Midfield
2004/05,Tottenham,Sean Davis,Defensive Midfield
2004/05,Tottenham,Simon Davies,Right Midfield
2004/05,Tottenham,Stephen Kelly,Right-Back
2004/05,Tottenham,Thimothée Atouba,Left-Back
2004/05,West Brom,Andy Johnson,Attacking Midfield
2004/05,West Brom,Artim Sakiri,Left Midfield
2004/05,West Brom,Bernt Haas,Right-Back
2004/05,West Brom,Cosmin Contra,Right-Back
2004/05,West Brom,Darren Moore,Centre-Back
2004/05,West Brom,Darren Purse,Centre-Back
2004/05,West Brom,Geoff Horsfield,Centre-Forward
2004/05,West Brom,James O'Connor,Central Midfield
2004/05,West Brom,Jason Koumas,Attacking Midfield
2004/05,West Brom,Joe Murphy,Goalkeeper
2004/05,West Brom,Jonathan Greening,Central Midfield
2004/05,West Brom,Junichi Inamoto,Defensive Midfield
2004/05,West Brom,Kevin Campbell,Centre-Forward
2004/05,West Brom,Kieran Richardson,Left-Back
2004/05,West Brom,Lloyd Dyer,Left Midfield
2004/05,West Brom,Lárus Orri Sigurdsson,Centre-Back
2004/05,West Brom,Martin Albrechtsen,Centre-Back
2004/05,West Brom,Neil Clement,Right-Back
2004/05,West Brom,Nwankwo Kanu,Centre-Forward
2004/05,West Brom,Paul Robinson,Left-Back
2004/05,West Brom,Riccardo Scimeca,Centre-Back
2004/05,West Brom,Richard Chaplow,Central Midfield
2004/05,West Brom,Rob Hulse,Centre-Forward
2004/05,West Brom,Robert Earnshaw,Centre-Forward
2004/05,West Brom,Ronnie Wallwork,Central Midfield
2004/05,West Brom,Russell Hoult,Goalkeeper
2004/05,West Brom,Scott Dobie,Centre-Forward
2004/05,West Brom,Sekou Berthé,Centre-Back
2004/05,West Brom,Simon Miotto,Goalkeeper
2004/05,West Brom,Thomas Gaardsøe,Centre-Back
2004/05,West Brom,Tomasz Kuszczak,Goalkeeper
2004/05,West Brom,Zoltán Gera,Attacking Midfield
2005/06,Arsenal,Abou Diaby,Central Midfield
2005/06,Arsenal,Aleksandr Hleb,Attacking Midfield
2005/06,Arsenal,Alex Song,Defensive Midfield
2005/06,Arsenal,Arturo Lupoli,Centre-Forward
2005/06,Arsenal,Ashley Cole,Left-Back
2005/06,Arsenal,Cesc Fàbregas,Central Midfield
2005/06,Arsenal,Dennis Bergkamp,Second Striker
2005/06,Arsenal,Emmanuel Adebayor,Centre-Forward
2005/06,Arsenal,Emmanuel Eboué,Right-Back
2005/06,Arsenal,Freddie Ljungberg,Right Midfield
2005/06,Arsenal,Gaël Clichy,Left-Back
2005/06,Arsenal,Gilberto Silva,Defensive Midfield
2005/06,Arsenal,Jens Lehmann,Goalkeeper
2005/06,Arsenal,Johan Djourou,Centre-Back
2005/06,Arsenal,José Antonio Reyes,Right Winger
2005/06,Arsenal,Justin Hoyte,Right-Back
2005/06,Arsenal,Kerrea Gilbert,Right-Back
2005/06,Arsenal,Kolo Touré,Centre-Back
2005/06,Arsenal,Laurén,Right-Back
2005/06,Arsenal,Manuel Almunia,Goalkeeper
2005/06,Arsenal,Mark Howard,Goalkeeper
2005/06,Arsenal,Mart Poom,Goalkeeper
2005/06,Arsenal,Mathieu Flamini,Defensive Midfield
2005/06,Arsenal,Nicklas Bendtner,Centre-Forward
2005/06,Arsenal,Pascal Cygan,Centre-Back
2005/06,Arsenal,Philippe Senderos,Centre-Back
2005/06,Arsenal,Quincy Owusu-Abeyie,Left Winger
2005/06,Arsenal,Robert Pirès,Left Midfield
2005/06,Arsenal,Robin van Persie,Centre-Forward
2005/06,Arsenal,Sebastian Larsson,Central Midfield
2005/06,Arsenal,Sol Campbell,Centre-Back
2005/06,Arsenal,Theo Walcott,Right Winger
2005/06,Arsenal,Thierry Henry,Centre-Forward
2005/06,Aston Villa,Aaron Hughes,Centre-Back
2005/06,Aston Villa,Bobby Olejnik,Goalkeeper
2005/06,Aston Villa,Craig Gardner,Central Midfield
2005/06,Aston Villa,Eirik Bakke,Central Midfield
2005/06,Aston Villa,Eric Djemba Djemba,Defensive Midfield
2005/06,Aston Villa,Gabriel Agbonlahor,Centre-Forward
2005/06,Aston Villa,Gareth Barry,Defensive Midfield
2005/06,Aston Villa,Gary Cahill,Centre-Back
2005/06,Aston Villa,Gavin McCann,Central Midfield
2005/06,Aston Villa,James Milner,Central Midfield
2005/06,Aston Villa,Jamie Ward,Left Winger
2005/06,Aston Villa,Jlloyd Samuel,Left-Back
2005/06,Aston Villa,Juan Pablo Ángel,Centre-Forward
2005/06,Aston Villa,Kevin Phillips,Centre-Forward
2005/06,Aston Villa,Lee Hendrie,Central Midfield
2005/06,Aston Villa,Liam Ridgewell,Centre-Back
2005/06,Aston Villa,Luke Moore,Centre-Forward
2005/06,Aston Villa,Mark Delaney,Right-Back
2005/06,Aston Villa,Martin Laursen,Centre-Back
2005/06,Aston Villa,Milan Baros,Centre-Forward
2005/06,Aston Villa,Olof Mellberg,Centre-Back
2005/06,Aston Villa,Patrik Berger,Attacking Midfield
2005/06,Aston Villa,Peter Whittingham,Central Midfield
2005/06,Aston Villa,Sam Williams,Centre-Forward
2005/06,Aston Villa,Steven Davis,Central Midfield
2005/06,Aston Villa,Stuart Taylor,Goalkeeper
2005/06,Aston Villa,Thomas Sörensen,Goalkeeper
2005/06,Aston Villa,Ulises de la Cruz,Right-Back
2005/06,Aston Villa,Wilfred Bouma,Left-Back
2005/06,Birmingham,Alex Bruce,Centre-Back
2005/06,Birmingham,Chris Sutton,Centre-Forward
2005/06,Birmingham,Clinton Morrison,Centre-Forward
2005/06,Birmingham,Colin Doyle,Goalkeeper
2005/06,Birmingham,DJ Campbell,Centre-Forward
2005/06,Birmingham,Damien Johnson,Right Midfield
2005/06,Birmingham,David Dunn,Attacking Midfield
2005/06,Birmingham,Emile Heskey,Centre-Forward
2005/06,Birmingham,Jamie Clapham,Left-Back
2005/06,Birmingham,Jermaine Pennant,Right Winger
2005/06,Birmingham,Jiri Jarosik,Centre-Back
2005/06,Birmingham,Julian Gray,Centre-Forward
2005/06,Birmingham,Kenny Cunningham,Centre-Back
2005/06,Birmingham,Maik Taylor,Goalkeeper
2005/06,Birmingham,Marcos Painter,Left-Back
2005/06,Birmingham,Mario Melchiot,Right-Back
2005/06,Birmingham,Martin Latka,Centre-Back
2005/06,Birmingham,Martin Taylor,Centre-Back
2005/06,Birmingham,Mat Sadler,Centre-Back
2005/06,Birmingham,Mathew Birley,Right Midfield
2005/06,Birmingham,Matthew Upson,Centre-Back
2005/06,Birmingham,Mehdi Nafti,Defensive Midfield
2005/06,Birmingham,Mikael Forssell,Centre-Forward
2005/06,Birmingham,Muzzy Izzet,Right Midfield
2005/06,Birmingham,Neil Kilkenny,Defensive Midfield
2005/06,Birmingham,Nicky Butt,Defensive Midfield
2005/06,Birmingham,Nico Vaesen,Goalkeeper
2005/06,Birmingham,Olivier Tébily,Centre-Back
2005/06,Birmingham,Peter Till,Right Midfield
2005/06,Birmingham,Sam Oji,Centre-Back
2005/06,Birmingham,Stan Lazaridis,Left Midfield
2005/06,Birmingham,Stephen Clemence,Central Midfield
2005/06,Birmingham,Walter Pandiani,Centre-Forward
2005/06,Blackburn,Aaron Mokoena,Centre-Back
2005/06,Blackburn,Andy Todd,Centre-Back
2005/06,Blackburn,Brad Friedel,Goalkeeper
2005/06,Blackburn,Brett Emerton,Right Midfield
2005/06,Blackburn,Craig Bellamy,Left Winger
2005/06,Blackburn,David Bentley,Right Midfield
2005/06,Blackburn,David Thompson,Right Midfield
2005/06,Blackburn,Dominic Matteo,Left-Back
2005/06,Blackburn,Florent Sinama-Pongolle,Second Striker
2005/06,Blackburn,Garry Flitcroft,Central Midfield
2005/06,Blackburn,Jemal Johnson,Left Winger
2005/06,Blackburn,Lorenzo Amoruso,Centre-Back
2005/06,Blackburn,Lucas Neill,Right-Back
2005/06,Blackburn,Matt Jansen,Centre-Forward
2005/06,Blackburn,Michael Gray,Left-Back
2005/06,Blackburn,Morten Gamst Pedersen,Central Midfield
2005/06,Blackburn,Paul Dickov,Centre-Forward
2005/06,Blackburn,Paul Gallagher,Central Midfield
2005/06,Blackburn,Peter Enckelman,Goalkeeper
2005/06,Blackburn,Robbie Savage,Central Midfield
2005/06,Blackburn,Ryan Nelsen,Centre-Back
2005/06,Blackburn,Sergio Peter,Left Midfield
2005/06,Blackburn,Shefki Kuqi,Centre-Forward
2005/06,Blackburn,Steven Reid,Right-Back
2005/06,Blackburn,Tugay Kerimoğlu,Defensive Midfield
2005/06,Blackburn,Vratislav Gresko,Left-Back
2005/06,Blackburn,Zurab Khizanishvili,Centre-Back
2005/06,Bolton,Abdoulaye Faye,Centre-Back
2005/06,Bolton,Ali Al-Habsi,Goalkeeper
2005/06,Bolton,Bruno N'Gotty,Centre-Back
2005/06,Bolton,El Hadji Diouf,Attacking Midfield
2005/06,Bolton,Fabrice Fernandes,Left Winger
2005/06,Bolton,Gary Speed,Central Midfield
2005/06,Bolton,Henrik Pedersen,Centre-Forward
2005/06,Bolton,Hidetoshi Nakata,Attacking Midfield
2005/06,Bolton,Ian Walker,Goalkeeper
2005/06,Bolton,Iván Campo,Defensive Midfield
2005/06,Bolton,Jared Borgetti,Centre-Forward
2005/06,Bolton,Jaroslaw Fojut,Centre-Back
2005/06,Bolton,Jay-Jay Okocha,Attacking Midfield
2005/06,Bolton,Joey O'Brien,Right-Back
2005/06,Bolton,Jussi Jääskeläinen,Goalkeeper
2005/06,Bolton,Kevin Davies,Centre-Forward
2005/06,Bolton,Kevin Nolan,Attacking Midfield
2005/06,Bolton,Khalilou Fadiga,Left Winger
2005/06,Bolton,Martin Djetou,Centre-Back
2005/06,Bolton,Matt Jansen,Centre-Forward
2005/06,Bolton,Nicky Hunt,Right-Back
2005/06,Bolton,Radhi Jaïdi,Centre-Back
2005/06,Bolton,Ricardo Gardner,Left-Back
2005/06,Bolton,Ricardo Vaz Tê,Right Winger
2005/06,Bolton,Robert Sissons,Central Midfield
2005/06,Bolton,Sam Ashton,Goalkeeper
2005/06,Bolton,Stelios Giannakopoulos,Right Winger
2005/06,Bolton,Tal Ben Haim,Centre-Back
2005/06,Charlton,Aleksey Smertin,Defensive Midfield
2005/06,Charlton,Alex Varney,Centre-Forward
2005/06,Charlton,Bryan Hughes,Attacking Midfield
2005/06,Charlton,Chris Perry,Centre-Back
2005/06,Charlton,Chris Powell,Left-Back
2005/06,Charlton,Danny Murphy,Central Midfield
2005/06,Charlton,Darren Ambrose,Right Midfield
2005/06,Charlton,Darren Bent,Centre-Forward
2005/06,Charlton,Darren Randolph,Goalkeeper
2005/06,Charlton,Dean Kiely,Goalkeeper
2005/06,Charlton,Dennis Rommedahl,Right Winger
2005/06,Charlton,Francis Jeffers,Centre-Forward
2005/06,Charlton,Gonzalo Sorondo,Centre-Back
2005/06,Charlton,Gonçalo Brandão,Centre-Back
2005/06,Charlton,Hermann Hreidarsson,Left-Back
2005/06,Charlton,James Walker,Centre-Forward
2005/06,Charlton,Jason Euell,Left Winger
2005/06,Charlton,Jay Bothroyd,Centre-Forward
2005/06,Charlton,Jerome Thomas,Left Winger
2005/06,Charlton,Jonatan Johansson,Centre-Forward
2005/06,Charlton,Jonathan Fortune,Centre-Back
2005/06,Charlton,Jonathan Spector,Centre-Back
2005/06,Charlton,Kelly Youga,Left-Back
2005/06,Charlton,Kevin Lisbie,Centre-Forward
2005/06,Charlton,Lloyd Sam,Right Winger
2005/06,Charlton,Luke Young,Right-Back
2005/06,Charlton,Marcus Bent,Centre-Forward
2005/06,Charlton,Matt Holland,Central Midfield
2005/06,Charlton,Nathan Ashton,Left-Back
2005/06,Charlton,Osei Sankofa,Right-Back
2005/06,Charlton,Radostin Kishishev,Defensive Midfield
2005/06,Charlton,Rúrik Gíslason,Right Midfield
2005/06,Charlton,Shaun Bartlett,Centre-Forward
2005/06,Charlton,Stephan Andersen,Goalkeeper
2005/06,Charlton,Talal El Karkouri,Centre-Back
2005/06,Charlton,Thomas Myhre,Goalkeeper
2005/06,Chelsea,Arjen Robben,Right Winger
2005/06,Chelsea,Asier del Horno,Left-Back
2005/06,Chelsea,Carlo Cudicini,Goalkeeper
2005/06,Chelsea,Carlton Cole,Centre-Forward
2005/06,Chelsea,Claude Makélélé,Defensive Midfield
2005/06,Chelsea,Damien Duff,Right Midfield
2005/06,Chelsea,Didier Drogba,Centre-Forward
2005/06,Chelsea,Eidur Gudjohnsen,Centre-Forward
2005/06,Chelsea,Frank Lampard,Central Midfield
2005/06,Chelsea,Glen Johnson,Right-Back
2005/06,Chelsea,Hernán Crespo,Centre-Forward
2005/06,Chelsea,Joe Cole,Attacking Midfield
2005/06,Chelsea,John Terry,Centre-Back
2005/06,Chelsea,Lassana Diarra,Defensive Midfield
2005/06,Chelsea,Lenny Pidgeley,Goalkeeper
2005/06,Chelsea,Maniche,Central Midfield
2005/06,Chelsea,Michael Essien,Defensive Midfield
2005/06,Chelsea,Njitap Geremi,Right Midfield
2005/06,Chelsea,Paulo Ferreira,Right-Back
2005/06,Chelsea,Petr Cech,Goalkeeper
2005/06,Chelsea,Ricardo Carvalho,Centre-Back
2005/06,Chelsea,Robert Huth,Centre-Back
2005/06,Chelsea,Shaun Wright-Phillips,Right Winger
2005/06,Chelsea,Tiago Mendes,Central Midfield
2005/06,Chelsea,Wayne Bridge,Left-Back
2005/06,Chelsea,William Gallas,Centre-Back
2005/06,Chelsea,Yves Makabu-Makalambay,Goalkeeper
2005/06,Everton,Alan Stubbs,Centre-Back
2005/06,Everton,Alessandro Pistone,Left-Back
2005/06,Everton,Andy van der Meyde,Right Winger
2005/06,Everton,David Weir,Centre-Back
2005/06,Everton,Duncan Ferguson,Centre-Forward
2005/06,Everton,Gary Naysmith,Left-Back
2005/06,Everton,Iain Turner,Goalkeeper
2005/06,Everton,James Beattie,Centre-Forward
2005/06,Everton,James McFadden,Left Winger
2005/06,Everton,James Vaughan,Centre-Forward
2005/06,Everton,John Ruddy,Goalkeeper
2005/06,Everton,Joseph Yobo,Centre-Back
2005/06,Everton,Kevin Kilbane,Left Midfield
2005/06,Everton,Lee Carsley,Defensive Midfield
2005/06,Everton,Leon Osman,Central Midfield
2005/06,Everton,Marcus Bent,Centre-Forward
2005/06,Everton,Matteo Ferrari,Centre-Back
2005/06,Everton,Mikel Arteta,Central Midfield
2005/06,Everton,Nigel Martyn,Goalkeeper
2005/06,Everton,Nuno Valente,Left-Back
2005/06,Everton,Per Kröldrup,Centre-Back
2005/06,Everton,Phil Neville,Right-Back
2005/06,Everton,Richard Wright,Goalkeeper
2005/06,Everton,Sander Westerveld,Goalkeeper
2005/06,Everton,Simon Davies,Right Midfield
2005/06,Everton,Tie Li,Defensive Midfield
2005/06,Everton,Tim Cahill,Attacking Midfield
2005/06,Everton,Tony Hibbert,Right-Back
2005/06,Everton,Victor Anichebe,Centre-Forward
2005/06,Fulham,Ahmad Elrich,Right Midfield
2005/06,Fulham,Alain Goma,Centre-Back
2005/06,Fulham,Antti Niemi,Goalkeeper
2005/06,Fulham,Brian McBride,Centre-Forward
2005/06,Fulham,Carlos Bocanegra,Centre-Back
2005/06,Fulham,Claus Jensen,Attacking Midfield
2005/06,Fulham,Collins John,Centre-Forward
2005/06,Fulham,Dean Leacock,Centre-Back
2005/06,Fulham,Heidar Helguson,Centre-Forward
2005/06,Fulham,Ian Pearce,Centre-Back
2005/06,Fulham,Jaroslav Drobný,Goalkeeper
2005/06,Fulham,Liam Fontaine,Centre-Back
2005/06,Fulham,Liam Rosenior,Right-Back
2005/06,Fulham,Luís Boa Morte,Left Midfield
2005/06,Fulham,Mark Crossley,Goalkeeper
2005/06,Fulham,Mark Pembridge,Left Midfield
2005/06,Fulham,Michael Brown,Central Midfield
2005/06,Fulham,Michael Timlin,Central Midfield
2005/06,Fulham,Moritz Volz,Right-Back
2005/06,Fulham,Niclas Jensen,Left-Back
2005/06,Fulham,Papa Bouba Diop,Defensive Midfield
2005/06,Fulham,Philippe Christanval,Centre-Back
2005/06,Fulham,Ricardo Batista,Goalkeeper
2005/06,Fulham,Simon Elliott,Defensive Midfield
2005/06,Fulham,Steed Malbranque,Left Midfield
2005/06,Fulham,Sylvain Legwinski,Central Midfield
2005/06,Fulham,Tomasz Radzinski,Centre-Forward
2005/06,Fulham,Tony Warner,Goalkeeper
2005/06,Fulham,Wayne Bridge,Left-Back
2005/06,Fulham,Zat Knight,Centre-Back
2005/06,Fulham,Zesh Rehman,Centre-Back
2005/06,Liverpool,Antonio Barragán,Right-Back
2005/06,Liverpool,Besian Idrizaj,Centre-Forward
2005/06,Liverpool,Boudewijn Zenden,Left Winger
2005/06,Liverpool,Daniel Agger,Centre-Back
2005/06,Liverpool,Darren Potter,Central Midfield
2005/06,Liverpool,David Mannix,Central Midfield
2005/06,Liverpool,David Martin,Goalkeeper
2005/06,Liverpool,David Raven,Right-Back
2005/06,Liverpool,Dietmar Hamann,Defensive Midfield
2005/06,Liverpool,Djibril Cissé,Centre-Forward
2005/06,Liverpool,Djimi Traoré,Centre-Back
2005/06,Liverpool,Fernando Morientes,Centre-Forward
2005/06,Liverpool,Florent Sinama-Pongolle,Second Striker
2005/06,Liverpool,Harry Kewell,Left Winger
2005/06,Liverpool,Jamie Carragher,Centre-Back
2005/06,Liverpool,Jan Kromkamp,Right-Back
2005/06,Liverpool,Jerzy Dudek,Goalkeeper
2005/06,Liverpool,John Arne Riise,Left-Back
2005/06,Liverpool,Josemi,Centre-Back
2005/06,Liverpool,Luis García,Right Winger
2005/06,Liverpool,Miki Roqué,Centre-Back
2005/06,Liverpool,Mohamed Sissoko,Defensive Midfield
2005/06,Liverpool,Pepe Reina,Goalkeeper
2005/06,Liverpool,Peter Crouch,Centre-Forward
2005/06,Liverpool,Robbie Fowler,Centre-Forward
2005/06,Liverpool,Salif Diao,Defensive Midfield
2005/06,Liverpool,Sami Hyypiä,Centre-Back
2005/06,Liverpool,Scott Carson,Goalkeeper
2005/06,Liverpool,Stephen Warnock,Left-Back
2005/06,Liverpool,Steve Finnan,Right-Back
2005/06,Liverpool,Steven Gerrard,Central Midfield
2005/06,Liverpool,Xabi Alonso,Defensive Midfield
2005/06,Man City,Albert Riera,Left Midfield
2005/06,Man City,Andy Cole,Centre-Forward
2005/06,Man City,Antoine Sibierski,Attacking Midfield
2005/06,Man City,Ben Thatcher,Left-Back
2005/06,Man City,Bradley Wright-Phillips,Centre-Forward
2005/06,Man City,Claudio Reyna,Central Midfield
2005/06,Man City,Danny Mills,Right-Back
2005/06,Man City,Darius Vassell,Centre-Forward
2005/06,Man City,David James,Goalkeeper
2005/06,Man City,David Sommeil,Centre-Back
2005/06,Man City,Geert De Vlieger,Goalkeeper
2005/06,Man City,Georgios Samaras,Left Winger
2005/06,Man City,Ishmael Miller,Centre-Forward
2005/06,Man City,Jihai Sun,Right-Back
2005/06,Man City,Joey Barton,Central Midfield
2005/06,Man City,Kasper Schmeichel,Goalkeeper
2005/06,Man City,Kiki Musampa,Left Winger
2005/06,Man City,Lee Croft,Right Midfield
2005/06,Man City,Matt Mills,Centre-Back
2005/06,Man City,Micah Richards,Right-Back
2005/06,Man City,Mikkel Bischoff,Centre-Back
2005/06,Man City,Nedum Onuoha,Centre-Back
2005/06,Man City,Nicky Weaver,Goalkeeper
2005/06,Man City,Richard Dunne,Centre-Back
2005/06,Man City,Robbie Fowler,Centre-Forward
2005/06,Man City,Stephen Ireland,Attacking Midfield
2005/06,Man City,Stephen Jordan,Centre-Back
2005/06,Man City,Sylvain Distin,Centre-Back
2005/06,Man City,Trevor Sinclair,Left Winger
2005/06,Man City,Tuomas Haapala,Defensive Midfield
2005/06,Man City,Willo Flood,Central Midfield
2005/06,Man United,Adam Eckersley,Left-Back
2005/06,Man United,Alan Smith,Central Midfield
2005/06,Man United,Cristiano Ronaldo,Centre-Forward
2005/06,Man United,Darren Fletcher,Central Midfield
2005/06,Man United,Darron Gibson,Central Midfield
2005/06,Man United,Edwin van der Sar,Goalkeeper
2005/06,Man United,Fraizer Campbell,Centre-Forward
2005/06,Man United,Gabriel Heinze,Centre-Back
2005/06,Man United,Gary Neville,Right-Back
2005/06,Man United,Gerard Piqué,Centre-Back
2005/06,Man United,Giuseppe Rossi,Centre-Forward
2005/06,Man United,Ji-sung Park,Attacking Midfield
2005/06,Man United,John O'Shea,Centre-Back
2005/06,Man United,Kieran Richardson,Left-Back
2005/06,Man United,Lee Martin,Attacking Midfield
2005/06,Man United,Liam Miller,Central Midfield
2005/06,Man United,Louis Saha,Centre-Forward
2005/06,Man United,Luke Steele,Goalkeeper
2005/06,Man United,Mikaël Silvestre,Left-Back
2005/06,Man United,Nemanja Vidic‎,Centre-Back
2005/06,Man United,Ole Gunnar Solskjaer,Centre-Forward
2005/06,Man United,Patrice Evra,Left-Back
2005/06,Man United,Paul Scholes,Central Midfield
2005/06,Man United,Phil Bardsley,Right-Back
2005/06,Man United,Quinton Fortune,Left-Back
2005/06,Man United,Rio Ferdinand,Centre-Back
2005/06,Man United,Ritchie Jones,Central Midfield
2005/06,Man United,Roy Keane,Central Midfield
2005/06,Man United,Ruud van Nistelrooy,Centre-Forward
2005/06,Man United,Ryan Giggs,Left Midfield
2005/06,Man United,Sylvan Ebanks-Blake,Centre-Forward
2005/06,Man United,Tim Howard,Goalkeeper
2005/06,Man United,Wayne Rooney,Centre-Forward
2005/06,Man United,Wes Brown,Centre-Back
2005/06,Middlesbrough,Abel Xavier,Right-Back
2005/06,Middlesbrough,Adam Johnson,Right Winger
2005/06,Middlesbrough,Andrew Davies,Centre-Back
2005/06,Middlesbrough,Andrew Taylor,Left-Back
2005/06,Middlesbrough,Brad Jones,Goalkeeper
2005/06,Middlesbrough,Chris Riggott,Centre-Back
2005/06,Middlesbrough,Colin Cooper,Left-Back
2005/06,Middlesbrough,Danny Graham,Centre-Forward
2005/06,Middlesbrough,David Knight,Goalkeeper
2005/06,Middlesbrough,David Wheater,Centre-Back
2005/06,Middlesbrough,Doriva,Defensive Midfield
2005/06,Middlesbrough,Emanuel Pogatetz,Centre-Back
2005/06,Middlesbrough,Franck Queudrue,Left-Back
2005/06,Middlesbrough,Fábio Rochemback,Central Midfield
2005/06,Middlesbrough,Gaizka Mendieta,Right Midfield
2005/06,Middlesbrough,Gareth Southgate,Centre-Back
2005/06,Middlesbrough,George Boateng,Defensive Midfield
2005/06,Middlesbrough,James Morrison,Central Midfield
2005/06,Middlesbrough,Jason Kennedy,Central Midfield
2005/06,Middlesbrough,Jimmy Floyd Hasselbaink,Centre-Forward
2005/06,Middlesbrough,Joseph-Désiré Job,Centre-Forward
2005/06,Middlesbrough,Josh Walker,Central Midfield
2005/06,Middlesbrough,Lee Cattermole,Defensive Midfield
2005/06,Middlesbrough,Malcolm Christie,Centre-Forward
2005/06,Middlesbrough,Mark Schwarzer,Goalkeeper
2005/06,Middlesbrough,Mark Viduka,Centre-Forward
2005/06,Middlesbrough,Massimo Maccarone,Centre-Forward
2005/06,Middlesbrough,Matthew Bates,Centre-Back
2005/06,Middlesbrough,Michael Reiziger,Right-Back
2005/06,Middlesbrough,Ray Parlour,Central Midfield
2005/06,Middlesbrough,Rhys Williams,Centre-Back
2005/06,Middlesbrough,Ross Turnbull,Goalkeeper
2005/06,Middlesbrough,Stewart Downing,Left Midfield
2005/06,Middlesbrough,Stuart Parnaby,Right-Back
2005/06,Middlesbrough,Szilárd Németh,Second Striker
2005/06,Middlesbrough,Tom Craddock,Centre-Forward
2005/06,Middlesbrough,Tony McMahon,Right-Back
2005/06,Middlesbrough,Ugo Ehiogu,Centre-Back
2005/06,Middlesbrough,Yakubu,Centre-Forward
2005/06,Newcastle,Alan O'Brien,Left Midfield
2005/06,Newcastle,Alan Shearer,Centre-Forward
2005/06,Newcastle,Albert Luque,Left Winger
2005/06,Newcastle,Amdy Faye,Defensive Midfield
2005/06,Newcastle,Celestine Babayaro,Left-Back
2005/06,Newcastle,Charles N'Zogbia,Right Winger
2005/06,Newcastle,Craig Moore,Centre-Back
2005/06,Newcastle,Emre Belözoğlu,Central Midfield
2005/06,Newcastle,Jean-Alain Boumsong,Centre-Back
2005/06,Newcastle,Kieron Dyer,Right Midfield
2005/06,Newcastle,Lee Bowyer,Central Midfield
2005/06,Newcastle,Lee Clark,Central Midfield
2005/06,Newcastle,Matthew Pattison,Central Midfield
2005/06,Newcastle,Michael Chopra,Centre-Forward
2005/06,Newcastle,Michael Owen,Centre-Forward
2005/06,Newcastle,Nolberto Solano,Right Midfield
2005/06,Newcastle,Peter Ramage,Centre-Back
2005/06,Newcastle,Robbie Elliott,Left-Back
2005/06,Newcastle,Scott Parker,Central Midfield
2005/06,Newcastle,Shay Given,Goalkeeper
2005/06,Newcastle,Shola Ameobi,Centre-Forward
2005/06,Newcastle,Stephen Carr,Right-Back
2005/06,Newcastle,Steve Harper,Goalkeeper
2005/06,Newcastle,Steven Taylor,Centre-Back
2005/06,Newcastle,Titus Bramble,Centre-Back
2005/06,Portsmouth,Aliou Cissé,Defensive Midfield
2005/06,Portsmouth,Andrea Guatelli,Goalkeeper
2005/06,Portsmouth,Andrew O'Brien,Centre-Back
2005/06,Portsmouth,Andrés D'Alessandro,Attacking Midfield
2005/06,Portsmouth,Andy Griffin,Right-Back
2005/06,Portsmouth,Azar Karadas,Centre-Forward
2005/06,Portsmouth,Benjani,Centre-Forward
2005/06,Portsmouth,Brian Priske,Right-Back
2005/06,Portsmouth,Collins Mbesuma,Centre-Forward
2005/06,Portsmouth,Darío Silva,Centre-Forward
2005/06,Portsmouth,Dean Kiely,Goalkeeper
2005/06,Portsmouth,Dejan Stefanovic,Centre-Back
2005/06,Portsmouth,Emmanuel Olisadebe,Centre-Forward
2005/06,Portsmouth,Franck Songo'o,Right Winger
2005/06,Portsmouth,Gary O'Neil,Central Midfield
2005/06,Portsmouth,Giannis Skopelitis,Defensive Midfield
2005/06,Portsmouth,Grégory Vignal,Left-Back
2005/06,Portsmouth,Ivica Mornar,Centre-Forward
2005/06,Portsmouth,Jamie Ashdown,Goalkeeper
2005/06,Portsmouth,Jhon Viáfara,Defensive Midfield
2005/06,Portsmouth,Konstantinos Chalkias,Goalkeeper
2005/06,Portsmouth,Laurent Robert,Left Winger
2005/06,Portsmouth,Linvoy Primus,Centre-Back
2005/06,Portsmouth,Lomana LuaLua,Centre-Forward
2005/06,Portsmouth,Matthew Taylor,Left Midfield
2005/06,Portsmouth,Noé Pamarot,Centre-Back
2005/06,Portsmouth,Ognjen Koroman,Right Winger
2005/06,Portsmouth,Pedro Mendes,Central Midfield
2005/06,Portsmouth,Richard Hughes,Defensive Midfield
2005/06,Portsmouth,Salif Diao,Defensive Midfield
2005/06,Portsmouth,Sander Westerveld,Goalkeeper
2005/06,Portsmouth,Sean Davis,Defensive Midfield
2005/06,Portsmouth,Svetoslav Todorov,Centre-Forward
2005/06,Portsmouth,Vincent Péricard,Centre-Forward
2005/06,Portsmouth,Wayne Routledge,Left Winger
2005/06,Portsmouth,Zvonimir Vukic,Attacking Midfield
2005/06,Sunderland,Alan Stubbs,Centre-Back
2005/06,Sunderland,Andy Gray,Centre-Forward
2005/06,Sunderland,Andy Welsh,Left Midfield
2005/06,Sunderland,Anthony Le Tallec,Centre-Forward
2005/06,Sunderland,Ben Alnwick,Goalkeeper
2005/06,Sunderland,Carl Robinson,Central Midfield
2005/06,Sunderland,Chris Brown,Centre-Forward
2005/06,Sunderland,Christian Bassila,Centre-Back
2005/06,Sunderland,Daniel Smith,Left-Back
2005/06,Sunderland,Danny Collins,Centre-Back
2005/06,Sunderland,Daryl Murphy,Centre-Forward
2005/06,Sunderland,Dean Whitehead,Central Midfield
2005/06,Sunderland,George McCartney,Left-Back
2005/06,Sunderland,Grant Leadbitter,Central Midfield
2005/06,Sunderland,Jon Stead,Centre-Forward
2005/06,Sunderland,Julio Arca,Central Midfield
2005/06,Sunderland,Justin Hoyte,Right-Back
2005/06,Sunderland,Kelvin Davis,Goalkeeper
2005/06,Sunderland,Kevin Kyle,Centre-Forward
2005/06,Sunderland,Liam Lawrence,Attacking Midfield
2005/06,Sunderland,Martin Woods,Central Midfield
2005/06,Sunderland,Neill Collins,Centre-Back
2005/06,Sunderland,Nyron Nosworthy,Centre-Back
2005/06,Sunderland,Rory Delap,Central Midfield
2005/06,Sunderland,Stephen Elliott,Centre-Forward
2005/06,Sunderland,Stephen Wright,Right-Back
2005/06,Sunderland,Steven Caldwell,Centre-Back
2005/06,Sunderland,Tommy Miller,Central Midfield
2005/06,Tottenham,Aaron Lennon,Right Winger
2005/06,Tottenham,Andy Reid,Left Midfield
2005/06,Tottenham,Anthony Gardner,Centre-Back
2005/06,Tottenham,Calum Davenport,Centre-Back
2005/06,Tottenham,Danny Murphy,Central Midfield
2005/06,Tottenham,Edgar Davids,Central Midfield
2005/06,Tottenham,Erik Edman,Left-Back
2005/06,Tottenham,Frédéric Kanouté,Centre-Forward
2005/06,Tottenham,Grzegorz Rasiak,Centre-Forward
2005/06,Tottenham,Jermain Defoe,Centre-Forward
2005/06,Tottenham,Jermaine Jenas,Central Midfield
2005/06,Tottenham,Johnnie Jackson,Central Midfield
2005/06,Tottenham,Ledley King,Centre-Back
2005/06,Tottenham,Lee Barnard,Centre-Forward
2005/06,Tottenham,Michael Brown,Central Midfield
2005/06,Tottenham,Michael Carrick,Defensive Midfield
2005/06,Tottenham,Michael Dawson,Centre-Back
2005/06,Tottenham,Mido,Centre-Forward
2005/06,Tottenham,Noureddine Naybet,Centre-Back
2005/06,Tottenham,Noé Pamarot,Centre-Back
2005/06,Tottenham,Paul Robinson,Goalkeeper
2005/06,Tottenham,Paul Stalteri,Right-Back
2005/06,Tottenham,Pedro Mendes,Central Midfield
2005/06,Tottenham,Radek Cerny,Goalkeeper
2005/06,Tottenham,Robbie Keane,Centre-Forward
2005/06,Tottenham,Stephen Kelly,Right-Back
2005/06,Tottenham,Teemu Tainio,Defensive Midfield
2005/06,Tottenham,Tom Huddlestone,Defensive Midfield
2005/06,Tottenham,Wayne Routledge,Left Winger
2005/06,Tottenham,Young-pyo Lee,Left-Back
2005/06,West Brom,Andy Johnson,Attacking Midfield
2005/06,West Brom,Chris Kirkland,Goalkeeper
2005/06,West Brom,Curtis Davies,Centre-Back
2005/06,West Brom,Darren Carter,Central Midfield
2005/06,West Brom,Darren Moore,Centre-Back
2005/06,West Brom,Diomansy Kamara,Right Winger
2005/06,West Brom,Geoff Horsfield,Centre-Forward
2005/06,West Brom,Jared Hodgkiss,Right-Back
2005/06,West Brom,Jonathan Greening,Central Midfield
2005/06,West Brom,Junichi Inamoto,Defensive Midfield
2005/06,West Brom,Ján Kozák,Attacking Midfield
2005/06,West Brom,Kevin Campbell,Centre-Forward
2005/06,West Brom,Lloyd Dyer,Left Midfield
2005/06,West Brom,Martin Albrechtsen,Centre-Back
2005/06,West Brom,Nathan Ellington,Centre-Forward
2005/06,West Brom,Neil Clement,Right-Back
2005/06,West Brom,Nigel Quashie,Central Midfield
2005/06,West Brom,Nwankwo Kanu,Centre-Forward
2005/06,West Brom,Paul Robinson,Left-Back
2005/06,West Brom,Riccardo Scimeca,Centre-Back
2005/06,West Brom,Richard Chaplow,Central Midfield
2005/06,West Brom,Rob Davies,Central Midfield
2005/06,West Brom,Robert Earnshaw,Centre-Forward
2005/06,West Brom,Ronnie Wallwork,Central Midfield
2005/06,West Brom,Russell Hoult,Goalkeeper
2005/06,West Brom,Steve Watson,Right-Back
2005/06,West Brom,Stuart Nicholson,Centre-Forward
2005/06,West Brom,Thomas Gaardsøe,Centre-Back
2005/06,West Brom,Tomasz Kuszczak,Goalkeeper
2005/06,West Brom,Williams Martínez,Centre-Back
2005/06,West Brom,Zoltán Gera,Attacking Midfield
2005/06,West Ham,Anton Ferdinand,Centre-Back
2005/06,West Ham,Bobby Zamora,Centre-Forward
2005/06,West Ham,Carl Fletcher,Defensive Midfield
2005/06,West Ham,Christian Dailly,Centre-Back
2005/06,West Ham,Clive Clarke,Left-Back
2005/06,West Ham,Danny Gabbidon,Centre-Back
2005/06,West Ham,Dean Ashton,Centre-Forward
2005/06,West Ham,Hayden Mullins,Defensive Midfield
2005/06,West Ham,Hogan Ephraim,Left Midfield
2005/06,West Ham,James Collins,Centre-Back
2005/06,West Ham,Jimmy Walker,Goalkeeper
2005/06,West Ham,Kyel Reid,Left Winger
2005/06,West Ham,Lionel Scaloni,Right-Back
2005/06,West Ham,Mark Noble,Central Midfield
2005/06,West Ham,Marlon Harewood,Centre-Forward
2005/06,West Ham,Matthew Etherington,Left Midfield
2005/06,West Ham,Nigel Reo-Coker,Central Midfield
2005/06,West Ham,Paul Konchesky,Left-Back
2005/06,West Ham,Roy Carroll,Goalkeeper
2005/06,West Ham,Shaka Hislop,Goalkeeper
2005/06,West Ham,Shaun Newton,Right Midfield
2005/06,West Ham,Stephen Bywater,Goalkeeper
2005/06,West Ham,Teddy Sheringham,Centre-Forward
2005/06,West Ham,Tomas Repka,Centre-Back
2005/06,West Ham,Yaniv Katan,Attacking Midfield
2005/06,West Ham,Yossi Benayoun,Right Winger
2005/06,Wigan,Alan Mahon,Left Midfield
2005/06,Wigan,Andreas Johansson,Central Midfield
2005/06,Wigan,Arjan de Zeeuw,Centre-Back
2005/06,Wigan,Damien Francis,Central Midfield
2005/06,Wigan,David Connolly,Centre-Forward
2005/06,Wigan,David Thompson,Right Midfield
2005/06,Wigan,David Wright,Defensive Midfield
2005/06,Wigan,Gary Teale,Right Winger
2005/06,Wigan,Gary Walsh,Goalkeeper
2005/06,Wigan,Graham Kavanagh,Central Midfield
2005/06,Wigan,Henri Camara,Centre-Forward
2005/06,Wigan,Jason Roberts,Centre-Forward
2005/06,Wigan,Jimmy Bullard,Central Midfield
2005/06,Wigan,Joey Waterhouse,Defender
2005/06,Wigan,John Filan,Goalkeeper
2005/06,Wigan,Josip Skoko,Central Midfield
2005/06,Wigan,Lee McCulloch,Centre-Back
2005/06,Wigan,Leighton Baines,Left-Back
2005/06,Wigan,Luke Joyce,Defensive Midfield
2005/06,Wigan,Matt Jackson,Centre-Back
2005/06,Wigan,Mike Pollitt,Goalkeeper
2005/06,Wigan,Neil Mellor,Centre-Forward
2005/06,Wigan,Pascal Chimbonda,Right-Back
2005/06,Wigan,Paul Scharner,Defensive Midfield
2005/06,Wigan,Reto Ziegler,Centre-Back
2005/06,Wigan,Ryan Taylor,Right-Back
2005/06,Wigan,Steve McMillan,Left-Back
2005/06,Wigan,Stéphane Henchoz,Centre-Back
2005/06,Wigan,Émerson Thome,Centre-Back
2006/07,Arsenal,Abou Diaby,Central Midfield
2006/07,Arsenal,Aleksandr Hleb,Attacking Midfield
2006/07,Arsenal,Alex Song,Defensive Midfield
2006/07,Arsenal,Armand Traoré,Left-Back
2006/07,Arsenal,Cesc Fàbregas,Central Midfield
2006/07,Arsenal,Denílson,Defensive Midfield
2006/07,Arsenal,Emmanuel Adebayor,Centre-Forward
2006/07,Arsenal,Emmanuel Eboué,Right-Back
2006/07,Arsenal,Freddie Ljungberg,Right Midfield
2006/07,Arsenal,Gaël Clichy,Left-Back
2006/07,Arsenal,Georgios Efrem,Left Winger
2006/07,Arsenal,Gilberto Silva,Defensive Midfield
2006/07,Arsenal,Jens Lehmann,Goalkeeper
2006/07,Arsenal,Joe O'Cearuill,Centre-Back
2006/07,Arsenal,Johan Djourou,Centre-Back
2006/07,Arsenal,Justin Hoyte,Right-Back
2006/07,Arsenal,Jérémie Aliadière,Centre-Forward
2006/07,Arsenal,Júlio Baptista,Attacking Midfield
2006/07,Arsenal,Kerrea Gilbert,Right-Back
2006/07,Arsenal,Kieran Gibbs,Left-Back
2006/07,Arsenal,Kolo Touré,Centre-Back
2006/07,Arsenal,Laurén,Right-Back
2006/07,Arsenal,Manuel Almunia,Goalkeeper
2006/07,Arsenal,Mark Randall,Central Midfield
2006/07,Arsenal,Mart Poom,Goalkeeper
2006/07,Arsenal,Mathieu Flamini,Defensive Midfield
2006/07,Arsenal,Matthew Connolly,Centre-Back
2006/07,Arsenal,Pascal Cygan,Centre-Back
2006/07,Arsenal,Philippe Senderos,Centre-Back
2006/07,Arsenal,Robin van Persie,Centre-Forward
2006/07,Arsenal,Theo Walcott,Right Winger
2006/07,Arsenal,Thierry Henry,Centre-Forward
2006/07,Arsenal,Tomas Rosicky,Attacking Midfield
2006/07,Arsenal,Vito Mannone,Goalkeeper
2006/07,Arsenal,William Gallas,Centre-Back
2006/07,Aston Villa,Aaron Hughes,Centre-Back
2006/07,Aston Villa,Ashley Young,Right-Back
2006/07,Aston Villa,Bobby Olejnik,Goalkeeper
2006/07,Aston Villa,Chris Sutton,Centre-Forward
2006/07,Aston Villa,Craig Gardner,Central Midfield
2006/07,Aston Villa,Didier Agathé,Right Midfield
2006/07,Aston Villa,Eric Djemba Djemba,Defensive Midfield
2006/07,Aston Villa,Gabriel Agbonlahor,Centre-Forward
2006/07,Aston Villa,Gareth Barry,Defensive Midfield
2006/07,Aston Villa,Gary Cahill,Centre-Back
2006/07,Aston Villa,Gavin McCann,Central Midfield
2006/07,Aston Villa,Isaiah Osbourne,Central Midfield
2006/07,Aston Villa,Jlloyd Samuel,Left-Back
2006/07,Aston Villa,John Carew,Centre-Forward
2006/07,Aston Villa,Juan Pablo Ángel,Centre-Forward
2006/07,Aston Villa,Lee Hendrie,Central Midfield
2006/07,Aston Villa,Liam Ridgewell,Centre-Back
2006/07,Aston Villa,Luke Moore,Centre-Forward
2006/07,Aston Villa,Mark Delaney,Right-Back
2006/07,Aston Villa,Martin Laursen,Centre-Back
2006/07,Aston Villa,Milan Baros,Centre-Forward
2006/07,Aston Villa,Olof Mellberg,Centre-Back
2006/07,Aston Villa,Patrik Berger,Attacking Midfield
2006/07,Aston Villa,Phil Bardsley,Right-Back
2006/07,Aston Villa,Sam Williams,Centre-Forward
2006/07,Aston Villa,Shaun Maloney,Attacking Midfield
2006/07,Aston Villa,Steven Davis,Central Midfield
2006/07,Aston Villa,Stiliyan Petrov,Central Midfield
2006/07,Aston Villa,Stuart Taylor,Goalkeeper
2006/07,Aston Villa,Thomas Sörensen,Goalkeeper
2006/07,Aston Villa,Wilfred Bouma,Left-Back
2006/07,Blackburn,Aaron Mokoena,Centre-Back
2006/07,Blackburn,André Ooijer,Centre-Back
2006/07,Blackburn,Andy Todd,Centre-Back
2006/07,Blackburn,Benni McCarthy,Centre-Forward
2006/07,Blackburn,Brad Friedel,Goalkeeper
2006/07,Blackburn,Brett Emerton,Right Midfield
2006/07,Blackburn,Bruno Berner,Left-Back
2006/07,Blackburn,Christopher Samba,Centre-Back
2006/07,Blackburn,David Bentley,Right Midfield
2006/07,Blackburn,David Dunn,Attacking Midfield
2006/07,Blackburn,Francis Jeffers,Centre-Forward
2006/07,Blackburn,Jason Brown,Goalkeeper
2006/07,Blackburn,Jason Roberts,Centre-Forward
2006/07,Blackburn,Jay McEveley,Centre-Back
2006/07,Blackburn,Lucas Neill,Right-Back
2006/07,Blackburn,Matt Derbyshire,Centre-Forward
2006/07,Blackburn,Michael Gray,Left-Back
2006/07,Blackburn,Morten Gamst Pedersen,Central Midfield
2006/07,Blackburn,Paul Gallagher,Central Midfield
2006/07,Blackburn,Peter Enckelman,Goalkeeper
2006/07,Blackburn,Robbie Savage,Central Midfield
2006/07,Blackburn,Ryan Nelsen,Centre-Back
2006/07,Blackburn,Sergio Peter,Left Midfield
2006/07,Blackburn,Shabani Nonda,Centre-Forward
2006/07,Blackburn,Stephen Warnock,Left-Back
2006/07,Blackburn,Steven Reid,Right-Back
2006/07,Blackburn,Stéphane Henchoz,Centre-Back
2006/07,Blackburn,Tugay Kerimoğlu,Defensive Midfield
2006/07,Blackburn,Zurab Khizanishvili,Centre-Back
2006/07,Bolton,Abdoulaye Faye,Centre-Back
2006/07,Bolton,Abdoulaye Méïté,Centre-Back
2006/07,Bolton,Ali Al-Habsi,Goalkeeper
2006/07,Bolton,Andranik Teymourian,Central Midfield
2006/07,Bolton,Blazej Augustyn,Centre-Back
2006/07,Bolton,Bédi Buval,Centre-Forward
2006/07,Bolton,Chris Howarth,Goalkeeper
2006/07,Bolton,César Martín,Centre-Back
2006/07,Bolton,David Thompson,Right Midfield
2006/07,Bolton,El-Hadji Diouf,Centre-Forward
2006/07,Bolton,Gary Speed,Central Midfield
2006/07,Bolton,Henrik Pedersen,Centre-Forward
2006/07,Bolton,Ian Walker,Goalkeeper
2006/07,Bolton,Idan Tal,Defensive Midfield
2006/07,Bolton,Iván Campo,Defensive Midfield
2006/07,Bolton,James Sinclair,Right-Back
2006/07,Bolton,Jaroslaw Fojut,Centre-Back
2006/07,Bolton,Joey O'Brien,Right-Back
2006/07,Bolton,Johann Smith,Left-Back
2006/07,Bolton,Jussi Jääskeläinen,Goalkeeper
2006/07,Bolton,Kevin Davies,Centre-Forward
2006/07,Bolton,Kevin Nolan,Attacking Midfield
2006/07,Bolton,Lubomir Michalik,Centre-Back
2006/07,Bolton,Nicky Hunt,Right-Back
2006/07,Bolton,Nicolas Anelka,Centre-Forward
2006/07,Bolton,Przemyslaw Kazimierczak,Goalkeeper
2006/07,Bolton,Quinton Fortune,Left-Back
2006/07,Bolton,Ricardo Gardner,Left-Back
2006/07,Bolton,Ricardo Vaz Tê,Right Winger
2006/07,Bolton,Sam Ashton,Goalkeeper
2006/07,Bolton,Scott Jamieson,Left-Back
2006/07,Bolton,Stelios Giannakopoulos,Right Winger
2006/07,Bolton,Tal Ben Haim,Centre-Back
2006/07,Bolton,Zoltán Harsányi,Centre-Forward
2006/07,Charlton,Alex Song,Defensive Midfield
2006/07,Charlton,Alistair John,Midfielder
2006/07,Charlton,Amdy Faye,Defensive Midfield
2006/07,Charlton,Andy Reid,Left Midfield
2006/07,Charlton,Ben Thatcher,Left-Back
2006/07,Charlton,Bryan Hughes,Attacking Midfield
2006/07,Charlton,Cory Gibbs,Centre-Back
2006/07,Charlton,Darren Ambrose,Right Midfield
2006/07,Charlton,Darren Bent,Centre-Forward
2006/07,Charlton,Darren Randolph,Goalkeeper
2006/07,Charlton,Dennis Rommedahl,Right Winger
2006/07,Charlton,Gonzalo Sorondo,Centre-Back
2006/07,Charlton,Hermann Hreidarsson,Left-Back
2006/07,Charlton,James Walker,Centre-Forward
2006/07,Charlton,Jerome Thomas,Left Winger
2006/07,Charlton,Jimmy Floyd Hasselbaink,Centre-Forward
2006/07,Charlton,Jonathan Fortune,Centre-Back
2006/07,Charlton,Kevin Lisbie,Centre-Forward
2006/07,Charlton,Lloyd Sam,Right Winger
2006/07,Charlton,Luke Young,Right-Back
2006/07,Charlton,Madjid Bougherra,Centre-Back
2006/07,Charlton,Marcus Bent,Centre-Forward
2006/07,Charlton,Matt Holland,Central Midfield
2006/07,Charlton,Nathan Ashton,Left-Back
2006/07,Charlton,Omar Pouso,Central Midfield
2006/07,Charlton,Osei Sankofa,Right-Back
2006/07,Charlton,Radostin Kishishev,Defensive Midfield
2006/07,Charlton,Rob Elliot,Goalkeeper
2006/07,Charlton,Rúrik Gíslason,Right Midfield
2006/07,Charlton,Scott Carson,Goalkeeper
2006/07,Charlton,Simon Walton,Central Midfield
2006/07,Charlton,Souleymane Diawara,Centre-Back
2006/07,Charlton,Stephan Andersen,Goalkeeper
2006/07,Charlton,Talal El Karkouri,Centre-Back
2006/07,Charlton,Thomas Myhre,Goalkeeper
2006/07,Charlton,Zhi Zheng,Defensive Midfield
2006/07,Chelsea,Andriy Shevchenko,Centre-Forward
2006/07,Chelsea,Arjen Robben,Right Winger
2006/07,Chelsea,Ashley Cole,Left-Back
2006/07,Chelsea,Ben Sahar,Centre-Forward
2006/07,Chelsea,Carlo Cudicini,Goalkeeper
2006/07,Chelsea,Claude Makélélé,Defensive Midfield
2006/07,Chelsea,Didier Drogba,Centre-Forward
2006/07,Chelsea,Frank Lampard,Central Midfield
2006/07,Chelsea,Hilário,Goalkeeper
2006/07,Chelsea,Jimmy Smith,Central Midfield
2006/07,Chelsea,Joe Cole,Attacking Midfield
2006/07,Chelsea,John Obi Mikel,Defensive Midfield
2006/07,Chelsea,John Terry,Centre-Back
2006/07,Chelsea,Jonas Elmer,Left-Back
2006/07,Chelsea,Khalid Boulahrouz,Centre-Back
2006/07,Chelsea,Lassana Diarra,Defensive Midfield
2006/07,Chelsea,Lee Sawyer,Central Midfield
2006/07,Chelsea,Magnus Hedman,Goalkeeper
2006/07,Chelsea,Michael Ballack,Central Midfield
2006/07,Chelsea,Michael Essien,Defensive Midfield
2006/07,Chelsea,Michael Mancienne,Centre-Back
2006/07,Chelsea,Michael Woods,Central Midfield
2006/07,Chelsea,Njitap Geremi,Right Midfield
2006/07,Chelsea,Nuno Morais,Defensive Midfield
2006/07,Chelsea,Paulo Ferreira,Right-Back
2006/07,Chelsea,Petr Cech,Goalkeeper
2006/07,Chelsea,Rhys Taylor,Goalkeeper
2006/07,Chelsea,Ricardo Carvalho,Centre-Back
2006/07,Chelsea,Robert Huth,Centre-Back
2006/07,Chelsea,Ryan Bertrand,Left-Back
2006/07,Chelsea,Salomon Kalou,Left Winger
2006/07,Chelsea,Sam Hutchinson,Defensive Midfield
2006/07,Chelsea,Scott Sinclair,Left Winger
2006/07,Chelsea,Shaun Wright-Phillips,Right Winger
2006/07,Chelsea,Wayne Bridge,Left-Back
2006/07,Chelsea,William Gallas,Centre-Back
2006/07,Chelsea,Yves Makabu-Makalambay,Goalkeeper
2006/07,Everton,Alan Stubbs,Centre-Back
2006/07,Everton,Alessandro Pistone,Left-Back
2006/07,Everton,Anderson Silva,Defensive Midfield
2006/07,Everton,Andy Johnson,Centre-Forward
2006/07,Everton,Andy van der Meyde,Right Winger
2006/07,Everton,Bjarni Vidarsson,Central Midfield
2006/07,Everton,Gary Naysmith,Left-Back
2006/07,Everton,Iain Turner,Goalkeeper
2006/07,Everton,James Beattie,Centre-Forward
2006/07,Everton,James McFadden,Left Winger
2006/07,Everton,James Vaughan,Centre-Forward
2006/07,Everton,Joleon Lescott,Centre-Back
2006/07,Everton,Joseph Yobo,Centre-Back
2006/07,Everton,Lee Carsley,Defensive Midfield
2006/07,Everton,Leon Osman,Central Midfield
2006/07,Everton,Manuel Fernandes,Attacking Midfield
2006/07,Everton,Mikel Arteta,Central Midfield
2006/07,Everton,Nuno Valente,Left-Back
2006/07,Everton,Paddy Boyle,Left-Back
2006/07,Everton,Phil Neville,Right-Back
2006/07,Everton,Richard Wright,Goalkeeper
2006/07,Everton,Tim Cahill,Attacking Midfield
2006/07,Everton,Tim Howard,Goalkeeper
2006/07,Everton,Tony Hibbert,Right-Back
2006/07,Everton,Victor Anichebe,Centre-Forward
2006/07,Fulham,Ahmad Elrich,Right Midfield
2006/07,Fulham,Aleksey Smertin,Defensive Midfield
2006/07,Fulham,Antti Niemi,Goalkeeper
2006/07,Fulham,Björn Runström,Centre-Forward
2006/07,Fulham,Brian McBride,Centre-Forward
2006/07,Fulham,Carlos Bocanegra,Centre-Back
2006/07,Fulham,Claus Jensen,Attacking Midfield
2006/07,Fulham,Clint Dempsey,Second Striker
2006/07,Fulham,Collins John,Centre-Forward
2006/07,Fulham,Elliot Omozusi,Right-Back
2006/07,Fulham,Franck Queudrue,Left-Back
2006/07,Fulham,Gabriel Zakuani,Centre-Back
2006/07,Fulham,Heidar Helguson,Centre-Forward
2006/07,Fulham,Ian Pearce,Centre-Back
2006/07,Fulham,Jan Lastuvka,Goalkeeper
2006/07,Fulham,Jimmy Bullard,Central Midfield
2006/07,Fulham,Liam Rosenior,Right-Back
2006/07,Fulham,Mark Crossley,Goalkeeper
2006/07,Fulham,Mark Pembridge,Left Midfield
2006/07,Fulham,Matthew Briggs,Centre-Back
2006/07,Fulham,Matthew Collins,Central Midfield
2006/07,Fulham,Michael Brown,Central Midfield
2006/07,Fulham,Moritz Volz,Right-Back
2006/07,Fulham,Papa Bouba Diop,Defensive Midfield
2006/07,Fulham,Philippe Christanval,Centre-Back
2006/07,Fulham,Ricardo Batista,Goalkeeper
2006/07,Fulham,Rob Milsom,Left-Back
2006/07,Fulham,Simon Davies,Right Midfield
2006/07,Fulham,Simon Elliott,Defensive Midfield
2006/07,Fulham,Tomasz Radzinski,Centre-Forward
2006/07,Fulham,Tony Warner,Goalkeeper
2006/07,Fulham,Vincenzo Montella,Centre-Forward
2006/07,Fulham,Wayne Routledge,Left Winger
2006/07,Fulham,Zat Knight,Centre-Back
2006/07,Liverpool,Boudewijn Zenden,Left Winger
2006/07,Liverpool,Craig Bellamy,Left Winger
2006/07,Liverpool,Craig Lindfield,Right Winger
2006/07,Liverpool,Daniel Agger,Centre-Back
2006/07,Liverpool,Daniele Padelli,Goalkeeper
2006/07,Liverpool,Dirk Kuyt,Right Winger
2006/07,Liverpool,Emiliano Insúa,Left-Back
2006/07,Liverpool,Florent Sinama-Pongolle,Second Striker
2006/07,Liverpool,Francis Durán,Central Midfield
2006/07,Liverpool,Fábio Aurélio,Left-Back
2006/07,Liverpool,Gabriel Paletta,Centre-Back
2006/07,Liverpool,Harry Kewell,Left Winger
2006/07,Liverpool,Jamie Carragher,Centre-Back
2006/07,Liverpool,Jan Kromkamp,Right-Back
2006/07,Liverpool,Javier Mascherano,Defensive Midfield
2006/07,Liverpool,Jermaine Pennant,Right Winger
2006/07,Liverpool,Jerzy Dudek,Goalkeeper
2006/07,Liverpool,John Arne Riise,Left-Back
2006/07,Liverpool,Lee Peltier,Right-Back
2006/07,Liverpool,Luis García,Right Winger
2006/07,Liverpool,Mark González,Left Winger
2006/07,Liverpool,Mohamed Sissoko,Defensive Midfield
2006/07,Liverpool,Nabil El Zhar,Right Winger
2006/07,Liverpool,Paul Anderson,Right Midfield
2006/07,Liverpool,Pepe Reina,Goalkeeper
2006/07,Liverpool,Peter Crouch,Centre-Forward
2006/07,Liverpool,Robbie Fowler,Centre-Forward
2006/07,Liverpool,Sami Hyypiä,Centre-Back
2006/07,Liverpool,Stephen Darby,Right-Back
2006/07,Liverpool,Stephen Warnock,Left-Back
2006/07,Liverpool,Steve Finnan,Right-Back
2006/07,Liverpool,Steven Gerrard,Central Midfield
2006/07,Liverpool,Xabi Alonso,Defensive Midfield
2006/07,Liverpool,Álvaro Arbeloa,Right-Back
2006/07,Man City,Andreas Isaksson,Goalkeeper
2006/07,Man City,Bernardo Corradi,Centre-Forward
2006/07,Man City,DaMarcus Beasley,Left-Back
2006/07,Man City,Daniel Sturridge,Centre-Forward
2006/07,Man City,Danny Mills,Right-Back
2006/07,Man City,Danny Warrender,Right-Back
2006/07,Man City,Darius Vassell,Centre-Forward
2006/07,Man City,Dietmar Hamann,Defensive Midfield
2006/07,Man City,Djamel Abdoun,Right Winger
2006/07,Man City,Emile Mpenza,Centre-Forward
2006/07,Man City,Georgios Samaras,Left Winger
2006/07,Man City,Hatem Trabelsi,Right-Back
2006/07,Man City,Ishmael Miller,Centre-Forward
2006/07,Man City,Jihai Sun,Right-Back
2006/07,Man City,Joey Barton,Central Midfield
2006/07,Man City,Matt Mills,Centre-Back
2006/07,Man City,Micah Richards,Right-Back
2006/07,Man City,Michael Ball,Left-Back
2006/07,Man City,Michael Johnson,Defensive Midfield
2006/07,Man City,Nathan D'Laryea,Right-Back
2006/07,Man City,Nedum Onuoha,Centre-Back
2006/07,Man City,Nicky Weaver,Goalkeeper
2006/07,Man City,Ousmane Dabo,Defensive Midfield
2006/07,Man City,Paul Dickov,Centre-Forward
2006/07,Man City,Richard Dunne,Centre-Back
2006/07,Man City,Stephen Ireland,Attacking Midfield
2006/07,Man City,Stephen Jordan,Centre-Back
2006/07,Man City,Sylvain Distin,Centre-Back
2006/07,Man City,Trevor Sinclair,Left Winger
2006/07,Man United,Adam Eckersley,Left-Back
2006/07,Man United,Alan Smith,Central Midfield
2006/07,Man United,Chris Eagles,Right Winger
2006/07,Man United,Craig Cathcart,Centre-Back
2006/07,Man United,Cristiano Ronaldo,Centre-Forward
2006/07,Man United,Danny Simpson,Right-Back
2006/07,Man United,Darren Fletcher,Central Midfield
2006/07,Man United,David Gray,Right-Back
2006/07,Man United,David Jones,Central Midfield
2006/07,Man United,Edwin van der Sar,Goalkeeper
2006/07,Man United,Fangzhuo Dong,Centre-Forward
2006/07,Man United,Floribert N'Galula,Defensive Midfield
2006/07,Man United,Gabriel Heinze,Centre-Back
2006/07,Man United,Gary Neville,Right-Back
2006/07,Man United,Henrik Larsson,Centre-Forward
2006/07,Man United,Ji-sung Park,Attacking Midfield
2006/07,Man United,John O'Shea,Centre-Back
2006/07,Man United,Jonny Evans,Centre-Back
2006/07,Man United,Kieran Lee,Defensive Midfield
2006/07,Man United,Kieran Richardson,Left-Back
2006/07,Man United,Lee Martin,Attacking Midfield
2006/07,Man United,Louis Saha,Centre-Forward
2006/07,Man United,Michael Barnes,Left Midfield
2006/07,Man United,Michael Carrick,Defensive Midfield
2006/07,Man United,Mikaël Silvestre,Left-Back
2006/07,Man United,Nemanja Vidic‎,Centre-Back
2006/07,Man United,Ole Gunnar Solskjaer,Centre-Forward
2006/07,Man United,Patrice Evra,Left-Back
2006/07,Man United,Paul Scholes,Central Midfield
2006/07,Man United,Phil Marsh,Centre-Forward
2006/07,Man United,Rio Ferdinand,Centre-Back
2006/07,Man United,Ritchie Jones,Central Midfield
2006/07,Man United,Ryan Giggs,Left Midfield
2006/07,Man United,Ryan Shawcross,Centre-Back
2006/07,Man United,Tom Heaton,Goalkeeper
2006/07,Man United,Tomasz Kuszczak,Goalkeeper
2006/07,Man United,Wayne Rooney,Centre-Forward
2006/07,Man United,Wes Brown,Centre-Back
2006/07,Middlesbrough,Abel Xavier,Right-Back
2006/07,Middlesbrough,Adam Johnson,Right Winger
2006/07,Middlesbrough,Andrew Davies,Centre-Back
2006/07,Middlesbrough,Andrew Taylor,Left-Back
2006/07,Middlesbrough,Brad Jones,Goalkeeper
2006/07,Middlesbrough,Chris Riggott,Centre-Back
2006/07,Middlesbrough,David Knight,Goalkeeper
2006/07,Middlesbrough,David Wheater,Centre-Back
2006/07,Middlesbrough,Dong-gook Lee,Centre-Forward
2006/07,Middlesbrough,Emanuel Pogatetz,Centre-Back
2006/07,Middlesbrough,Fábio Rochemback,Central Midfield
2006/07,Middlesbrough,Gaizka Mendieta,Right Midfield
2006/07,Middlesbrough,George Boateng,Defensive Midfield
2006/07,Middlesbrough,James Morrison,Central Midfield
2006/07,Middlesbrough,Jason Euell,Left Winger
2006/07,Middlesbrough,Jonathan Woodgate,Centre-Back
2006/07,Middlesbrough,Josh Walker,Central Midfield
2006/07,Middlesbrough,Julio Arca,Central Midfield
2006/07,Middlesbrough,Lee Cattermole,Defensive Midfield
2006/07,Middlesbrough,Malcolm Christie,Centre-Forward
2006/07,Middlesbrough,Mark Schwarzer,Goalkeeper
2006/07,Middlesbrough,Mark Viduka,Centre-Forward
2006/07,Middlesbrough,Matthew Bates,Centre-Back
2006/07,Middlesbrough,Rhys Williams,Centre-Back
2006/07,Middlesbrough,Robert Huth,Centre-Back
2006/07,Middlesbrough,Ross Turnbull,Goalkeeper
2006/07,Middlesbrough,Seb Hines,Centre-Back
2006/07,Middlesbrough,Stewart Downing,Left Midfield
2006/07,Middlesbrough,Stuart Parnaby,Right-Back
2006/07,Middlesbrough,Tom Craddock,Centre-Forward
2006/07,Middlesbrough,Tony McMahon,Right-Back
2006/07,Middlesbrough,Yakubu,Centre-Forward
2006/07,Newcastle,Alan O'Brien,Left Midfield
2006/07,Newcastle,Albert Luque,Left Winger
2006/07,Newcastle,Andy Carroll,Centre-Forward
2006/07,Newcastle,Antoine Sibierski,Attacking Midfield
2006/07,Newcastle,Celestine Babayaro,Left-Back
2006/07,Newcastle,Charles N'Zogbia,Right Winger
2006/07,Newcastle,Craig Moore,Centre-Back
2006/07,Newcastle,Damien Duff,Right Midfield
2006/07,Newcastle,David Edgar,Centre-Back
2006/07,Newcastle,Emre Belözoğlu,Central Midfield
2006/07,Newcastle,Giuseppe Rossi,Centre-Forward
2006/07,Newcastle,James Milner,Central Midfield
2006/07,Newcastle,Kieron Dyer,Right Midfield
2006/07,Newcastle,Matthew Pattison,Central Midfield
2006/07,Newcastle,Michael Owen,Centre-Forward
2006/07,Newcastle,Nicky Butt,Defensive Midfield
2006/07,Newcastle,Nolberto Solano,Right Midfield
2006/07,Newcastle,Obafemi Martins,Centre-Forward
2006/07,Newcastle,Oguchi Onyewu,Centre-Back
2006/07,Newcastle,Olivier Bernard,Left-Back
2006/07,Newcastle,Paul Huntington,Centre-Back
2006/07,Newcastle,Pavel Srnicek,Goalkeeper
2006/07,Newcastle,Peter Ramage,Centre-Back
2006/07,Newcastle,Scott Parker,Central Midfield
2006/07,Newcastle,Shay Given,Goalkeeper
2006/07,Newcastle,Shola Ameobi,Centre-Forward
2006/07,Newcastle,Stephen Carr,Right-Back
2006/07,Newcastle,Steve Harper,Goalkeeper
2006/07,Newcastle,Steven Taylor,Centre-Back
2006/07,Newcastle,Titus Bramble,Centre-Back
2006/07,Portsmouth,Andrew O'Brien,Centre-Back
2006/07,Portsmouth,Andy Cole,Centre-Forward
2006/07,Portsmouth,Andy Griffin,Right-Back
2006/07,Portsmouth,Arnold Mvuemba,Defensive Midfield
2006/07,Portsmouth,Benjani,Centre-Forward
2006/07,Portsmouth,Daryl Fordyce,Central Midfield
2006/07,Portsmouth,David James,Goalkeeper
2006/07,Portsmouth,Dejan Stefanovic,Centre-Back
2006/07,Portsmouth,Djimi Traoré,Centre-Back
2006/07,Portsmouth,Franck Songo'o,Right Winger
2006/07,Portsmouth,Gary O'Neil,Central Midfield
2006/07,Portsmouth,Glen Johnson,Right-Back
2006/07,Portsmouth,Jamie Ashdown,Goalkeeper
2006/07,Portsmouth,Laurén,Right-Back
2006/07,Portsmouth,Linvoy Primus,Centre-Back
2006/07,Portsmouth,Lomana LuaLua,Centre-Forward
2006/07,Portsmouth,Matthew Taylor,Left Midfield
2006/07,Portsmouth,Niko Kranjcar,Attacking Midfield
2006/07,Portsmouth,Noé Pamarot,Centre-Back
2006/07,Portsmouth,Nwankwo Kanu,Centre-Forward
2006/07,Portsmouth,Pedro Mendes,Central Midfield
2006/07,Portsmouth,Richard Hughes,Defensive Midfield
2006/07,Portsmouth,Roudolphe Douala,Left Winger
2006/07,Portsmouth,Sean Davis,Defensive Midfield
2006/07,Portsmouth,Sol Campbell,Centre-Back
2006/07,Portsmouth,Svetoslav Todorov,Centre-Forward
2006/07,Reading,Aaron Brown,Centre-Back
2006/07,Reading,Adam Federici,Goalkeeper
2006/07,Reading,Alan Bennett,Centre-Back
2006/07,Reading,André Bikey,Centre-Back
2006/07,Reading,Bobby Convey,Left Midfield
2006/07,Reading,Brynjar Gunnarsson,Defensive Midfield
2006/07,Reading,Curtis Osano,Right-Back
2006/07,Reading,Daniel Bocandé,Midfielder
2006/07,Reading,Dave Kitson,Centre-Forward
2006/07,Reading,Glen Little,Right Winger
2006/07,Reading,Graeme Murty,Right-Back
2006/07,Reading,Graham Stack,Goalkeeper
2006/07,Reading,Greg Halford,Centre-Back
2006/07,Reading,Ibrahima Sonko,Centre-Back
2006/07,Reading,James Harper,Central Midfield
2006/07,Reading,James Henry,Right Midfield
2006/07,Reading,John Halls,Defensive Midfield
2006/07,Reading,John Oster,Central Midfield
2006/07,Reading,Kevin Doyle,Centre-Forward
2006/07,Reading,Ki-hyeon Seol,Right Winger
2006/07,Reading,Leroy Lita,Centre-Forward
2006/07,Reading,Marcus Hahnemann,Goalkeeper
2006/07,Reading,Michael Duberry,Centre-Back
2006/07,Reading,Mikkel Andersen,Goalkeeper
2006/07,Reading,Nicky Shorey,Left-Back
2006/07,Reading,Oliver Bozanic,Central Midfield
2006/07,Reading,Péter Máté,Centre-Back
2006/07,Reading,Sam Sodje,Centre-Back
2006/07,Reading,Shane Long,Centre-Forward
2006/07,Reading,Stephen Hunt,Left Midfield
2006/07,Reading,Steve Sidwell,Central Midfield
2006/07,Reading,Ulises de la Cruz,Right-Back
2006/07,Reading,Viktor Unnar Illugason,Left Winger
2006/07,Reading,Ívar Ingimarsson,Centre-Back
2006/07,Sheffield United,Ahmed Fathi,Right-Back
2006/07,Sheffield United,Alan Quinn,Central Midfield
2006/07,Sheffield United,Ben Starosta,Right-Back
2006/07,Sheffield United,Chris Armstrong,Left-Back
2006/07,Sheffield United,Chris Lucketti,Centre-Back
2006/07,Sheffield United,Chris Morgan,Centre-Back
2006/07,Sheffield United,Christian Nadé,Centre-Forward
2006/07,Sheffield United,Claude Davis,Centre-Back
2006/07,Sheffield United,Colin Kazım-Richards,Centre-Forward
2006/07,Sheffield United,Craig Short,Centre-Back
2006/07,Sheffield United,Danny Webber,Centre-Forward
2006/07,Sheffield United,David Sommeil,Centre-Back
2006/07,Sheffield United,Derek Geary,Right-Back
2006/07,Sheffield United,Evan Horwood,Left-Back
2006/07,Sheffield United,Geoff Horsfield,Centre-Forward
2006/07,Sheffield United,Ian Bennett,Goalkeeper
2006/07,Sheffield United,Ian Ross,Central Midfield
2006/07,Sheffield United,Jamie Annerson,Goalkeeper
2006/07,Sheffield United,Jon Stead,Centre-Forward
2006/07,Sheffield United,Jonathan Forte,Centre-Forward
2006/07,Sheffield United,Keith Gillespie,Right Midfield
2006/07,Sheffield United,Leigh Bromby,Right-Back
2006/07,Sheffield United,Luton Shelton,Left Winger
2006/07,Sheffield United,Mamadou Seck,Centre-Back
2006/07,Sheffield United,Matthew Kilgallon,Centre-Back
2006/07,Sheffield United,Michael Tonge,Central Midfield
2006/07,Sheffield United,Mikele Leigertwood,Defensive Midfield
2006/07,Sheffield United,Nick Montgomery,Defensive Midfield
2006/07,Sheffield United,Nicky Law,Attacking Midfield
2006/07,Sheffield United,Paddy Kenny,Goalkeeper
2006/07,Sheffield United,Paul Gerrard,Goalkeeper
2006/07,Sheffield United,Phil Jagielka,Centre-Back
2006/07,Sheffield United,Rob Hulse,Centre-Forward
2006/07,Sheffield United,Rob Kozluk,Right-Back
2006/07,Sheffield United,Stephen Quinn,Central Midfield
2006/07,Sheffield United,Tie Li,Defensive Midfield
2006/07,Tottenham,Aaron Lennon,Right Winger
2006/07,Tottenham,Adel Taarabt,Central Midfield
2006/07,Tottenham,Andy Barcham,Left Winger
2006/07,Tottenham,Anthony Gardner,Centre-Back
2006/07,Tottenham,Ben Alnwick,Goalkeeper
2006/07,Tottenham,Benoît Assou-Ekotto,Left-Back
2006/07,Tottenham,Calum Davenport,Centre-Back
2006/07,Tottenham,Charlie Lee,Central Midfield
2006/07,Tottenham,Danny Murphy,Central Midfield
2006/07,Tottenham,Didier Zokora,Defensive Midfield
2006/07,Tottenham,Dimitar Berbatov,Centre-Forward
2006/07,Tottenham,Dorian Dervite,Centre-Back
2006/07,Tottenham,Edgar Davids,Central Midfield
2006/07,Tottenham,Hossam Ghaly,Central Midfield
2006/07,Tottenham,Jamie O'Hara,Central Midfield
2006/07,Tottenham,Jermain Defoe,Centre-Forward
2006/07,Tottenham,Jermaine Jenas,Central Midfield
2006/07,Tottenham,Ledley King,Centre-Back
2006/07,Tottenham,Lee Barnard,Centre-Forward
2006/07,Tottenham,Leigh Mills,Centre-Back
2006/07,Tottenham,Mark Yeates,Left Winger
2006/07,Tottenham,Michael Dawson,Centre-Back
2006/07,Tottenham,Mido,Centre-Forward
2006/07,Tottenham,Márton Fülöp,Goalkeeper
2006/07,Tottenham,Pascal Chimbonda,Right-Back
2006/07,Tottenham,Paul Robinson,Goalkeeper
2006/07,Tottenham,Paul Stalteri,Right-Back
2006/07,Tottenham,Philip Ifil,Right-Back
2006/07,Tottenham,Radek Cerny,Goalkeeper
2006/07,Tottenham,Reto Ziegler,Centre-Back
2006/07,Tottenham,Ricardo Rocha,Centre-Back
2006/07,Tottenham,Rob Burch,Goalkeeper
2006/07,Tottenham,Robbie Keane,Centre-Forward
2006/07,Tottenham,Steed Malbranque,Left Midfield
2006/07,Tottenham,Teemu Tainio,Defensive Midfield
2006/07,Tottenham,Tom Huddlestone,Defensive Midfield
2006/07,Tottenham,Tomas Pekhart,Centre-Forward
2006/07,Tottenham,Young-pyo Lee,Left-Back
2006/07,Watford,Adrian Mariappa,Centre-Back
2006/07,Watford,Al Bangura,Central Midfield
2006/07,Watford,Albert Jarrett,Left Midfield
2006/07,Watford,Alec Chamberlain,Goalkeeper
2006/07,Watford,Alex Campana,Right Midfield
2006/07,Watford,Anthony McNamee,Right Midfield
2006/07,Watford,Ashley Young,Right-Back
2006/07,Watford,Ben Foster,Goalkeeper
2006/07,Watford,Ben Gill,Centre-Back
2006/07,Watford,Chris Powell,Left-Back
2006/07,Watford,Clarke Carlisle,Centre-Back
2006/07,Watford,Cédric Avinel,Centre-Back
2006/07,Watford,Damien Francis,Central Midfield
2006/07,Watford,Danny Shittu,Centre-Back
2006/07,Watford,Darius Henderson,Centre-Forward
2006/07,Watford,Dominic Blizzard,Central Midfield
2006/07,Watford,Douglas Rinaldi,Central Midfield
2006/07,Watford,Gareth Williams,Central Midfield
2006/07,Watford,Gavin Mahon,Central Midfield
2006/07,Watford,Hamer Bouazza,Right Winger
2006/07,Watford,James Chambers,Right-Back
2006/07,Watford,Jay DeMerit,Centre-Back
2006/07,Watford,Joel Grant,Right Winger
2006/07,Watford,Johan Cavalli,Attacking Midfield
2006/07,Watford,Jordan Parkes,Central Midfield
2006/07,Watford,Jordan Stewart,Left-Back
2006/07,Watford,Junior Osborne,Left-Back
2006/07,Watford,Lee Williamson,Central Midfield
2006/07,Watford,Lloyd Doyley,Centre-Back
2006/07,Watford,Malky Mackay,Centre-Back
2006/07,Watford,Marlon King,Centre-Forward
2006/07,Watford,Matthew Spring,Central Midfield
2006/07,Watford,Moses Ashikodi,Centre-Forward
2006/07,Watford,Richard Lee,Goalkeeper
2006/07,Watford,Scott Loach,Goalkeeper
2006/07,Watford,Steve Kabba,Centre-Forward
2006/07,Watford,Tamás Priskin,Centre-Forward
2006/07,Watford,Theo Robinson,Centre-Forward
2006/07,Watford,Tommy Smith,Centre-Forward
2006/07,Watford,Toumani Diagouraga,Defensive Midfield
2006/07,Watford,Will Hoskins,Centre-Forward
2006/07,West Ham,Anton Ferdinand,Centre-Back
2006/07,West Ham,Bobby Zamora,Centre-Forward
2006/07,West Ham,Calum Davenport,Centre-Back
2006/07,West Ham,Carlos Tévez,Centre-Forward
2006/07,West Ham,Carlton Cole,Centre-Forward
2006/07,West Ham,Christian Dailly,Centre-Back
2006/07,West Ham,Danny Gabbidon,Centre-Back
2006/07,West Ham,Dean Ashton,Centre-Forward
2006/07,West Ham,Gábor Király,Goalkeeper
2006/07,West Ham,Hayden Mullins,Defensive Midfield
2006/07,West Ham,Hogan Ephraim,Left Midfield
2006/07,West Ham,James Collins,Centre-Back
2006/07,West Ham,James Tomkins,Centre-Back
2006/07,West Ham,Javier Mascherano,Defensive Midfield
2006/07,West Ham,Jimmy Walker,Goalkeeper
2006/07,West Ham,John Paintsil,Right-Back
2006/07,West Ham,Jonathan Spector,Centre-Back
2006/07,West Ham,Kepa Blanco,Centre-Forward
2006/07,West Ham,Kyel Reid,Left Winger
2006/07,West Ham,Lee Bowyer,Central Midfield
2006/07,West Ham,Lucas Neill,Right-Back
2006/07,West Ham,Luís Boa Morte,Left Midfield
2006/07,West Ham,Mark Noble,Central Midfield
2006/07,West Ham,Marlon Harewood,Centre-Forward
2006/07,West Ham,Matthew Etherington,Left Midfield
2006/07,West Ham,Matthew Upson,Centre-Back
2006/07,West Ham,Nigel Quashie,Central Midfield
2006/07,West Ham,Nigel Reo-Coker,Central Midfield
2006/07,West Ham,Paul Konchesky,Left-Back
2006/07,West Ham,Rob Green,Goalkeeper
2006/07,West Ham,Roy Carroll,Goalkeeper
2006/07,West Ham,Shaun Newton,Right Midfield
2006/07,West Ham,Stephen Bywater,Goalkeeper
2006/07,West Ham,Teddy Sheringham,Centre-Forward
2006/07,West Ham,Tony Stokes,Centre-Forward
2006/07,West Ham,Tyrone Mears,Right-Back
2006/07,West Ham,Yaniv Katan,Attacking Midfield
2006/07,West Ham,Yossi Benayoun,Right Winger
2006/07,Wigan,Andreas Granqvist,Centre-Back
2006/07,Wigan,Andreas Johansson,Central Midfield
2006/07,Wigan,Antonio Valencia,Right-Back
2006/07,Wigan,Arjan de Zeeuw,Centre-Back
2006/07,Wigan,Caleb Folan,Centre-Forward
2006/07,Wigan,Carlo Nash,Goalkeeper
2006/07,Wigan,Chris Kirkland,Goalkeeper
2006/07,Wigan,David Cotterill,Right Winger
2006/07,Wigan,David Owens,Midfielder
2006/07,Wigan,David Unsworth,Left-Back
2006/07,Wigan,Denny Landzaat,Central Midfield
2006/07,Wigan,Emile Heskey,Centre-Forward
2006/07,Wigan,Emmerson Boyce,Right-Back
2006/07,Wigan,Fitz Hall,Centre-Back
2006/07,Wigan,Henri Camara,Centre-Forward
2006/07,Wigan,John Filan,Goalkeeper
2006/07,Wigan,Josip Skoko,Central Midfield
2006/07,Wigan,Julius Aghahowa,Centre-Forward
2006/07,Wigan,Kevin Kilbane,Left Midfield
2006/07,Wigan,Lee McCulloch,Centre-Back
2006/07,Wigan,Leighton Baines,Left-Back
2006/07,Wigan,Lewis Montrose,Central Midfield
2006/07,Wigan,Matt Jackson,Centre-Back
2006/07,Wigan,Mike Pollitt,Goalkeeper
2006/07,Wigan,Paul Scharner,Defensive Midfield
2006/07,Wigan,Ryan Taylor,Right-Back
2006/07,Wigan,Steve McMillan,Left-Back
2006/07,Wigan,Tomasz Cywka,Defensive Midfield
2006/07,Wigan,Tomasz Kupisz,Right Winger
2007/08,Arsenal,Abou Diaby,Central Midfield
2007/08,Arsenal,Aleksandr Hleb,Attacking Midfield
2007/08,Arsenal,Alex Song,Defensive Midfield
2007/08,Arsenal,Armand Traoré,Left-Back
2007/08,Arsenal,Bacary Sagna,Right-Back
2007/08,Arsenal,Cesc Fàbregas,Central Midfield
2007/08,Arsenal,Denílson,Defensive Midfield
2007/08,Arsenal,Eduardo,Centre-Forward
2007/08,Arsenal,Emmanuel Adebayor,Centre-Forward
2007/08,Arsenal,Emmanuel Eboué,Right-Back
2007/08,Arsenal,Gaël Clichy,Left-Back
2007/08,Arsenal,Gilberto Silva,Defensive Midfield
2007/08,Arsenal,Håvard Nordtveit,Defensive Midfield
2007/08,Arsenal,Jens Lehmann,Goalkeeper
2007/08,Arsenal,Johan Djourou,Centre-Back
2007/08,Arsenal,Justin Hoyte,Right-Back
2007/08,Arsenal,Kerrea Gilbert,Right-Back
2007/08,Arsenal,Kieran Gibbs,Left-Back
2007/08,Arsenal,Kolo Touré,Centre-Back
2007/08,Arsenal,Lassana Diarra,Defensive Midfield
2007/08,Arsenal,Lukasz Fabianski,Goalkeeper
2007/08,Arsenal,Manuel Almunia,Goalkeeper
2007/08,Arsenal,Mark Randall,Central Midfield
2007/08,Arsenal,Mathieu Flamini,Defensive Midfield
2007/08,Arsenal,Nacer Barazite,Attacking Midfield
2007/08,Arsenal,Nicklas Bendtner,Centre-Forward
2007/08,Arsenal,Philippe Senderos,Centre-Back
2007/08,Arsenal,Robin van Persie,Centre-Forward
2007/08,Arsenal,Theo Walcott,Right Winger
2007/08,Arsenal,Tomas Rosicky,Attacking Midfield
2007/08,Arsenal,Vito Mannone,Goalkeeper
2007/08,Arsenal,William Gallas,Centre-Back
2007/08,Aston Villa,Ashley Young,Right-Back
2007/08,Aston Villa,Craig Gardner,Central Midfield
2007/08,Aston Villa,Curtis Davies,Centre-Back
2007/08,Aston Villa,Gabriel Agbonlahor,Centre-Forward
2007/08,Aston Villa,Gareth Barry,Defensive Midfield
2007/08,Aston Villa,Isaiah Osbourne,Central Midfield
2007/08,Aston Villa,John Carew,Centre-Forward
2007/08,Aston Villa,Luke Moore,Centre-Forward
2007/08,Aston Villa,Marlon Harewood,Centre-Forward
2007/08,Aston Villa,Martin Laursen,Centre-Back
2007/08,Aston Villa,Moustapha Salifou,Attacking Midfield
2007/08,Aston Villa,Nathan Delfouneso,Centre-Forward
2007/08,Aston Villa,Nigel Reo-Coker,Central Midfield
2007/08,Aston Villa,Olof Mellberg,Centre-Back
2007/08,Aston Villa,Patrik Berger,Attacking Midfield
2007/08,Aston Villa,Scott Carson,Goalkeeper
2007/08,Aston Villa,Shaun Maloney,Attacking Midfield
2007/08,Aston Villa,Stephen O'Halloran,Left-Back
2007/08,Aston Villa,Stiliyan Petrov,Central Midfield
2007/08,Aston Villa,Stuart Taylor,Goalkeeper
2007/08,Aston Villa,Thomas Sörensen,Goalkeeper
2007/08,Aston Villa,Wayne Routledge,Left Winger
2007/08,Aston Villa,Wilfred Bouma,Left-Back
2007/08,Aston Villa,Zat Knight,Centre-Back
2007/08,Birmingham,Adam Legzdins,Goalkeeper
2007/08,Birmingham,Cameron Jerome,Centre-Forward
2007/08,Birmingham,Colin Doyle,Goalkeeper
2007/08,Birmingham,Damien Johnson,Right Midfield
2007/08,Birmingham,Daniël de Ridder,Left Winger
2007/08,Birmingham,David Murphy,Left-Back
2007/08,Birmingham,Fabrice Muamba,Central Midfield
2007/08,Birmingham,Franck Queudrue,Left-Back
2007/08,Birmingham,Garry O'Connor,Centre-Forward
2007/08,Birmingham,Gary McSheffrey,Left Winger
2007/08,Birmingham,James McFadden,Left Winger
2007/08,Birmingham,Jordon Mutch,Central Midfield
2007/08,Birmingham,Krystian Pearce,Centre-Back
2007/08,Birmingham,Liam Ridgewell,Centre-Back
2007/08,Birmingham,Maik Taylor,Goalkeeper
2007/08,Birmingham,Martin Taylor,Centre-Back
2007/08,Birmingham,Mauro Zárate,Centre-Forward
2007/08,Birmingham,Mehdi Nafti,Defensive Midfield
2007/08,Birmingham,Mikael Forssell,Centre-Forward
2007/08,Birmingham,Olivier Kapo,Attacking Midfield
2007/08,Birmingham,Radhi Jaïdi,Centre-Back
2007/08,Birmingham,Rafael,Centre-Back
2007/08,Birmingham,Richard Kingston,Goalkeeper
2007/08,Birmingham,Sebastian Larsson,Central Midfield
2007/08,Birmingham,Stephen Kelly,Right-Back
2007/08,Birmingham,Stuart Parnaby,Right-Back
2007/08,Blackburn,Aaron Mokoena,Centre-Back
2007/08,Blackburn,André Ooijer,Centre-Back
2007/08,Blackburn,Benni McCarthy,Centre-Forward
2007/08,Blackburn,Brad Friedel,Goalkeeper
2007/08,Blackburn,Brett Emerton,Right Midfield
2007/08,Blackburn,Bruno Berner,Left-Back
2007/08,Blackburn,Bryan Hodge,Central Midfield
2007/08,Blackburn,Christopher Samba,Centre-Back
2007/08,Blackburn,David Bentley,Right Midfield
2007/08,Blackburn,David Dunn,Attacking Midfield
2007/08,Blackburn,Dean Winnard,Centre-Back
2007/08,Blackburn,Eddie Nolan,Centre-Back
2007/08,Blackburn,Frank Fielding,Goalkeeper
2007/08,Blackburn,Gunnar Nielsen,Goalkeeper
2007/08,Blackburn,Jamie Clarke,Centre-Forward
2007/08,Blackburn,Jason Brown,Goalkeeper
2007/08,Blackburn,Jason Roberts,Centre-Forward
2007/08,Blackburn,Johann Vogel,Defensive Midfield
2007/08,Blackburn,Josh O'Keefe,Right Winger
2007/08,Blackburn,Keith Treacy,Left Midfield
2007/08,Blackburn,Maceo Rigters,Centre-Forward
2007/08,Blackburn,Martin Olsson,Left-Back
2007/08,Blackburn,Matt Derbyshire,Centre-Forward
2007/08,Blackburn,Morten Gamst Pedersen,Central Midfield
2007/08,Blackburn,Paul Gallagher,Central Midfield
2007/08,Blackburn,Peter Enckelman,Goalkeeper
2007/08,Blackburn,Raffaele De Vita,Left Winger
2007/08,Blackburn,Roque Santa Cruz,Centre-Forward
2007/08,Blackburn,Rostyn Griffiths,Centre-Back
2007/08,Blackburn,Ryan Nelsen,Centre-Back
2007/08,Blackburn,Sergio Peter,Left Midfield
2007/08,Blackburn,Stephen Warnock,Left-Back
2007/08,Blackburn,Steven Reid,Right-Back
2007/08,Blackburn,Stéphane Henchoz,Centre-Back
2007/08,Blackburn,Tony Kane,Right-Back
2007/08,Blackburn,Tugay Kerimoğlu,Defensive Midfield
2007/08,Blackburn,Zurab Khizanishvili,Centre-Back
2007/08,Bolton,Abdoulaye Méïté,Centre-Back
2007/08,Bolton,Ali Al-Habsi,Goalkeeper
2007/08,Bolton,Andranik Teymourian,Central Midfield
2007/08,Bolton,Andrew O'Brien,Centre-Back
2007/08,Bolton,Blerim Dzemaili,Central Midfield
2007/08,Bolton,Daniel Braaten,Right Winger
2007/08,Bolton,El-Hadji Diouf,Centre-Forward
2007/08,Bolton,Gary Cahill,Centre-Back
2007/08,Bolton,Gary Speed,Central Midfield
2007/08,Bolton,Gavin McCann,Central Midfield
2007/08,Bolton,Grétar Steinsson,Right-Back
2007/08,Bolton,Heidar Helguson,Centre-Forward
2007/08,Bolton,Ian Walker,Goalkeeper
2007/08,Bolton,Iván Campo,Defensive Midfield
2007/08,Bolton,James Sinclair,Right-Back
2007/08,Bolton,Jaroslaw Fojut,Centre-Back
2007/08,Bolton,Jlloyd Samuel,Left-Back
2007/08,Bolton,Joey O'Brien,Right-Back
2007/08,Bolton,Jussi Jääskeläinen,Goalkeeper
2007/08,Bolton,Kevin Davies,Centre-Forward
2007/08,Bolton,Kevin Nolan,Attacking Midfield
2007/08,Bolton,Les Thompson,Right Midfield
2007/08,Bolton,Matthew Taylor,Left Midfield
2007/08,Bolton,Mikel Alonso,Central Midfield
2007/08,Bolton,Nicky Hunt,Right-Back
2007/08,Bolton,Ricardo Gardner,Left-Back
2007/08,Bolton,Ricardo Vaz Tê,Right Winger
2007/08,Bolton,Stelios Giannakopoulos,Right Winger
2007/08,Bolton,Tamir Cohen,Central Midfield
2007/08,Bolton,Zoltán Harsányi,Centre-Forward
2007/08,Chelsea,Alex,Centre-Back
2007/08,Chelsea,Andriy Shevchenko,Centre-Forward
2007/08,Chelsea,Anthony Grant,Central Midfield
2007/08,Chelsea,Ashley Cole,Left-Back
2007/08,Chelsea,Ben Sahar,Centre-Forward
2007/08,Chelsea,Branislav Ivanovic,Right-Back
2007/08,Chelsea,Carlo Cudicini,Goalkeeper
2007/08,Chelsea,Claude Makélélé,Defensive Midfield
2007/08,Chelsea,Claudio Pizarro,Centre-Forward
2007/08,Chelsea,Didier Drogba,Centre-Forward
2007/08,Chelsea,Florent Malouda,Left Winger
2007/08,Chelsea,Frank Lampard,Central Midfield
2007/08,Chelsea,Glen Johnson,Right-Back
2007/08,Chelsea,Harry Worley,Centre-Back
2007/08,Chelsea,Hilário,Goalkeeper
2007/08,Chelsea,Jack Cork,Defensive Midfield
2007/08,Chelsea,Jimmy Smith,Central Midfield
2007/08,Chelsea,Joe Cole,Attacking Midfield
2007/08,Chelsea,John Obi Mikel,Defensive Midfield
2007/08,Chelsea,John Terry,Centre-Back
2007/08,Chelsea,Juliano Belletti,Right-Back
2007/08,Chelsea,Lassana Diarra,Defensive Midfield
2007/08,Chelsea,Liam Bridcutt,Defensive Midfield
2007/08,Chelsea,Michael Ballack,Central Midfield
2007/08,Chelsea,Michael Essien,Defensive Midfield
2007/08,Chelsea,Michael Mancienne,Centre-Back
2007/08,Chelsea,Nicolas Anelka,Centre-Forward
2007/08,Chelsea,Paulo Ferreira,Right-Back
2007/08,Chelsea,Petr Cech,Goalkeeper
2007/08,Chelsea,Ricardo Carvalho,Centre-Back
2007/08,Chelsea,Ryan Bertrand,Left-Back
2007/08,Chelsea,Salomon Kalou,Left Winger
2007/08,Chelsea,Scott Sinclair,Left Winger
2007/08,Chelsea,Shaun Wright-Phillips,Right Winger
2007/08,Chelsea,Steve Sidwell,Central Midfield
2007/08,Chelsea,Tal Ben Haim,Centre-Back
2007/08,Chelsea,Wayne Bridge,Left-Back
2007/08,Derby,Alan Stubbs,Centre-Back
2007/08,Derby,Andy Griffin,Right-Back
2007/08,Derby,Andy Todd,Centre-Back
2007/08,Derby,Ben Hinchliffe,Goalkeeper
2007/08,Derby,Benny Feilhaber,Central Midfield
2007/08,Derby,Bob Malcolm,Centre-Back
2007/08,Derby,Claude Davis,Centre-Back
2007/08,Derby,Craig Fagan,Centre-Forward
2007/08,Derby,Danny Mills,Right-Back
2007/08,Derby,Darren Moore,Centre-Back
2007/08,Derby,David Jones,Central Midfield
2007/08,Derby,Dean Leacock,Centre-Back
2007/08,Derby,Eddie Lewis,Left Midfield
2007/08,Derby,Emanuel Villa,Centre-Forward
2007/08,Derby,Gary Teale,Right Winger
2007/08,Derby,Giles Barnes,Centre-Forward
2007/08,Derby,Hossam Ghaly,Central Midfield
2007/08,Derby,Jason Beardsley,Right-Back
2007/08,Derby,Jay McEveley,Centre-Back
2007/08,Derby,Jon Macken,Centre-Forward
2007/08,Derby,Kenny Miller,Centre-Forward
2007/08,Derby,Laurent Robert,Left Winger
2007/08,Derby,Lee Holmes,Left Winger
2007/08,Derby,Lewin Nyatanga,Centre-Back
2007/08,Derby,Lewis Price,Goalkeeper
2007/08,Derby,Marc Edworthy,Right-Back
2007/08,Derby,Matt Oakley,Central Midfield
2007/08,Derby,Matthew Richards,Defensive Midfield
2007/08,Derby,Michael Johnson,Centre-Back
2007/08,Derby,Mile Sterjovski,Left Midfield
2007/08,Derby,Miles Addison,Centre-Back
2007/08,Derby,Mitchell Hanson,Right-Back
2007/08,Derby,Mohamed Camara,Left-Back
2007/08,Derby,Paris Simmons,Centre-Forward
2007/08,Derby,Robbie Savage,Central Midfield
2007/08,Derby,Robert Earnshaw,Centre-Forward
2007/08,Derby,Roy Carroll,Goalkeeper
2007/08,Derby,Stephen Bywater,Goalkeeper
2007/08,Derby,Stephen Pearson,Central Midfield
2007/08,Derby,Steve Howard,Centre-Forward
2007/08,Derby,Tyrone Mears,Right-Back
2007/08,Everton,Alan Stubbs,Centre-Back
2007/08,Everton,Andy Johnson,Centre-Forward
2007/08,Everton,Andy van der Meyde,Right Winger
2007/08,Everton,Dan Gosling,Central Midfield
2007/08,Everton,Iain Turner,Goalkeeper
2007/08,Everton,Jack Rodwell,Centre-Back
2007/08,Everton,James Vaughan,Centre-Forward
2007/08,Everton,John Irving,Right-Back
2007/08,Everton,John Ruddy,Goalkeeper
2007/08,Everton,Joleon Lescott,Centre-Back
2007/08,Everton,Joseph Yobo,Centre-Back
2007/08,Everton,Lee Carsley,Defensive Midfield
2007/08,Everton,Leighton Baines,Left-Back
2007/08,Everton,Leon Osman,Central Midfield
2007/08,Everton,Lukas Jutkiewicz,Centre-Forward
2007/08,Everton,Manuel Fernandes,Attacking Midfield
2007/08,Everton,Mikel Arteta,Central Midfield
2007/08,Everton,Nuno Valente,Left-Back
2007/08,Everton,Paddy Boyle,Left-Back
2007/08,Everton,Phil Jagielka,Centre-Back
2007/08,Everton,Phil Neville,Right-Back
2007/08,Everton,Stefan Wessels,Goalkeeper
2007/08,Everton,Steven Pienaar,Left Midfield
2007/08,Everton,Thomas Gravesen,Defensive Midfield
2007/08,Everton,Tim Cahill,Attacking Midfield
2007/08,Everton,Tim Howard,Goalkeeper
2007/08,Everton,Tony Hibbert,Right-Back
2007/08,Everton,Victor Anichebe,Centre-Forward
2007/08,Everton,Yakubu,Centre-Forward
2007/08,Fulham,Aaron Hughes,Centre-Back
2007/08,Fulham,Adrian Leijer,Centre-Back
2007/08,Fulham,Aleksey Smertin,Defensive Midfield
2007/08,Fulham,Antti Niemi,Goalkeeper
2007/08,Fulham,Brede Hangeland,Centre-Back
2007/08,Fulham,Brian McBride,Centre-Forward
2007/08,Fulham,Carlos Bocanegra,Centre-Back
2007/08,Fulham,Chris Baird,Defensive Midfield
2007/08,Fulham,Clint Dempsey,Second Striker
2007/08,Fulham,Collins John,Centre-Forward
2007/08,Fulham,Danny Murphy,Central Midfield
2007/08,Fulham,David Healy,Centre-Forward
2007/08,Fulham,Dejan Stefanovic,Centre-Back
2007/08,Fulham,Diomansy Kamara,Right Winger
2007/08,Fulham,Eddie Johnson,Centre-Forward
2007/08,Fulham,Elliot Omozusi,Right-Back
2007/08,Fulham,Erik Nevland,Centre-Forward
2007/08,Fulham,Gabriel Zakuani,Centre-Back
2007/08,Fulham,Hamer Bouazza,Right Winger
2007/08,Fulham,Ian Pearce,Centre-Back
2007/08,Fulham,Jari Litmanen,Attacking Midfield
2007/08,Fulham,Jimmy Bullard,Central Midfield
2007/08,Fulham,Kasey Keller,Goalkeeper
2007/08,Fulham,Ki-hyeon Seol,Right Winger
2007/08,Fulham,Lee Cook,Left Winger
2007/08,Fulham,Leon Andreasen,Central Midfield
2007/08,Fulham,Michael Timlin,Central Midfield
2007/08,Fulham,Moritz Volz,Right-Back
2007/08,Fulham,Nathan Ashton,Left-Back
2007/08,Fulham,Paul Konchesky,Left-Back
2007/08,Fulham,Philippe Christanval,Centre-Back
2007/08,Fulham,Ricardo Batista,Goalkeeper
2007/08,Fulham,Simon Davies,Right Midfield
2007/08,Fulham,Simon Elliott,Defensive Midfield
2007/08,Fulham,Steven Davis,Central Midfield
2007/08,Fulham,Toni Kallio,Centre-Back
2007/08,Fulham,Tony Warner,Goalkeeper
2007/08,Fulham,Wayne Brown,Attacking Midfield
2007/08,Liverpool,Adam Hammill,Right Winger
2007/08,Liverpool,Andriy Voronin,Second Striker
2007/08,Liverpool,Charles Itandje,Goalkeeper
2007/08,Liverpool,Craig Lindfield,Right Winger
2007/08,Liverpool,Damien Plessis,Defensive Midfield
2007/08,Liverpool,Daniel Agger,Centre-Back
2007/08,Liverpool,Danny Guthrie,Central Midfield
2007/08,Liverpool,David Martin,Goalkeeper
2007/08,Liverpool,Dirk Kuyt,Right Winger
2007/08,Liverpool,Emiliano Insúa,Left-Back
2007/08,Liverpool,Fernando Torres,Centre-Forward
2007/08,Liverpool,Fábio Aurélio,Left-Back
2007/08,Liverpool,Godwin Antwi,Centre-Back
2007/08,Liverpool,Harry Kewell,Left Winger
2007/08,Liverpool,Jack Hobbs,Centre-Back
2007/08,Liverpool,Jamie Carragher,Centre-Back
2007/08,Liverpool,Javier Mascherano,Defensive Midfield
2007/08,Liverpool,Jay Spearing,Defensive Midfield
2007/08,Liverpool,Jermaine Pennant,Right Winger
2007/08,Liverpool,John Arne Riise,Left-Back
2007/08,Liverpool,Lucas Leiva,Defensive Midfield
2007/08,Liverpool,Martin Skrtel,Centre-Back
2007/08,Liverpool,Mikel San José,Defensive Midfield
2007/08,Liverpool,Mohamed Sissoko,Defensive Midfield
2007/08,Liverpool,Nabil El Zhar,Right Winger
2007/08,Liverpool,Paul Anderson,Right Midfield
2007/08,Liverpool,Pepe Reina,Goalkeeper
2007/08,Liverpool,Peter Crouch,Centre-Forward
2007/08,Liverpool,Ray Putterill,Left Midfield
2007/08,Liverpool,Robbie Threlfall,Left-Back
2007/08,Liverpool,Ryan Babel,Left Winger
2007/08,Liverpool,Ryan Flynn,Right Midfield
2007/08,Liverpool,Sami Hyypiä,Centre-Back
2007/08,Liverpool,Scott Carson,Goalkeeper
2007/08,Liverpool,Sebastián Leto,Left Winger
2007/08,Liverpool,Stephen Darby,Right-Back
2007/08,Liverpool,Steve Finnan,Right-Back
2007/08,Liverpool,Steven Gerrard,Central Midfield
2007/08,Liverpool,Xabi Alonso,Defensive Midfield
2007/08,Liverpool,Yossi Benayoun,Right Winger
2007/08,Liverpool,Álvaro Arbeloa,Right-Back
2007/08,Man City,Andreas Isaksson,Goalkeeper
2007/08,Man City,Ashley Grimes,Second Striker
2007/08,Man City,Benjani,Centre-Forward
2007/08,Man City,Daniel Sturridge,Centre-Forward
2007/08,Man City,Danny Mills,Right-Back
2007/08,Man City,Darius Vassell,Centre-Forward
2007/08,Man City,Dietmar Hamann,Defensive Midfield
2007/08,Man City,Elano,Attacking Midfield
2007/08,Man City,Emile Mpenza,Centre-Forward
2007/08,Man City,Felipe Caicedo,Centre-Forward
2007/08,Man City,Gelson Fernandes,Defensive Midfield
2007/08,Man City,Geovanni,Attacking Midfield
2007/08,Man City,Javier Garrido,Left-Back
2007/08,Man City,Jihai Sun,Right-Back
2007/08,Man City,Joe Hart,Goalkeeper
2007/08,Man City,Kasper Schmeichel,Goalkeeper
2007/08,Man City,Kelvin Etuhu,Defensive Midfield
2007/08,Man City,Martin Petrov,Left Winger
2007/08,Man City,Matt Mills,Centre-Back
2007/08,Man City,Micah Richards,Right-Back
2007/08,Man City,Michael Ball,Left-Back
2007/08,Man City,Michael Johnson,Defensive Midfield
2007/08,Man City,Nedum Onuoha,Centre-Back
2007/08,Man City,Nery Castillo,Right Winger
2007/08,Man City,Paul Dickov,Centre-Forward
2007/08,Man City,Richard Dunne,Centre-Back
2007/08,Man City,Shay Logan,Right-Back
2007/08,Man City,Stephen Ireland,Attacking Midfield
2007/08,Man City,Valeri Bozhinov,Centre-Forward
2007/08,Man City,Vedran Corluka,Centre-Back
2007/08,Man United,Anderson,Central Midfield
2007/08,Man United,Ben Foster,Goalkeeper
2007/08,Man United,Carlos Tévez,Centre-Forward
2007/08,Man United,Chris Eagles,Right Winger
2007/08,Man United,Cristiano Ronaldo,Centre-Forward
2007/08,Man United,Danny Simpson,Right-Back
2007/08,Man United,Darren Fletcher,Central Midfield
2007/08,Man United,Darron Gibson,Central Midfield
2007/08,Man United,Edwin van der Sar,Goalkeeper
2007/08,Man United,Fangzhuo Dong,Centre-Forward
2007/08,Man United,Fraizer Campbell,Centre-Forward
2007/08,Man United,Gary Neville,Right-Back
2007/08,Man United,Gerard Piqué,Centre-Back
2007/08,Man United,Ji-sung Park,Attacking Midfield
2007/08,Man United,John O'Shea,Centre-Back
2007/08,Man United,Jonny Evans,Centre-Back
2007/08,Man United,Kieran Lee,Defensive Midfield
2007/08,Man United,Lee Martin,Attacking Midfield
2007/08,Man United,Louis Saha,Centre-Forward
2007/08,Man United,Michael Carrick,Defensive Midfield
2007/08,Man United,Mikaël Silvestre,Left-Back
2007/08,Man United,Nani,Left Winger
2007/08,Man United,Nemanja Vidic‎,Centre-Back
2007/08,Man United,Ole Gunnar Solskjaer,Centre-Forward
2007/08,Man United,Owen Hargreaves,Defensive Midfield
2007/08,Man United,Patrice Evra,Left-Back
2007/08,Man United,Paul Scholes,Central Midfield
2007/08,Man United,Phil Bardsley,Right-Back
2007/08,Man United,Rio Ferdinand,Centre-Back
2007/08,Man United,Ryan Giggs,Left Midfield
2007/08,Man United,Tom Heaton,Goalkeeper
2007/08,Man United,Tomasz Kuszczak,Goalkeeper
2007/08,Man United,Wayne Rooney,Centre-Forward
2007/08,Man United,Wes Brown,Centre-Back
2007/08,Middlesbrough,Adam Johnson,Right Winger
2007/08,Middlesbrough,Afonso Alves,Centre-Forward
2007/08,Middlesbrough,Andrew Taylor,Left-Back
2007/08,Middlesbrough,Brad Jones,Goalkeeper
2007/08,Middlesbrough,Chris Riggott,Centre-Back
2007/08,Middlesbrough,David Wheater,Centre-Back
2007/08,Middlesbrough,Dong-gook Lee,Centre-Forward
2007/08,Middlesbrough,Emanuel Pogatetz,Centre-Back
2007/08,Middlesbrough,Fábio Rochemback,Central Midfield
2007/08,Middlesbrough,Gaizka Mendieta,Right Midfield
2007/08,Middlesbrough,Gary O'Neil,Central Midfield
2007/08,Middlesbrough,George Boateng,Defensive Midfield
2007/08,Middlesbrough,Graeme Owens,Right Winger
2007/08,Middlesbrough,Jonathan Grounds,Centre-Back
2007/08,Middlesbrough,Josh Walker,Central Midfield
2007/08,Middlesbrough,Julio Arca,Central Midfield
2007/08,Middlesbrough,Jérémie Aliadière,Centre-Forward
2007/08,Middlesbrough,Lee Cattermole,Defensive Midfield
2007/08,Middlesbrough,Luke Young,Right-Back
2007/08,Middlesbrough,Mark Schwarzer,Goalkeeper
2007/08,Middlesbrough,Matthew Bates,Centre-Back
2007/08,Middlesbrough,Mido,Centre-Forward
2007/08,Middlesbrough,Mohamed Shawky,Defensive Midfield
2007/08,Middlesbrough,Robert Huth,Centre-Back
2007/08,Middlesbrough,Ross Turnbull,Goalkeeper
2007/08,Middlesbrough,Seb Hines,Centre-Back
2007/08,Middlesbrough,Stewart Downing,Left Midfield
2007/08,Middlesbrough,Tom Craddock,Centre-Forward
2007/08,Middlesbrough,Tony McMahon,Right-Back
2007/08,Middlesbrough,Tuncay Şanlı,Left Winger
2007/08,Newcastle,Abdoulaye Faye,Centre-Back
2007/08,Newcastle,Alan Smith,Central Midfield
2007/08,Newcastle,Andy Carroll,Centre-Forward
2007/08,Newcastle,Charles N'Zogbia,Right Winger
2007/08,Newcastle,Cláudio Caçapa,Centre-Back
2007/08,Newcastle,Damien Duff,Right Midfield
2007/08,Newcastle,David Edgar,Centre-Back
2007/08,Newcastle,David Rozehnal,Centre-Back
2007/08,Newcastle,Emre Belözoğlu,Central Midfield
2007/08,Newcastle,Fraser Forster,Goalkeeper
2007/08,Newcastle,Habib Beye,Right-Back
2007/08,Newcastle,James Milner,Central Midfield
2007/08,Newcastle,James Troisi,Attacking Midfield
2007/08,Newcastle,Joey Barton,Central Midfield
2007/08,Newcastle,José Enrique,Left-Back
2007/08,Newcastle,Kazenga LuaLua,Left Winger
2007/08,Newcastle,Lamine Diatta,Centre-Back
2007/08,Newcastle,Mark Viduka,Centre-Forward
2007/08,Newcastle,Michael Owen,Centre-Forward
2007/08,Newcastle,Nicky Butt,Defensive Midfield
2007/08,Newcastle,Njitap Geremi,Right Midfield
2007/08,Newcastle,Obafemi Martins,Centre-Forward
2007/08,Newcastle,Peter Ramage,Centre-Back
2007/08,Newcastle,Shay Given,Goalkeeper
2007/08,Newcastle,Shola Ameobi,Centre-Forward
2007/08,Newcastle,Stephen Carr,Right-Back
2007/08,Newcastle,Steve Harper,Goalkeeper
2007/08,Newcastle,Steven Taylor,Centre-Back
2007/08,Newcastle,Tim Krul,Goalkeeper
2007/08,Portsmouth,Arnold Mvuemba,Defensive Midfield
2007/08,Portsmouth,Asmir Begovic,Goalkeeper
2007/08,Portsmouth,Benjani,Centre-Forward
2007/08,Portsmouth,David James,Goalkeeper
2007/08,Portsmouth,David Nugent,Centre-Forward
2007/08,Portsmouth,Djimi Traoré,Centre-Back
2007/08,Portsmouth,Franck Songo'o,Right Winger
2007/08,Portsmouth,Gary O'Neil,Central Midfield
2007/08,Portsmouth,Glen Johnson,Right-Back
2007/08,Portsmouth,Hermann Hreidarsson,Left-Back
2007/08,Portsmouth,Jamie Ashdown,Goalkeeper
2007/08,Portsmouth,Jean-François Christophe,Defensive Midfield
2007/08,Portsmouth,Jermain Defoe,Centre-Forward
2007/08,Portsmouth,John Utaka,Left Winger
2007/08,Portsmouth,Lassana Diarra,Defensive Midfield
2007/08,Portsmouth,Laurén,Right-Back
2007/08,Portsmouth,Linvoy Primus,Centre-Back
2007/08,Portsmouth,Lucien Aubey,Centre-Back
2007/08,Portsmouth,Marc Wilson,Centre-Back
2007/08,Portsmouth,Martin Cranie,Centre-Back
2007/08,Portsmouth,Matthew Taylor,Left Midfield
2007/08,Portsmouth,Milan Baros,Centre-Forward
2007/08,Portsmouth,Niko Kranjcar,Attacking Midfield
2007/08,Portsmouth,Noé Pamarot,Centre-Back
2007/08,Portsmouth,Nwankwo Kanu,Centre-Forward
2007/08,Portsmouth,Papa Bouba Diop,Defensive Midfield
2007/08,Portsmouth,Pedro Mendes,Central Midfield
2007/08,Portsmouth,Richard Duffy,Centre-Back
2007/08,Portsmouth,Richard Hughes,Defensive Midfield
2007/08,Portsmouth,Sean Davis,Defensive Midfield
2007/08,Portsmouth,Sol Campbell,Centre-Back
2007/08,Portsmouth,Sulley Muntari,Central Midfield
2007/08,Portsmouth,Sylvain Distin,Centre-Back
2007/08,Reading,Aaron Brown,Centre-Back
2007/08,Reading,Adam Bygrave,Right-Back
2007/08,Reading,Adam Federici,Goalkeeper
2007/08,Reading,Alan Bennett,Centre-Back
2007/08,Reading,Alex Pearce,Centre-Back
2007/08,Reading,André Bikey,Centre-Back
2007/08,Reading,Ben Hamer,Goalkeeper
2007/08,Reading,Bobby Convey,Left Midfield
2007/08,Reading,Brynjar Gunnarsson,Defensive Midfield
2007/08,Reading,Curtis Osano,Right-Back
2007/08,Reading,Dave Kitson,Centre-Forward
2007/08,Reading,Emerse Faé,Central Midfield
2007/08,Reading,Glen Little,Right Winger
2007/08,Reading,Graeme Murty,Right-Back
2007/08,Reading,Graham Stack,Goalkeeper
2007/08,Reading,Hal Robson-Kanu,Centre-Forward
2007/08,Reading,Ibrahima Sonko,Centre-Back
2007/08,Reading,James Harper,Central Midfield
2007/08,Reading,James Henry,Right Midfield
2007/08,Reading,Jem Karacan,Central Midfield
2007/08,Reading,Jimmy Kébé,Right Winger
2007/08,Reading,John Halls,Defensive Midfield
2007/08,Reading,John Oster,Central Midfield
2007/08,Reading,Kalifa Cissé,Centre-Back
2007/08,Reading,Kevin Doyle,Centre-Forward
2007/08,Reading,Ki-hyeon Seol,Right Winger
2007/08,Reading,Leroy Lita,Centre-Forward
2007/08,Reading,Liam Rosenior,Right-Back
2007/08,Reading,Marcus Hahnemann,Goalkeeper
2007/08,Reading,Marek Matejovsky,Central Midfield
2007/08,Reading,Michael Duberry,Centre-Back
2007/08,Reading,Mikkel Andersen,Goalkeeper
2007/08,Reading,Nicky Shorey,Left-Back
2007/08,Reading,Oliver Bozanic,Central Midfield
2007/08,Reading,Péter Máté,Centre-Back
2007/08,Reading,Sam Sodje,Centre-Back
2007/08,Reading,Scott Golbourne,Left-Back
2007/08,Reading,Shane Long,Centre-Forward
2007/08,Reading,Simon Church,Centre-Forward
2007/08,Reading,Simon Cox,Centre-Forward
2007/08,Reading,Stephen Hunt,Left Midfield
2007/08,Reading,Ulises de la Cruz,Right-Back
2007/08,Reading,Ívar Ingimarsson,Centre-Back
2007/08,Sunderland,Andy Cole,Centre-Forward
2007/08,Sunderland,Andy Reid,Left Midfield
2007/08,Sunderland,Anthony Stokes,Centre-Forward
2007/08,Sunderland,Arnau Riera,Left Winger
2007/08,Sunderland,Billy Dennehy,Left Midfield
2007/08,Sunderland,Carlos Edwards,Right-Back
2007/08,Sunderland,Craig Gordon,Goalkeeper
2007/08,Sunderland,Danny Collins,Centre-Back
2007/08,Sunderland,Danny Higginbotham,Centre-Back
2007/08,Sunderland,Darren Ward,Goalkeeper
2007/08,Sunderland,Daryl Murphy,Centre-Forward
2007/08,Sunderland,David Connolly,Centre-Forward
2007/08,Sunderland,David Dowson,Centre-Forward
2007/08,Sunderland,Dean Whitehead,Central Midfield
2007/08,Sunderland,Dickson Etuhu,Defensive Midfield
2007/08,Sunderland,Dwight Yorke,Centre-Forward
2007/08,Sunderland,Gavin Donoghue,Left-Back
2007/08,Sunderland,Graham Kavanagh,Central Midfield
2007/08,Sunderland,Grant Leadbitter,Central Midfield
2007/08,Sunderland,Greg Halford,Centre-Back
2007/08,Sunderland,Ian Harte,Left-Back
2007/08,Sunderland,Jack Pelter,Centre-Back
2007/08,Sunderland,Jake Richardson,Central Midfield
2007/08,Sunderland,Jamie Chandler,Central Midfield
2007/08,Sunderland,Jean-Yves M'voto,Centre-Back
2007/08,Sunderland,Kenwyne Jones,Centre-Forward
2007/08,Sunderland,Kieran Richardson,Left-Back
2007/08,Sunderland,Liam Miller,Central Midfield
2007/08,Sunderland,Michael Chopra,Centre-Forward
2007/08,Sunderland,Márton Fülöp,Goalkeeper
2007/08,Sunderland,Nyron Nosworthy,Centre-Back
2007/08,Sunderland,Paul McShane,Centre-Back
2007/08,Sunderland,Peter Hartley,Centre-Back
2007/08,Sunderland,Phil Bardsley,Right-Back
2007/08,Sunderland,Rade Prica,Centre-Forward
2007/08,Sunderland,Robbie Weir,Defensive Midfield
2007/08,Sunderland,Ross Wallace,Right Midfield
2007/08,Sunderland,Roy O'Donovan,Centre-Forward
2007/08,Sunderland,Russell Anderson,Centre-Back
2007/08,Sunderland,Stanislav Varga,Centre-Back
2007/08,Sunderland,Stephen Wright,Right-Back
2007/08,Sunderland,Trevor Carson,Goalkeeper
2007/08,Tottenham,Aaron Lennon,Right Winger
2007/08,Tottenham,Adel Taarabt,Central Midfield
2007/08,Tottenham,Alan Hutton,Right-Back
2007/08,Tottenham,Anthony Gardner,Centre-Back
2007/08,Tottenham,Ben Alnwick,Goalkeeper
2007/08,Tottenham,Benoît Assou-Ekotto,Left-Back
2007/08,Tottenham,Chris Gunter,Right-Back
2007/08,Tottenham,Danny Rose,Left-Back
2007/08,Tottenham,Darren Bent,Centre-Forward
2007/08,Tottenham,Didier Zokora,Defensive Midfield
2007/08,Tottenham,Dimitar Berbatov,Centre-Forward
2007/08,Tottenham,Dorian Dervite,Centre-Back
2007/08,Tottenham,Gareth Bale,Right Winger
2007/08,Tottenham,Gilberto,Left-Back
2007/08,Tottenham,Hossam Ghaly,Central Midfield
2007/08,Tottenham,Jamie O'Hara,Central Midfield
2007/08,Tottenham,Jermain Defoe,Centre-Forward
2007/08,Tottenham,Jermaine Jenas,Central Midfield
2007/08,Tottenham,Jonathan Woodgate,Centre-Back
2007/08,Tottenham,Kevin-Prince Boateng,Attacking Midfield
2007/08,Tottenham,Ledley King,Centre-Back
2007/08,Tottenham,Leigh Mills,Centre-Back
2007/08,Tottenham,Michael Dawson,Centre-Back
2007/08,Tottenham,Pascal Chimbonda,Right-Back
2007/08,Tottenham,Paul Robinson,Goalkeeper
2007/08,Tottenham,Paul Stalteri,Right-Back
2007/08,Tottenham,Radek Cerny,Goalkeeper
2007/08,Tottenham,Ricardo Rocha,Centre-Back
2007/08,Tottenham,Robbie Keane,Centre-Forward
2007/08,Tottenham,Steed Malbranque,Left Midfield
2007/08,Tottenham,Teemu Tainio,Defensive Midfield
2007/08,Tottenham,Tom Huddlestone,Defensive Midfield
2007/08,Tottenham,Young-pyo Lee,Left-Back
2007/08,Tottenham,Younès Kaboul,Centre-Back
2007/08,West Ham,Anton Ferdinand,Centre-Back
2007/08,West Ham,Bobby Zamora,Centre-Forward
2007/08,West Ham,Calum Davenport,Centre-Back
2007/08,West Ham,Carlton Cole,Centre-Forward
2007/08,West Ham,Craig Bellamy,Left Winger
2007/08,West Ham,Danny Gabbidon,Centre-Back
2007/08,West Ham,Dean Ashton,Centre-Forward
2007/08,West Ham,Freddie Ljungberg,Right Midfield
2007/08,West Ham,Freddie Sears,Second Striker
2007/08,West Ham,George McCartney,Left-Back
2007/08,West Ham,Hayden Mullins,Defensive Midfield
2007/08,West Ham,Henri Camara,Centre-Forward
2007/08,West Ham,Hogan Ephraim,Left Midfield
2007/08,West Ham,Jack Collison,Central Midfield
2007/08,West Ham,James Collins,Centre-Back
2007/08,West Ham,James Tomkins,Centre-Back
2007/08,West Ham,Jimmy Walker,Goalkeeper
2007/08,West Ham,John Paintsil,Right-Back
2007/08,West Ham,Jonathan Spector,Centre-Back
2007/08,West Ham,Julien Faubert,Right-Back
2007/08,West Ham,Kieron Dyer,Right Midfield
2007/08,West Ham,Kyel Reid,Left Winger
2007/08,West Ham,Lee Bowyer,Central Midfield
2007/08,West Ham,Lucas Neill,Right-Back
2007/08,West Ham,Luís Boa Morte,Left Midfield
2007/08,West Ham,Marek Stech,Goalkeeper
2007/08,West Ham,Mark Noble,Central Midfield
2007/08,West Ham,Matthew Etherington,Left Midfield
2007/08,West Ham,Matthew Upson,Centre-Back
2007/08,West Ham,Nigel Quashie,Central Midfield
2007/08,West Ham,Nolberto Solano,Right Midfield
2007/08,West Ham,Richard Wright,Goalkeeper
2007/08,West Ham,Rob Green,Goalkeeper
2007/08,West Ham,Scott Parker,Central Midfield
2007/08,West Ham,Tony Stokes,Centre-Forward
2007/08,West Ham,Zavon Hines,Right Winger
2007/08,Wigan,Antoine Sibierski,Attacking Midfield
2007/08,Wigan,Antonio Valencia,Right-Back
2007/08,Wigan,Carlo Nash,Goalkeeper
2007/08,Wigan,Chris Kirkland,Goalkeeper
2007/08,Wigan,David Cotterill,Right Winger
2007/08,Wigan,Emile Heskey,Centre-Forward
2007/08,Wigan,Emmerson Boyce,Right-Back
2007/08,Wigan,Erik Edman,Left-Back
2007/08,Wigan,Henri Camara,Centre-Forward
2007/08,Wigan,Jason Koumas,Attacking Midfield
2007/08,Wigan,Josip Skoko,Central Midfield
2007/08,Wigan,Julius Aghahowa,Centre-Forward
2007/08,Wigan,Kevin Kilbane,Left Midfield
2007/08,Wigan,Lewis Montrose,Central Midfield
2007/08,Wigan,Mario Melchiot,Right-Back
2007/08,Wigan,Marlon King,Centre-Forward
2007/08,Wigan,Maynor Figueroa,Left-Back
2007/08,Wigan,Michael Brown,Central Midfield
2007/08,Wigan,Mike Pollitt,Goalkeeper
2007/08,Wigan,Paul Scharner,Defensive Midfield
2007/08,Wigan,Peter Moore,Central Midfield
2007/08,Wigan,Rachid Bouaouzan,Left Midfield
2007/08,Wigan,Russell Saunders,Goalkeeper
2007/08,Wigan,Ryan Taylor,Right-Back
2007/08,Wigan,Salomon Olembé,Left Midfield
2007/08,Wigan,Titus Bramble,Centre-Back
2007/08,Wigan,Tomasz Cywka,Defensive Midfield
2007/08,Wigan,Tomasz Kupisz,Right Winger
2007/08,Wigan,Wilson Palacios,Defensive Midfield
2008/09,Arsenal,Aaron Ramsey,Central Midfield
2008/09,Arsenal,Abou Diaby,Central Midfield
2008/09,Arsenal,Abu Ogogo,Central Midfield
2008/09,Arsenal,Alex Song,Defensive Midfield
2008/09,Arsenal,Amaury Bischoff,Central Midfield
2008/09,Arsenal,Andrey Arshavin,Left Winger
2008/09,Arsenal,Bacary Sagna,Right-Back
2008/09,Arsenal,Carlos Vela,Right Winger
2008/09,Arsenal,Cesc Fàbregas,Central Midfield
2008/09,Arsenal,Denílson,Defensive Midfield
2008/09,Arsenal,Eduardo,Centre-Forward
2008/09,Arsenal,Emmanuel Adebayor,Centre-Forward
2008/09,Arsenal,Emmanuel Eboué,Right-Back
2008/09,Arsenal,Emmanuel Frimpong,Defensive Midfield
2008/09,Arsenal,Fran Mérida,Central Midfield
2008/09,Arsenal,Francis Coquelin,Defensive Midfield
2008/09,Arsenal,Gavin Hoyte,Right-Back
2008/09,Arsenal,Gaël Clichy,Left-Back
2008/09,Arsenal,Henri Lansbury,Central Midfield
2008/09,Arsenal,Jack Wilshere,Central Midfield
2008/09,Arsenal,Jay Emmanuel-Thomas,Attacking Midfield
2008/09,Arsenal,Jay Simpson,Centre-Forward
2008/09,Arsenal,Johan Djourou,Centre-Back
2008/09,Arsenal,Kieran Gibbs,Left-Back
2008/09,Arsenal,Kolo Touré,Centre-Back
2008/09,Arsenal,Lukasz Fabianski,Goalkeeper
2008/09,Arsenal,Manuel Almunia,Goalkeeper
2008/09,Arsenal,Mark Randall,Central Midfield
2008/09,Arsenal,Mikaël Silvestre,Left-Back
2008/09,Arsenal,Nicklas Bendtner,Centre-Forward
2008/09,Arsenal,Robin van Persie,Centre-Forward
2008/09,Arsenal,Rui Fonte,Centre-Forward
2008/09,Arsenal,Samir Nasri,Attacking Midfield
2008/09,Arsenal,Theo Walcott,Right Winger
2008/09,Arsenal,Tomas Rosicky,Attacking Midfield
2008/09,Arsenal,Vito Mannone,Goalkeeper
2008/09,Arsenal,William Gallas,Centre-Back
2008/09,Arsenal,Wojciech Szczesny,Goalkeeper
2008/09,Aston Villa,Ashley Young,Right-Back
2008/09,Aston Villa,Brad Friedel,Goalkeeper
2008/09,Aston Villa,Brad Guzan,Goalkeeper
2008/09,Aston Villa,Carlos Cuéllar,Centre-Back
2008/09,Aston Villa,Craig Gardner,Central Midfield
2008/09,Aston Villa,Curtis Davies,Centre-Back
2008/09,Aston Villa,Emile Heskey,Centre-Forward
2008/09,Aston Villa,Gabriel Agbonlahor,Centre-Forward
2008/09,Aston Villa,Gareth Barry,Defensive Midfield
2008/09,Aston Villa,James Milner,Central Midfield
2008/09,Aston Villa,John Carew,Centre-Forward
2008/09,Aston Villa,Luke Young,Right-Back
2008/09,Aston Villa,Moustapha Salifou,Attacking Midfield
2008/09,Aston Villa,Nathan Delfouneso,Centre-Forward
2008/09,Aston Villa,Nicky Shorey,Left-Back
2008/09,Aston Villa,Nigel Reo-Coker,Central Midfield
2008/09,Aston Villa,Stephen O'Halloran,Left-Back
2008/09,Aston Villa,Steve Sidwell,Central Midfield
2008/09,Aston Villa,Stiliyan Petrov,Central Midfield
2008/09,Aston Villa,Wilfred Bouma,Left-Back
2008/09,Aston Villa,Zat Knight,Centre-Back
2008/09,Blackburn,Aaron Mokoena,Centre-Back
2008/09,Blackburn,André Ooijer,Centre-Back
2008/09,Blackburn,Benni McCarthy,Centre-Forward
2008/09,Blackburn,Brett Emerton,Right Midfield
2008/09,Blackburn,Bryan Hodge,Central Midfield
2008/09,Blackburn,Carlos Villanueva,Attacking Midfield
2008/09,Blackburn,Christopher Samba,Centre-Back
2008/09,Blackburn,Danny Simpson,Right-Back
2008/09,Blackburn,David Dunn,Attacking Midfield
2008/09,Blackburn,El-Hadji Diouf,Centre-Forward
2008/09,Blackburn,Gaël Givet,Centre-Back
2008/09,Blackburn,Jason Brown,Goalkeeper
2008/09,Blackburn,Jason Roberts,Centre-Forward
2008/09,Blackburn,Keith Andrews,Central Midfield
2008/09,Blackburn,Keith Treacy,Left Midfield
2008/09,Blackburn,Mark Bunn,Goalkeeper
2008/09,Blackburn,Martin Olsson,Left-Back
2008/09,Blackburn,Morten Gamst Pedersen,Central Midfield
2008/09,Blackburn,Paul Robinson,Goalkeeper
2008/09,Blackburn,Roque Santa Cruz,Centre-Forward
2008/09,Blackburn,Ryan Nelsen,Centre-Back
2008/09,Blackburn,Stephen Warnock,Left-Back
2008/09,Blackburn,Steven Reid,Right-Back
2008/09,Blackburn,Tugay Kerimoğlu,Defensive Midfield
2008/09,Blackburn,Vincenzo Grella,Central Midfield
2008/09,Blackburn,Zurab Khizanishvili,Centre-Back
2008/09,Bolton,Ali Al-Habsi,Goalkeeper
2008/09,Bolton,Andrew O'Brien,Centre-Back
2008/09,Bolton,Ariza Makukula,Centre-Forward
2008/09,Bolton,Blerim Dzemaili,Central Midfield
2008/09,Bolton,Chris Basham,Centre-Back
2008/09,Bolton,Danny Shittu,Centre-Back
2008/09,Bolton,Ebi Smolarek,Centre-Forward
2008/09,Bolton,Fabrice Muamba,Central Midfield
2008/09,Bolton,Gary Cahill,Centre-Back
2008/09,Bolton,Gavin McCann,Central Midfield
2008/09,Bolton,Grétar Steinsson,Right-Back
2008/09,Bolton,Heidar Helguson,Centre-Forward
2008/09,Bolton,Ian Walker,Goalkeeper
2008/09,Bolton,James Sinclair,Right-Back
2008/09,Bolton,Jlloyd Samuel,Left-Back
2008/09,Bolton,Joey O'Brien,Right-Back
2008/09,Bolton,Johan Elmander,Centre-Forward
2008/09,Bolton,Jussi Jääskeläinen,Goalkeeper
2008/09,Bolton,Kevin Davies,Centre-Forward
2008/09,Bolton,Mark Davies,Central Midfield
2008/09,Bolton,Matthew Taylor,Left Midfield
2008/09,Bolton,Nicky Hunt,Right-Back
2008/09,Bolton,Ricardo Gardner,Left-Back
2008/09,Bolton,Ricardo Vaz Tê,Right Winger
2008/09,Bolton,Riga Mustapha,Right Winger
2008/09,Bolton,Sébastien Puygrenier,Centre-Back
2008/09,Bolton,Tamir Cohen,Central Midfield
2008/09,Bolton,Tope Obadeyi,Centre-Forward
2008/09,Bolton,Zoltán Harsányi,Centre-Forward
2008/09,Bolton,Ádám Bogdán,Goalkeeper
2008/09,Chelsea,Alex,Centre-Back
2008/09,Chelsea,Ashley Cole,Left-Back
2008/09,Chelsea,Bosingwa,Right-Back
2008/09,Chelsea,Branislav Ivanovic,Right-Back
2008/09,Chelsea,Carlo Cudicini,Goalkeeper
2008/09,Chelsea,Deco,Attacking Midfield
2008/09,Chelsea,Didier Drogba,Centre-Forward
2008/09,Chelsea,Florent Malouda,Left Winger
2008/09,Chelsea,Franco Di Santo,Centre-Forward
2008/09,Chelsea,Frank Lampard,Central Midfield
2008/09,Chelsea,Gaël Kakuta,Attacking Midfield
2008/09,Chelsea,Hilário,Goalkeeper
2008/09,Chelsea,Joe Cole,Attacking Midfield
2008/09,Chelsea,John Obi Mikel,Defensive Midfield
2008/09,Chelsea,John Terry,Centre-Back
2008/09,Chelsea,Juliano Belletti,Right-Back
2008/09,Chelsea,Lee Sawyer,Central Midfield
2008/09,Chelsea,Michael Ballack,Central Midfield
2008/09,Chelsea,Michael Essien,Defensive Midfield
2008/09,Chelsea,Michael Mancienne,Centre-Back
2008/09,Chelsea,Michael Woods,Central Midfield
2008/09,Chelsea,Mineiro,Defensive Midfield
2008/09,Chelsea,Miroslav Stoch,Left Winger
2008/09,Chelsea,Nicolas Anelka,Centre-Forward
2008/09,Chelsea,Paulo Ferreira,Right-Back
2008/09,Chelsea,Petr Cech,Goalkeeper
2008/09,Chelsea,Rhys Taylor,Goalkeeper
2008/09,Chelsea,Ricardo Carvalho,Centre-Back
2008/09,Chelsea,Ricardo Quaresma,Right Winger
2008/09,Chelsea,Salomon Kalou,Left Winger
2008/09,Chelsea,Scott Sinclair,Left Winger
2008/09,Chelsea,Shaun Wright-Phillips,Right Winger
2008/09,Chelsea,Wayne Bridge,Left-Back
2008/09,Everton,Andy van der Meyde,Right Winger
2008/09,Everton,Carlo Nash,Goalkeeper
2008/09,Everton,Dan Gosling,Central Midfield
2008/09,Everton,Jack Rodwell,Centre-Back
2008/09,Everton,James Vaughan,Centre-Forward
2008/09,Everton,John Irving,Right-Back
2008/09,Everton,Joleon Lescott,Centre-Back
2008/09,Everton,Jose Baxter,Attacking Midfield
2008/09,Everton,Joseph Yobo,Centre-Back
2008/09,Everton,Jô,Centre-Forward
2008/09,Everton,Kieran Agard,Centre-Forward
2008/09,Everton,Lars Jacobsen,Right-Back
2008/09,Everton,Leighton Baines,Left-Back
2008/09,Everton,Leon Osman,Central Midfield
2008/09,Everton,Louis Saha,Centre-Forward
2008/09,Everton,Marouane Fellaini,Central Midfield
2008/09,Everton,Mikel Arteta,Central Midfield
2008/09,Everton,Nuno Valente,Left-Back
2008/09,Everton,Phil Jagielka,Centre-Back
2008/09,Everton,Phil Neville,Right-Back
2008/09,Everton,Segundo Castillo,Defensive Midfield
2008/09,Everton,Steven Pienaar,Left Midfield
2008/09,Everton,Séamus Coleman,Right-Back
2008/09,Everton,Tim Cahill,Attacking Midfield
2008/09,Everton,Tim Howard,Goalkeeper
2008/09,Everton,Tony Hibbert,Right-Back
2008/09,Everton,Victor Anichebe,Centre-Forward
2008/09,Everton,Yakubu,Centre-Forward
2008/09,Fulham,Aaron Hughes,Centre-Back
2008/09,Fulham,Adam Watts,Centre-Back
2008/09,Fulham,Andy Johnson,Centre-Forward
2008/09,Fulham,Bobby Zamora,Centre-Forward
2008/09,Fulham,Brede Hangeland,Centre-Back
2008/09,Fulham,Chris Baird,Defensive Midfield
2008/09,Fulham,Chris Smalling,Centre-Back
2008/09,Fulham,Clint Dempsey,Second Striker
2008/09,Fulham,Collins John,Centre-Forward
2008/09,Fulham,Courtney Harris,Defensive Midfield
2008/09,Fulham,Danny Murphy,Central Midfield
2008/09,Fulham,David Stockdale,Goalkeeper
2008/09,Fulham,Dickson Etuhu,Defensive Midfield
2008/09,Fulham,Diomansy Kamara,Right Winger
2008/09,Fulham,Eddie Johnson,Centre-Forward
2008/09,Fulham,Elliot Omozusi,Right-Back
2008/09,Fulham,Erik Nevland,Centre-Forward
2008/09,Fulham,Fredrik Stoor Siekkinen,Right-Back
2008/09,Fulham,Giles Barnes,Centre-Forward
2008/09,Fulham,Joe Anderson,Left-Back
2008/09,Fulham,John Paintsil,Right-Back
2008/09,Fulham,Julian Gray,Centre-Forward
2008/09,Fulham,Mark Schwarzer,Goalkeeper
2008/09,Fulham,Moritz Volz,Right-Back
2008/09,Fulham,Olivier Dacourt,Defensive Midfield
2008/09,Fulham,Pascal Zuberbühler,Goalkeeper
2008/09,Fulham,Paul Konchesky,Left-Back
2008/09,Fulham,Reece Jones,Central Midfield
2008/09,Fulham,Rob Milsom,Left-Back
2008/09,Fulham,Simon Davies,Right Midfield
2008/09,Fulham,Toni Kallio,Centre-Back
2008/09,Fulham,Zoltán Gera,Attacking Midfield
2008/09,Hull,Andy Dawson,Left-Back
2008/09,Hull,Anthony Gardner,Centre-Back
2008/09,Hull,Bernard Mendy,Right-Back
2008/09,Hull,Boaz Myhill,Goalkeeper
2008/09,Hull,Bryan Hughes,Attacking Midfield
2008/09,Hull,Caleb Folan,Centre-Forward
2008/09,Hull,Craig Fagan,Centre-Forward
2008/09,Hull,Daniel Cousin,Centre-Forward
2008/09,Hull,Dean Marney,Central Midfield
2008/09,Hull,Dean Windass,Centre-Forward
2008/09,Hull,George Boateng,Defensive Midfield
2008/09,Hull,Geovanni,Attacking Midfield
2008/09,Hull,Ian Ashbee,Defensive Midfield
2008/09,Hull,Jimmy Bullard,Central Midfield
2008/09,Hull,John Welsh,Central Midfield
2008/09,Hull,Kamil Zayatte,Centre-Back
2008/09,Hull,Kevin Kilbane,Left Midfield
2008/09,Hull,Liam Cooper,Centre-Back
2008/09,Hull,Manucho,Centre-Forward
2008/09,Hull,Marlon King,Centre-Forward
2008/09,Hull,Matt Duke,Goalkeeper
2008/09,Hull,Matty Plummer,Centre-Back
2008/09,Hull,Michael Turner,Centre-Back
2008/09,Hull,Nathan Doyle,Defensive Midfield
2008/09,Hull,Nick Barmby,Left Midfield
2008/09,Hull,Nicky Featherstone,Central Midfield
2008/09,Hull,Paul McShane,Centre-Back
2008/09,Hull,Péter Halmosi,Left Midfield
2008/09,Hull,Richard García,Second Striker
2008/09,Hull,Ryan France,Right Winger
2008/09,Hull,Sam Ricketts,Right-Back
2008/09,Hull,Stelios Giannakopoulos,Right Winger
2008/09,Hull,Tony Warner,Goalkeeper
2008/09,Hull,Wayne Brown,Centre-Back
2008/09,Hull,Will Atkinson,Central Midfield
2008/09,Liverpool,Albert Riera,Left Midfield
2008/09,Liverpool,Andrea Dossena,Left Midfield
2008/09,Liverpool,Charles Itandje,Goalkeeper
2008/09,Liverpool,Damien Plessis,Defensive Midfield
2008/09,Liverpool,Daniel Agger,Centre-Back
2008/09,Liverpool,David N'Gog,Centre-Forward
2008/09,Liverpool,Diego Cavalieri,Goalkeeper
2008/09,Liverpool,Dirk Kuyt,Right Winger
2008/09,Liverpool,Emiliano Insúa,Left-Back
2008/09,Liverpool,Fernando Torres,Centre-Forward
2008/09,Liverpool,Fábio Aurélio,Left-Back
2008/09,Liverpool,Jamie Carragher,Centre-Back
2008/09,Liverpool,Javier Mascherano,Defensive Midfield
2008/09,Liverpool,Jay Spearing,Defensive Midfield
2008/09,Liverpool,Krisztián Németh,Centre-Forward
2008/09,Liverpool,Lucas Leiva,Defensive Midfield
2008/09,Liverpool,Martin Hansen,Goalkeeper
2008/09,Liverpool,Martin Skrtel,Centre-Back
2008/09,Liverpool,Nabil El Zhar,Right Winger
2008/09,Liverpool,Pepe Reina,Goalkeeper
2008/09,Liverpool,Philipp Degen,Right-Back
2008/09,Liverpool,Ryan Babel,Left Winger
2008/09,Liverpool,Sami Hyypiä,Centre-Back
2008/09,Liverpool,Stephen Darby,Right-Back
2008/09,Liverpool,Steven Gerrard,Central Midfield
2008/09,Liverpool,Xabi Alonso,Defensive Midfield
2008/09,Liverpool,Yossi Benayoun,Right Winger
2008/09,Liverpool,Álvaro Arbeloa,Right-Back
2008/09,Man City,Adam Clayton,Central Midfield
2008/09,Man City,Benjani,Centre-Forward
2008/09,Man City,Ched Evans,Centre-Forward
2008/09,Man City,Craig Bellamy,Left Winger
2008/09,Man City,Daniel Sturridge,Centre-Forward
2008/09,Man City,Danny Mills,Right-Back
2008/09,Man City,Darius Vassell,Centre-Forward
2008/09,Man City,Dietmar Hamann,Defensive Midfield
2008/09,Man City,Elano,Attacking Midfield
2008/09,Man City,Felipe Caicedo,Centre-Forward
2008/09,Man City,Gelson Fernandes,Defensive Midfield
2008/09,Man City,Gláuber,Centre-Back
2008/09,Man City,Javier Garrido,Left-Back
2008/09,Man City,Joe Hart,Goalkeeper
2008/09,Man City,Kasper Schmeichel,Goalkeeper
2008/09,Man City,Kelvin Etuhu,Defensive Midfield
2008/09,Man City,Martin Petrov,Left Winger
2008/09,Man City,Micah Richards,Right-Back
2008/09,Man City,Michael Ball,Left-Back
2008/09,Man City,Michael Johnson,Defensive Midfield
2008/09,Man City,Nedum Onuoha,Centre-Back
2008/09,Man City,Nigel de Jong,Defensive Midfield
2008/09,Man City,Pablo Zabaleta,Right-Back
2008/09,Man City,Richard Dunne,Centre-Back
2008/09,Man City,Robinho,Left Winger
2008/09,Man City,Shaun Wright-Phillips,Right Winger
2008/09,Man City,Shay Given,Goalkeeper
2008/09,Man City,Shay Logan,Right-Back
2008/09,Man City,Stephen Ireland,Attacking Midfield
2008/09,Man City,Valeri Bozhinov,Centre-Forward
2008/09,Man City,Vincent Kompany,Centre-Back
2008/09,Man City,Wayne Bridge,Left-Back
2008/09,Man United,Anderson,Central Midfield
2008/09,Man United,Ben Foster,Goalkeeper
2008/09,Man United,Carlos Tévez,Centre-Forward
2008/09,Man United,Cristiano Ronaldo,Centre-Forward
2008/09,Man United,Danny Welbeck,Centre-Forward
2008/09,Man United,Darren Fletcher,Central Midfield
2008/09,Man United,Darron Gibson,Central Midfield
2008/09,Man United,Dimitar Berbatov,Centre-Forward
2008/09,Man United,Edwin van der Sar,Goalkeeper
2008/09,Man United,Federico Macheda,Centre-Forward
2008/09,Man United,Fraizer Campbell,Centre-Forward
2008/09,Man United,Fábio,Right-Back
2008/09,Man United,Gary Neville,Right-Back
2008/09,Man United,Ji-sung Park,Attacking Midfield
2008/09,Man United,John O'Shea,Centre-Back
2008/09,Man United,Jonny Evans,Centre-Back
2008/09,Man United,Lee Martin,Attacking Midfield
2008/09,Man United,Michael Carrick,Defensive Midfield
2008/09,Man United,Nani,Left Winger
2008/09,Man United,Nemanja Vidic‎,Centre-Back
2008/09,Man United,Owen Hargreaves,Defensive Midfield
2008/09,Man United,Patrice Evra,Left-Back
2008/09,Man United,Paul Scholes,Central Midfield
2008/09,Man United,Rafael,Right-Back
2008/09,Man United,Richard Eckersley,Right-Back
2008/09,Man United,Rio Ferdinand,Centre-Back
2008/09,Man United,Rodrigo Possebon,Central Midfield
2008/09,Man United,Ryan Giggs,Left Midfield
2008/09,Man United,Tomasz Kuszczak,Goalkeeper
2008/09,Man United,Wayne Rooney,Centre-Forward
2008/09,Man United,Wes Brown,Centre-Back
2008/09,Man United,Zoran Tosic,Right Winger
2008/09,Middlesbrough,Adam Johnson,Right Winger
2008/09,Middlesbrough,Afonso Alves,Centre-Forward
2008/09,Middlesbrough,Andrew Taylor,Left-Back
2008/09,Middlesbrough,Brad Jones,Goalkeeper
2008/09,Middlesbrough,Chris Riggott,Centre-Back
2008/09,Middlesbrough,David Wheater,Centre-Back
2008/09,Middlesbrough,Didier Digard,Defensive Midfield
2008/09,Middlesbrough,Emanuel Pogatetz,Centre-Back
2008/09,Middlesbrough,Gary O'Neil,Central Midfield
2008/09,Middlesbrough,Graeme Owens,Right Winger
2008/09,Middlesbrough,Jason Steele,Goalkeeper
2008/09,Middlesbrough,Joe Bennett,Left-Back
2008/09,Middlesbrough,John Johnson,Centre-Back
2008/09,Middlesbrough,Jonathan Franks,Left Winger
2008/09,Middlesbrough,Jonathan Grounds,Centre-Back
2008/09,Middlesbrough,Josh Walker,Central Midfield
2008/09,Middlesbrough,Julio Arca,Central Midfield
2008/09,Middlesbrough,Justin Hoyte,Right-Back
2008/09,Middlesbrough,Jérémie Aliadière,Centre-Forward
2008/09,Middlesbrough,Marlon King,Centre-Forward
2008/09,Middlesbrough,Marvin Emnes,Centre-Forward
2008/09,Middlesbrough,Matthew Bates,Centre-Back
2008/09,Middlesbrough,Mohamed Shawky,Defensive Midfield
2008/09,Middlesbrough,Nathan Porritt,Midfielder
2008/09,Middlesbrough,Rhys Williams,Centre-Back
2008/09,Middlesbrough,Robert Huth,Centre-Back
2008/09,Middlesbrough,Ross Turnbull,Goalkeeper
2008/09,Middlesbrough,Stewart Downing,Left Midfield
2008/09,Middlesbrough,Tony McMahon,Right-Back
2008/09,Middlesbrough,Tuncay Şanlı,Left Winger
2008/09,Newcastle,Alan Smith,Central Midfield
2008/09,Newcastle,Andy Carroll,Centre-Forward
2008/09,Newcastle,Charles N'Zogbia,Right Winger
2008/09,Newcastle,Cláudio Caçapa,Centre-Back
2008/09,Newcastle,Damien Duff,Right Midfield
2008/09,Newcastle,Danny Guthrie,Central Midfield
2008/09,Newcastle,David Edgar,Centre-Back
2008/09,Newcastle,Fabricio Coloccini,Centre-Back
2008/09,Newcastle,Fraser Forster,Goalkeeper
2008/09,Newcastle,Habib Beye,Right-Back
2008/09,Newcastle,Ignacio González,Attacking Midfield
2008/09,Newcastle,Joey Barton,Central Midfield
2008/09,Newcastle,Jonás Gutiérrez,Left Midfield
2008/09,Newcastle,José Enrique,Left-Back
2008/09,Newcastle,Kazenga LuaLua,Left Winger
2008/09,Newcastle,Kevin Nolan,Attacking Midfield
2008/09,Newcastle,Mark Viduka,Centre-Forward
2008/09,Newcastle,Michael Owen,Centre-Forward
2008/09,Newcastle,Nicky Butt,Defensive Midfield
2008/09,Newcastle,Nile Ranger,Centre-Forward
2008/09,Newcastle,Njitap Geremi,Right Midfield
2008/09,Newcastle,Obafemi Martins,Centre-Forward
2008/09,Newcastle,Peter Løvenkrands,Centre-Forward
2008/09,Newcastle,Ryan Taylor,Right-Back
2008/09,Newcastle,Shay Given,Goalkeeper
2008/09,Newcastle,Shola Ameobi,Centre-Forward
2008/09,Newcastle,Steve Harper,Goalkeeper
2008/09,Newcastle,Steven Taylor,Centre-Back
2008/09,Newcastle,Sébastien Bassong,Centre-Back
2008/09,Newcastle,Tamás Kádár,Centre-Back
2008/09,Newcastle,Tim Krul,Goalkeeper
2008/09,Newcastle,Xisco,Centre-Forward
2008/09,Portsmouth,Angelos Basinas,Defensive Midfield
2008/09,Portsmouth,Armand Traoré,Left-Back
2008/09,Portsmouth,Arnold Mvuemba,Defensive Midfield
2008/09,Portsmouth,Asmir Begovic,Goalkeeper
2008/09,Portsmouth,Ben Sahar,Centre-Forward
2008/09,Portsmouth,David James,Goalkeeper
2008/09,Portsmouth,David Nugent,Centre-Forward
2008/09,Portsmouth,Djimi Traoré,Centre-Back
2008/09,Portsmouth,Glen Johnson,Right-Back
2008/09,Portsmouth,Glen Little,Right Winger
2008/09,Portsmouth,Hayden Mullins,Defensive Midfield
2008/09,Portsmouth,Hermann Hreidarsson,Left-Back
2008/09,Portsmouth,Jamie Ashdown,Goalkeeper
2008/09,Portsmouth,Jermain Defoe,Centre-Forward
2008/09,Portsmouth,Jermaine Pennant,Right Winger
2008/09,Portsmouth,Jerome Thomas,Left Winger
2008/09,Portsmouth,John Utaka,Left Winger
2008/09,Portsmouth,Lassana Diarra,Defensive Midfield
2008/09,Portsmouth,Laurén,Right-Back
2008/09,Portsmouth,Linvoy Primus,Centre-Back
2008/09,Portsmouth,Marc Wilson,Centre-Back
2008/09,Portsmouth,Martin Cranie,Centre-Back
2008/09,Portsmouth,Nadir Belhadj,Left-Back
2008/09,Portsmouth,Niko Kranjcar,Attacking Midfield
2008/09,Portsmouth,Noé Pamarot,Centre-Back
2008/09,Portsmouth,Nwankwo Kanu,Centre-Forward
2008/09,Portsmouth,Papa Bouba Diop,Defensive Midfield
2008/09,Portsmouth,Pedro Mendes,Central Midfield
2008/09,Portsmouth,Pelé,Central Midfield
2008/09,Portsmouth,Peter Crouch,Centre-Forward
2008/09,Portsmouth,Richard Hughes,Defensive Midfield
2008/09,Portsmouth,Sean Davis,Defensive Midfield
2008/09,Portsmouth,Sol Campbell,Centre-Back
2008/09,Portsmouth,Sylvain Distin,Centre-Back
2008/09,Portsmouth,Theofanis Gekas,Centre-Forward
2008/09,Portsmouth,Younès Kaboul,Centre-Back
2008/09,Stoke,Abdoulaye Faye,Centre-Back
2008/09,Stoke,Amdy Faye,Defensive Midfield
2008/09,Stoke,Andy Griffin,Right-Back
2008/09,Stoke,Andy Wilkinson,Right-Back
2008/09,Stoke,Carl Dickinson,Left-Back
2008/09,Stoke,Danny Higginbotham,Centre-Back
2008/09,Stoke,Danny Pugh,Left-Back
2008/09,Stoke,Dominic Matteo,Left-Back
2008/09,Stoke,Glenn Whelan,Defensive Midfield
2008/09,Stoke,Henri Camara,Centre-Forward
2008/09,Stoke,Ibrahima Sonko,Centre-Back
2008/09,Stoke,James Beattie,Centre-Forward
2008/09,Stoke,Jimmy Phillips,Left Midfield
2008/09,Stoke,Leon Cort,Centre-Back
2008/09,Stoke,Liam Lawrence,Attacking Midfield
2008/09,Stoke,Mamady Sidibé,Centre-Forward
2008/09,Stoke,Marc Grocott,Defensive Midfield
2008/09,Stoke,Matthew Etherington,Left Midfield
2008/09,Stoke,Michael Tonge,Central Midfield
2008/09,Stoke,Nat Wedderburn,Defensive Midfield
2008/09,Stoke,Ricardo Fuller,Centre-Forward
2008/09,Stoke,Richard Cresswell,Centre-Forward
2008/09,Stoke,Rory Delap,Central Midfield
2008/09,Stoke,Ryan Shawcross,Centre-Back
2008/09,Stoke,Salif Diao,Defensive Midfield
2008/09,Stoke,Seyi Olofinjana,Central Midfield
2008/09,Stoke,Steve Simonsen,Goalkeeper
2008/09,Stoke,Thomas Sörensen,Goalkeeper
2008/09,Stoke,Tom Soares,Central Midfield
2008/09,Sunderland,Andy Reid,Left Midfield
2008/09,Sunderland,Anton Ferdinand,Centre-Back
2008/09,Sunderland,Calum Davenport,Centre-Back
2008/09,Sunderland,Carlos Edwards,Right-Back
2008/09,Sunderland,Craig Gordon,Goalkeeper
2008/09,Sunderland,Danny Collins,Centre-Back
2008/09,Sunderland,Daryl Murphy,Centre-Forward
2008/09,Sunderland,David Connolly,Centre-Forward
2008/09,Sunderland,David Dowson,Centre-Forward
2008/09,Sunderland,David Healy,Centre-Forward
2008/09,Sunderland,Dean Whitehead,Central Midfield
2008/09,Sunderland,Djibril Cissé,Centre-Forward
2008/09,Sunderland,Dwight Yorke,Centre-Forward
2008/09,Sunderland,George McCartney,Left-Back
2008/09,Sunderland,Grant Leadbitter,Central Midfield
2008/09,Sunderland,Greg Halford,Centre-Back
2008/09,Sunderland,Jamie Chandler,Central Midfield
2008/09,Sunderland,Jean-Yves M'voto,Centre-Back
2008/09,Sunderland,Kenwyne Jones,Centre-Forward
2008/09,Sunderland,Kieran Richardson,Left-Back
2008/09,Sunderland,Martyn Waghorn,Centre-Forward
2008/09,Sunderland,Márton Fülöp,Goalkeeper
2008/09,Sunderland,Nick Colgan,Goalkeeper
2008/09,Sunderland,Nyron Nosworthy,Centre-Back
2008/09,Sunderland,Paul McShane,Centre-Back
2008/09,Sunderland,Peter Hartley,Centre-Back
2008/09,Sunderland,Phil Bardsley,Right-Back
2008/09,Sunderland,Robbie Weir,Defensive Midfield
2008/09,Sunderland,Steed Malbranque,Left Midfield
2008/09,Sunderland,Tal Ben Haim,Centre-Back
2008/09,Sunderland,Teemu Tainio,Defensive Midfield
2008/09,Tottenham,Aaron Lennon,Right Winger
2008/09,Tottenham,Adam Smith,Right-Back
2008/09,Tottenham,Adel Taarabt,Central Midfield
2008/09,Tottenham,Alan Hutton,Right-Back
2008/09,Tottenham,Ben Alnwick,Goalkeeper
2008/09,Tottenham,Benoît Assou-Ekotto,Left-Back
2008/09,Tottenham,Carlo Cudicini,Goalkeeper
2008/09,Tottenham,Chris Gunter,Right-Back
2008/09,Tottenham,César Sánchez,Goalkeeper
2008/09,Tottenham,Danny Rose,Left-Back
2008/09,Tottenham,Darren Bent,Centre-Forward
2008/09,Tottenham,David Bentley,Right Midfield
2008/09,Tottenham,Dean Parrett,Central Midfield
2008/09,Tottenham,Didier Zokora,Defensive Midfield
2008/09,Tottenham,Fraizer Campbell,Centre-Forward
2008/09,Tottenham,Gareth Bale,Right Winger
2008/09,Tottenham,Gilberto,Left-Back
2008/09,Tottenham,Giovani dos Santos,Second Striker
2008/09,Tottenham,Heurelho Gomes,Goalkeeper
2008/09,Tottenham,Jamie O'Hara,Central Midfield
2008/09,Tottenham,Jermain Defoe,Centre-Forward
2008/09,Tottenham,Jermaine Jenas,Central Midfield
2008/09,Tottenham,John Bostock,Central Midfield
2008/09,Tottenham,Jonathan Obika,Centre-Forward
2008/09,Tottenham,Jonathan Woodgate,Centre-Back
2008/09,Tottenham,Ledley King,Centre-Back
2008/09,Tottenham,Luka Modrić,Central Midfield
2008/09,Tottenham,Michael Dawson,Centre-Back
2008/09,Tottenham,Oscar Jansson,Goalkeeper
2008/09,Tottenham,Pascal Chimbonda,Right-Back
2008/09,Tottenham,Robbie Keane,Centre-Forward
2008/09,Tottenham,Roman Pavlyuchenko,Centre-Forward
2008/09,Tottenham,Ryan Mason,Central Midfield
2008/09,Tottenham,Tom Huddlestone,Defensive Midfield
2008/09,Tottenham,Vedran Corluka,Centre-Back
2008/09,Tottenham,Wilson Palacios,Defensive Midfield
2008/09,West Brom,Abdoulaye Méïté,Centre-Back
2008/09,West Brom,Borja Valero,Central Midfield
2008/09,West Brom,Carl Hoefkens,Right-Back
2008/09,West Brom,Chris Brunt,Central Midfield
2008/09,West Brom,Craig Beattie,Centre-Forward
2008/09,West Brom,Dean Kiely,Goalkeeper
2008/09,West Brom,Do-heon Kim,Central Midfield
2008/09,West Brom,Filipe Teixeira,Right Winger
2008/09,West Brom,Gianni Zuiverloon,Centre-Back
2008/09,West Brom,Graham Dorrans,Central Midfield
2008/09,West Brom,Ishmael Miller,Centre-Forward
2008/09,West Brom,James Morrison,Central Midfield
2008/09,West Brom,Jay Simpson,Centre-Forward
2008/09,West Brom,Jonas Olsson,Centre-Back
2008/09,West Brom,Jonathan Greening,Central Midfield
2008/09,West Brom,Juan Carlos Menseguez,Right Winger
2008/09,West Brom,Leon Barnett,Centre-Back
2008/09,West Brom,Luke Moore,Centre-Forward
2008/09,West Brom,Marc-Antoine Fortuné,Centre-Forward
2008/09,West Brom,Marek Cech,Left-Back
2008/09,West Brom,Neil Clement,Right-Back
2008/09,West Brom,Paul Robinson,Left-Back
2008/09,West Brom,Pelé,Centre-Back
2008/09,West Brom,Robert Koren,Attacking Midfield
2008/09,West Brom,Roman Bednar,Centre-Forward
2008/09,West Brom,Ryan Allsop,Goalkeeper
2008/09,West Brom,Ryan Donk,Centre-Back
2008/09,West Brom,Scott Carson,Goalkeeper
2008/09,West Brom,Shelton Martis,Centre-Back
2008/09,West Brom,Youssouf Mulumbu,Defensive Midfield
2008/09,West Ham,Carlton Cole,Centre-Forward
2008/09,West Ham,Danny Gabbidon,Centre-Back
2008/09,West Ham,David Di Michele,Centre-Forward
2008/09,West Ham,Dean Ashton,Centre-Forward
2008/09,West Ham,Diego Tristán,Centre-Forward
2008/09,West Ham,Freddie Sears,Second Striker
2008/09,West Ham,Hérita Ilunga,Left-Back
2008/09,West Ham,Jack Collison,Central Midfield
2008/09,West Ham,James Collins,Centre-Back
2008/09,West Ham,James Tomkins,Centre-Back
2008/09,West Ham,Jan Lastuvka,Goalkeeper
2008/09,West Ham,Jonathan Spector,Centre-Back
2008/09,West Ham,Josh Payne,Defensive Midfield
2008/09,West Ham,Junior Stanislas,Left Winger
2008/09,West Ham,Kieron Dyer,Right Midfield
2008/09,West Ham,Lucas Neill,Right-Back
2008/09,West Ham,Luís Boa Morte,Left Midfield
2008/09,West Ham,Mark Noble,Central Midfield
2008/09,West Ham,Matthew Upson,Centre-Back
2008/09,West Ham,Radoslav Kovac,Centre-Back
2008/09,West Ham,Rob Green,Goalkeeper
2008/09,West Ham,Savio Nsereko,Right Winger
2008/09,West Ham,Scott Parker,Central Midfield
2008/09,West Ham,Valon Behrami,Central Midfield
2008/09,West Ham,Wálter López,Left-Back
2008/09,West Ham,Zavon Hines,Right Winger
2008/09,Wigan,Amr Zaki,Centre-Forward
2008/09,Wigan,Antoine Sibierski,Attacking Midfield
2008/09,Wigan,Antonio Valencia,Right-Back
2008/09,Wigan,Ben Watson,Central Midfield
2008/09,Wigan,Callum McManaman,Right Winger
2008/09,Wigan,Carlo Nash,Goalkeeper
2008/09,Wigan,Charles N'Zogbia,Right Winger
2008/09,Wigan,Chris Kirkland,Goalkeeper
2008/09,Wigan,Daniël de Ridder,Left Winger
2008/09,Wigan,Emile Heskey,Centre-Forward
2008/09,Wigan,Emmerson Boyce,Right-Back
2008/09,Wigan,Erik Edman,Left-Back
2008/09,Wigan,Henri Camara,Centre-Forward
2008/09,Wigan,Hugo Rodallega,Centre-Forward
2008/09,Wigan,Jason Koumas,Attacking Midfield
2008/09,Wigan,Joe Holt,Defensive Midfield
2008/09,Wigan,Jon Routledge,Central Midfield
2008/09,Wigan,Kevin Kilbane,Left Midfield
2008/09,Wigan,Lee Cattermole,Defensive Midfield
2008/09,Wigan,Lewis Montrose,Central Midfield
2008/09,Wigan,Mario Melchiot,Right-Back
2008/09,Wigan,Maynor Figueroa,Left-Back
2008/09,Wigan,Michael Brown,Central Midfield
2008/09,Wigan,Mido,Centre-Forward
2008/09,Wigan,Mike Pollitt,Goalkeeper
2008/09,Wigan,Olivier Kapo,Attacking Midfield
2008/09,Wigan,Paul Scharner,Defensive Midfield
2008/09,Wigan,Rachid Bouaouzan,Left Midfield
2008/09,Wigan,Richard Kingson,Goalkeeper
2008/09,Wigan,Ryan Taylor,Right-Back
2008/09,Wigan,Titus Bramble,Centre-Back
2008/09,Wigan,Tomasz Cywka,Defensive Midfield
2008/09,Wigan,Tomasz Kupisz,Right Winger
2008/09,Wigan,Wilson Palacios,Defensive Midfield
2008/09,Wigan,Won-hee Cho,Defensive Midfield
2009/10,Arsenal,Aaron Ramsey,Central Midfield
2009/10,Arsenal,Abou Diaby,Central Midfield
2009/10,Arsenal,Alex Song,Defensive Midfield
2009/10,Arsenal,Andrey Arshavin,Left Winger
2009/10,Arsenal,Armand Traoré,Left-Back
2009/10,Arsenal,Bacary Sagna,Right-Back
2009/10,Arsenal,Carlos Vela,Right Winger
2009/10,Arsenal,Cesc Fàbregas,Central Midfield
2009/10,Arsenal,Conor Henderson,Central Midfield
2009/10,Arsenal,Craig Eastmond,Central Midfield
2009/10,Arsenal,Denílson,Defensive Midfield
2009/10,Arsenal,Eduardo,Centre-Forward
2009/10,Arsenal,Emmanuel Eboué,Right-Back
2009/10,Arsenal,Emmanuel Frimpong,Defensive Midfield
2009/10,Arsenal,Fran Mérida,Central Midfield
2009/10,Arsenal,Francis Coquelin,Defensive Midfield
2009/10,Arsenal,Gaël Clichy,Left-Back
2009/10,Arsenal,Gilles Sunu,Right Winger
2009/10,Arsenal,Henri Lansbury,Central Midfield
2009/10,Arsenal,Jack Wilshere,Central Midfield
2009/10,Arsenal,James Shea,Goalkeeper
2009/10,Arsenal,Jay Emmanuel-Thomas,Attacking Midfield
2009/10,Arsenal,Johan Djourou,Centre-Back
2009/10,Arsenal,Kerrea Gilbert,Right-Back
2009/10,Arsenal,Kieran Gibbs,Left-Back
2009/10,Arsenal,Kyle Bartley,Centre-Back
2009/10,Arsenal,Lukasz Fabianski,Goalkeeper
2009/10,Arsenal,Luke Ayling,Right-Back
2009/10,Arsenal,Manuel Almunia,Goalkeeper
2009/10,Arsenal,Mark Randall,Central Midfield
2009/10,Arsenal,Mikaël Silvestre,Left-Back
2009/10,Arsenal,Nacer Barazite,Attacking Midfield
2009/10,Arsenal,Nicklas Bendtner,Centre-Forward
2009/10,Arsenal,Philippe Senderos,Centre-Back
2009/10,Arsenal,Robin van Persie,Centre-Forward
2009/10,Arsenal,Samir Nasri,Attacking Midfield
2009/10,Arsenal,Sanchez Watt,Left Winger
2009/10,Arsenal,Sol Campbell,Centre-Back
2009/10,Arsenal,Theo Walcott,Right Winger
2009/10,Arsenal,Thomas Cruise,Left-Back
2009/10,Arsenal,Thomas Vermaelen,Centre-Back
2009/10,Arsenal,Tomas Rosicky,Attacking Midfield
2009/10,Arsenal,Vito Mannone,Goalkeeper
2009/10,Arsenal,William Gallas,Centre-Back
2009/10,Arsenal,Wojciech Szczesny,Goalkeeper
2009/10,Aston Villa,Andy Marshall,Goalkeeper
2009/10,Aston Villa,Ashley Young,Right-Back
2009/10,Aston Villa,Barry Bannan,Central Midfield
2009/10,Aston Villa,Brad Friedel,Goalkeeper
2009/10,Aston Villa,Brad Guzan,Goalkeeper
2009/10,Aston Villa,Carlos Cuéllar,Centre-Back
2009/10,Aston Villa,Ciaran Clark,Centre-Back
2009/10,Aston Villa,Craig Gardner,Central Midfield
2009/10,Aston Villa,Curtis Davies,Centre-Back
2009/10,Aston Villa,Emile Heskey,Centre-Forward
2009/10,Aston Villa,Fabian Delph,Central Midfield
2009/10,Aston Villa,Gabriel Agbonlahor,Centre-Forward
2009/10,Aston Villa,Habib Beye,Right-Back
2009/10,Aston Villa,Isaiah Osbourne,Central Midfield
2009/10,Aston Villa,James Collins,Centre-Back
2009/10,Aston Villa,James Milner,Central Midfield
2009/10,Aston Villa,John Carew,Centre-Forward
2009/10,Aston Villa,Luke Young,Right-Back
2009/10,Aston Villa,Marc Albrighton,Right Midfield
2009/10,Aston Villa,Marlon Harewood,Centre-Forward
2009/10,Aston Villa,Moustapha Salifou,Attacking Midfield
2009/10,Aston Villa,Nathan Delfouneso,Centre-Forward
2009/10,Aston Villa,Nicky Shorey,Left-Back
2009/10,Aston Villa,Nigel Reo-Coker,Central Midfield
2009/10,Aston Villa,Richard Dunne,Centre-Back
2009/10,Aston Villa,Shane Lowry,Centre-Back
2009/10,Aston Villa,Stephen Warnock,Left-Back
2009/10,Aston Villa,Steve Sidwell,Central Midfield
2009/10,Aston Villa,Stewart Downing,Left Midfield
2009/10,Aston Villa,Stiliyan Petrov,Central Midfield
2009/10,Aston Villa,Wilfred Bouma,Left-Back
2009/10,Birmingham,Artur Krysiak,Goalkeeper
2009/10,Birmingham,Ashley Sammons,Central Midfield
2009/10,Birmingham,Barry Ferguson,Defensive Midfield
2009/10,Birmingham,Cameron Jerome,Centre-Forward
2009/10,Birmingham,Christian Benítez,Centre-Forward
2009/10,Birmingham,Colin Doyle,Goalkeeper
2009/10,Birmingham,Craig Gardner,Central Midfield
2009/10,Birmingham,Damien Johnson,Right Midfield
2009/10,Birmingham,Dan Preston,Centre-Back
2009/10,Birmingham,David Murphy,Left-Back
2009/10,Birmingham,Franck Queudrue,Left-Back
2009/10,Birmingham,Garry O'Connor,Centre-Forward
2009/10,Birmingham,Gary McSheffrey,Left Winger
2009/10,Birmingham,Giovanny Espinoza,Centre-Back
2009/10,Birmingham,Grégory Vignal,Left-Back
2009/10,Birmingham,Jake Jervis,Centre-Forward
2009/10,Birmingham,James McFadden,Left Winger
2009/10,Birmingham,Jay O'Shea,Central Midfield
2009/10,Birmingham,Joe Hart,Goalkeeper
2009/10,Birmingham,Jordon Mutch,Central Midfield
2009/10,Birmingham,Keith Fahey,Central Midfield
2009/10,Birmingham,Kevin Phillips,Centre-Forward
2009/10,Birmingham,Lee Bowyer,Central Midfield
2009/10,Birmingham,Lee Carsley,Defensive Midfield
2009/10,Birmingham,Liam Ridgewell,Centre-Back
2009/10,Birmingham,Maik Taylor,Goalkeeper
2009/10,Birmingham,Marcus Bent,Centre-Forward
2009/10,Birmingham,Martin Taylor,Centre-Back
2009/10,Birmingham,Míchel Madera,Central Midfield
2009/10,Birmingham,Nathan Redmond,Right Winger
2009/10,Birmingham,Roger Johnson,Centre-Back
2009/10,Birmingham,Scott Dann,Centre-Back
2009/10,Birmingham,Sebastian Larsson,Central Midfield
2009/10,Birmingham,Stephen Carr,Right-Back
2009/10,Birmingham,Stuart Parnaby,Right-Back
2009/10,Birmingham,Teemu Tainio,Defensive Midfield
2009/10,Blackburn,Aaron Doran,Right Midfield
2009/10,Blackburn,Amine Linganzi,Central Midfield
2009/10,Blackburn,Benni McCarthy,Centre-Forward
2009/10,Blackburn,Brett Emerton,Right Midfield
2009/10,Blackburn,Christopher Samba,Centre-Back
2009/10,Blackburn,David Dunn,Attacking Midfield
2009/10,Blackburn,El-Hadji Diouf,Centre-Forward
2009/10,Blackburn,Elrio van Heerden,Attacking Midfield
2009/10,Blackburn,Franco Di Santo,Centre-Forward
2009/10,Blackburn,Frank Fielding,Goalkeeper
2009/10,Blackburn,Gavin Gunning,Centre-Back
2009/10,Blackburn,Gaël Givet,Centre-Back
2009/10,Blackburn,Grant Hanley,Centre-Back
2009/10,Blackburn,Jason Brown,Goalkeeper
2009/10,Blackburn,Jason Roberts,Centre-Forward
2009/10,Blackburn,Junior Hoilett,Left Winger
2009/10,Blackburn,Keith Andrews,Central Midfield
2009/10,Blackburn,Lars Jacobsen,Right-Back
2009/10,Blackburn,Maceo Rigters,Centre-Forward
2009/10,Blackburn,Mark Bunn,Goalkeeper
2009/10,Blackburn,Martin Olsson,Left-Back
2009/10,Blackburn,Morten Gamst Pedersen,Central Midfield
2009/10,Blackburn,Míchel Salgado,Right-Back
2009/10,Blackburn,Nikola Kalinić,Centre-Forward
2009/10,Blackburn,Pascal Chimbonda,Right-Back
2009/10,Blackburn,Paul Gallagher,Central Midfield
2009/10,Blackburn,Paul Robinson,Goalkeeper
2009/10,Blackburn,Phil Jones,Centre-Back
2009/10,Blackburn,Ryan Nelsen,Centre-Back
2009/10,Blackburn,Stephen Warnock,Left-Back
2009/10,Blackburn,Steven Nzonzi,Defensive Midfield
2009/10,Blackburn,Steven Reid,Right-Back
2009/10,Blackburn,Vincenzo Grella,Central Midfield
2009/10,Blackburn,Yıldıray Baştürk,Attacking Midfield
2009/10,Blackburn,Zurab Khizanishvili,Centre-Back
2009/10,Bolton,Ali Al-Habsi,Goalkeeper
2009/10,Bolton,Andrew O'Brien,Centre-Back
2009/10,Bolton,Chris Basham,Centre-Back
2009/10,Bolton,Chung-yong Lee,Right Winger
2009/10,Bolton,Danny Shittu,Centre-Back
2009/10,Bolton,Danny Ward,Centre-Forward
2009/10,Bolton,Fabrice Muamba,Central Midfield
2009/10,Bolton,Gary Cahill,Centre-Back
2009/10,Bolton,Gavin McCann,Central Midfield
2009/10,Bolton,Grétar Steinsson,Right-Back
2009/10,Bolton,Ivan Klasnic,Centre-Forward
2009/10,Bolton,Jack Wilshere,Central Midfield
2009/10,Bolton,Jlloyd Samuel,Left-Back
2009/10,Bolton,Joey O'Brien,Right-Back
2009/10,Bolton,Johan Elmander,Centre-Forward
2009/10,Bolton,Jussi Jääskeläinen,Goalkeeper
2009/10,Bolton,Kevin Davies,Centre-Forward
2009/10,Bolton,Mark Davies,Central Midfield
2009/10,Bolton,Matthew Taylor,Left Midfield
2009/10,Bolton,Nicky Hunt,Right-Back
2009/10,Bolton,Paul Robinson,Left-Back
2009/10,Bolton,Ricardo Gardner,Left-Back
2009/10,Bolton,Ricardo Vaz Tê,Right Winger
2009/10,Bolton,Riga Mustapha,Right Winger
2009/10,Bolton,Sam Ricketts,Right-Back
2009/10,Bolton,Sean Davis,Defensive Midfield
2009/10,Bolton,Stuart Holden,Central Midfield
2009/10,Bolton,Tamir Cohen,Central Midfield
2009/10,Bolton,Tope Obadeyi,Centre-Forward
2009/10,Bolton,Vladimir Weiss,Left Winger
2009/10,Bolton,Zat Knight,Centre-Back
2009/10,Bolton,Ádám Bogdán,Goalkeeper
2009/10,Burnley FC,Alex MacDonald,Right Midfield
2009/10,Burnley FC,Alex-Ray Harvey,Central Midfield
2009/10,Burnley FC,André Bikey,Centre-Back
2009/10,Burnley FC,Brian Easton,Left-Back
2009/10,Burnley FC,Brian Jensen,Goalkeeper
2009/10,Burnley FC,Chris Anderson,Central Midfield
2009/10,Burnley FC,Chris Eagles,Right Winger
2009/10,Burnley FC,Chris McCann,Defensive Midfield
2009/10,Burnley FC,Christian Kalvenes,Left-Back
2009/10,Burnley FC,Clarke Carlisle,Centre-Back
2009/10,Burnley FC,Danny Fox,Left-Back
2009/10,Burnley FC,David Edgar,Centre-Back
2009/10,Burnley FC,David Nugent,Centre-Forward
2009/10,Burnley FC,Diego Penny,Goalkeeper
2009/10,Burnley FC,Fernando Guerrero,Left Winger
2009/10,Burnley FC,Frédéric Nimani,Centre-Forward
2009/10,Burnley FC,Graham Alexander,Right-Back
2009/10,Burnley FC,Jack Cork,Defensive Midfield
2009/10,Burnley FC,Jay Rodríguez,Centre-Forward
2009/10,Burnley FC,Joey Gudjónsson,Central Midfield
2009/10,Burnley FC,Kevin McDonald,Defensive Midfield
2009/10,Burnley FC,Leon Cort,Centre-Back
2009/10,Burnley FC,Martin Paterson,Centre-Forward
2009/10,Burnley FC,Michael Duff,Centre-Back
2009/10,Burnley FC,Nicky Weaver,Goalkeeper
2009/10,Burnley FC,Richard Eckersley,Right-Back
2009/10,Burnley FC,Robbie Blake,Second Striker
2009/10,Burnley FC,Stephen Jordan,Centre-Back
2009/10,Burnley FC,Steven Caldwell,Centre-Back
2009/10,Burnley FC,Steven Fletcher,Centre-Forward
2009/10,Burnley FC,Steven Thompson,Centre-Forward
2009/10,Burnley FC,Tyrone Mears,Right-Back
2009/10,Burnley FC,Wade Elliott,Attacking Midfield
2009/10,Chelsea,Alex,Centre-Back
2009/10,Chelsea,Andriy Shevchenko,Centre-Forward
2009/10,Chelsea,Ashley Cole,Left-Back
2009/10,Chelsea,Bosingwa,Right-Back
2009/10,Chelsea,Branislav Ivanovic,Right-Back
2009/10,Chelsea,Daniel Sturridge,Centre-Forward
2009/10,Chelsea,Deco,Attacking Midfield
2009/10,Chelsea,Didier Drogba,Centre-Forward
2009/10,Chelsea,Fabio Borini,Centre-Forward
2009/10,Chelsea,Florent Malouda,Left Winger
2009/10,Chelsea,Franco Di Santo,Centre-Forward
2009/10,Chelsea,Frank Lampard,Central Midfield
2009/10,Chelsea,Gaël Kakuta,Attacking Midfield
2009/10,Chelsea,Hilário,Goalkeeper
2009/10,Chelsea,Jeffrey Bruma,Centre-Back
2009/10,Chelsea,Joe Cole,Attacking Midfield
2009/10,Chelsea,John Obi Mikel,Defensive Midfield
2009/10,Chelsea,John Terry,Centre-Back
2009/10,Chelsea,Juliano Belletti,Right-Back
2009/10,Chelsea,Michael Ballack,Central Midfield
2009/10,Chelsea,Michael Essien,Defensive Midfield
2009/10,Chelsea,Michael Mancienne,Centre-Back
2009/10,Chelsea,Nemanja Matić,Defensive Midfield
2009/10,Chelsea,Nicolas Anelka,Centre-Forward
2009/10,Chelsea,Patrick van Aanholt,Left-Back
2009/10,Chelsea,Paulo Ferreira,Right-Back
2009/10,Chelsea,Petr Cech,Goalkeeper
2009/10,Chelsea,Ricardo Carvalho,Centre-Back
2009/10,Chelsea,Ross Turnbull,Goalkeeper
2009/10,Chelsea,Salomon Kalou,Left Winger
2009/10,Chelsea,Sam Hutchinson,Defensive Midfield
2009/10,Chelsea,Scott Sinclair,Left Winger
2009/10,Chelsea,Yuriy Zhirkov,Left Midfield
2009/10,Everton,Adam Forshaw,Central Midfield
2009/10,Everton,Carlo Nash,Goalkeeper
2009/10,Everton,Conor McAleny,Centre-Forward
2009/10,Everton,Dan Gosling,Central Midfield
2009/10,Everton,Diniyar Bilyaletdinov,Attacking Midfield
2009/10,Everton,Hope Akpan,Central Midfield
2009/10,Everton,Iain Turner,Goalkeeper
2009/10,Everton,Jack Rodwell,Centre-Back
2009/10,Everton,Jake Bidwell,Left-Back
2009/10,Everton,James Vaughan,Centre-Forward
2009/10,Everton,James Wallace,Central Midfield
2009/10,Everton,John Heitinga,Centre-Back
2009/10,Everton,John Ruddy,Goalkeeper
2009/10,Everton,Joleon Lescott,Centre-Back
2009/10,Everton,Jose Baxter,Attacking Midfield
2009/10,Everton,Joseph Yobo,Centre-Back
2009/10,Everton,Jô,Centre-Forward
2009/10,Everton,Kieran Agard,Centre-Forward
2009/10,Everton,Landon Donovan,Centre-Forward
2009/10,Everton,Leighton Baines,Left-Back
2009/10,Everton,Leon Osman,Central Midfield
2009/10,Everton,Louis Saha,Centre-Forward
2009/10,Everton,Lucas Neill,Right-Back
2009/10,Everton,Lukas Jutkiewicz,Centre-Forward
2009/10,Everton,Luke Garbutt,Left-Back
2009/10,Everton,Marouane Fellaini,Central Midfield
2009/10,Everton,Mikel Arteta,Central Midfield
2009/10,Everton,Nathan Craig,Left-Back
2009/10,Everton,Phil Jagielka,Centre-Back
2009/10,Everton,Phil Neville,Right-Back
2009/10,Everton,Philippe Senderos,Centre-Back
2009/10,Everton,Shane Duffy,Centre-Back
2009/10,Everton,Shkodran Mustafi,Centre-Back
2009/10,Everton,Steven Pienaar,Left Midfield
2009/10,Everton,Sylvain Distin,Centre-Back
2009/10,Everton,Séamus Coleman,Right-Back
2009/10,Everton,Tim Cahill,Attacking Midfield
2009/10,Everton,Tim Howard,Goalkeeper
2009/10,Everton,Tony Hibbert,Right-Back
2009/10,Everton,Toto Nsiala,Centre-Back
2009/10,Everton,Victor Anichebe,Centre-Forward
2009/10,Everton,Yakubu,Centre-Forward
2009/10,Fulham,Aaron Hughes,Centre-Back
2009/10,Fulham,Adam Watts,Centre-Back
2009/10,Fulham,Alex Smith,Central Midfield
2009/10,Fulham,Andranik Teymourian,Central Midfield
2009/10,Fulham,Andy Johnson,Centre-Forward
2009/10,Fulham,Bjørn Helge Riise,Central Midfield
2009/10,Fulham,Bobby Zamora,Centre-Forward
2009/10,Fulham,Brede Hangeland,Centre-Back
2009/10,Fulham,Chris Baird,Defensive Midfield
2009/10,Fulham,Chris Smalling,Centre-Back
2009/10,Fulham,Christopher Buchtmann,Central Midfield
2009/10,Fulham,Clint Dempsey,Second Striker
2009/10,Fulham,Damien Duff,Right Midfield
2009/10,Fulham,Danny Murphy,Central Midfield
2009/10,Fulham,David Elm,Centre-Forward
2009/10,Fulham,David Stockdale,Goalkeeper
2009/10,Fulham,Dickson Etuhu,Defensive Midfield
2009/10,Fulham,Diomansy Kamara,Right Winger
2009/10,Fulham,Eddie Johnson,Centre-Forward
2009/10,Fulham,Erik Nevland,Centre-Forward
2009/10,Fulham,Fredrik Stoor Siekkinen,Right-Back
2009/10,Fulham,Joe Anderson,Left-Back
2009/10,Fulham,John Paintsil,Right-Back
2009/10,Fulham,Jonathan Greening,Central Midfield
2009/10,Fulham,Kagisho Dikgacoi,Central Midfield
2009/10,Fulham,Keanu Marsh-Brown,Right Winger
2009/10,Fulham,Ki-hyeon Seol,Right Winger
2009/10,Fulham,Mark Schwarzer,Goalkeeper
2009/10,Fulham,Matthew Briggs,Centre-Back
2009/10,Fulham,Matthew Saunders,Central Midfield
2009/10,Fulham,Michael Uwezu,Attacking Midfield
2009/10,Fulham,Nicky Shorey,Left-Back
2009/10,Fulham,Pascal Zuberbühler,Goalkeeper
2009/10,Fulham,Paul Konchesky,Left-Back
2009/10,Fulham,Rob Milsom,Left-Back
2009/10,Fulham,Simon Davies,Right Midfield
2009/10,Fulham,Stefano Okaka,Centre-Forward
2009/10,Fulham,Stephen Kelly,Right-Back
2009/10,Fulham,Toni Kallio,Centre-Back
2009/10,Fulham,Wayne Brown,Attacking Midfield
2009/10,Fulham,Zoltán Gera,Attacking Midfield
2009/10,Hull,Amr Zaki,Centre-Forward
2009/10,Hull,Andy Dawson,Left-Back
2009/10,Hull,Anthony Gardner,Centre-Back
2009/10,Hull,Bernard Mendy,Right-Back
2009/10,Hull,Boaz Myhill,Goalkeeper
2009/10,Hull,Caleb Folan,Centre-Forward
2009/10,Hull,Craig Fagan,Centre-Forward
2009/10,Hull,Daniel Cousin,Centre-Forward
2009/10,Hull,Dean Marney,Central Midfield
2009/10,Hull,George Boateng,Defensive Midfield
2009/10,Hull,Geovanni,Attacking Midfield
2009/10,Hull,Ian Ashbee,Defensive Midfield
2009/10,Hull,Ibrahima Sonko,Centre-Back
2009/10,Hull,Jamie Devitt,Attacking Midfield
2009/10,Hull,Jan Vennegoor of Hesselink,Centre-Forward
2009/10,Hull,Jimmy Bullard,Central Midfield
2009/10,Hull,Jozy Altidore,Centre-Forward
2009/10,Hull,Kamel Ghilas,Second Striker
2009/10,Hull,Kamil Zayatte,Centre-Back
2009/10,Hull,Kevin Kilbane,Left Midfield
2009/10,Hull,Liam Cooper,Centre-Back
2009/10,Hull,Mark Cullen,Centre-Forward
2009/10,Hull,Matt Duke,Goalkeeper
2009/10,Hull,Michael Turner,Centre-Back
2009/10,Hull,Nathan Doyle,Defensive Midfield
2009/10,Hull,Nick Barmby,Left Midfield
2009/10,Hull,Nicky Featherstone,Central Midfield
2009/10,Hull,Paul McShane,Centre-Back
2009/10,Hull,Péter Halmosi,Left Midfield
2009/10,Hull,Richard García,Second Striker
2009/10,Hull,Ryan Kendall,Striker
2009/10,Hull,Seyi Olofinjana,Central Midfield
2009/10,Hull,Stephen Hunt,Left Midfield
2009/10,Hull,Steven Mouyokolo,Centre-Back
2009/10,Hull,Tom Cairney,Central Midfield
2009/10,Hull,Tony Warner,Goalkeeper
2009/10,Hull,Will Atkinson,Central Midfield
2009/10,Liverpool,Albert Riera,Left Midfield
2009/10,Liverpool,Alberto Aquilani,Central Midfield
2009/10,Liverpool,Andrea Dossena,Left Midfield
2009/10,Liverpool,Andriy Voronin,Second Striker
2009/10,Liverpool,Damien Plessis,Defensive Midfield
2009/10,Liverpool,Dani Pacheco,Defensive Midfield
2009/10,Liverpool,Daniel Agger,Centre-Back
2009/10,Liverpool,Daniel Ayala,Centre-Back
2009/10,Liverpool,David N'Gog,Centre-Forward
2009/10,Liverpool,Diego Cavalieri,Goalkeeper
2009/10,Liverpool,Dirk Kuyt,Right Winger
2009/10,Liverpool,Emiliano Insúa,Left-Back
2009/10,Liverpool,Fernando Torres,Centre-Forward
2009/10,Liverpool,Fábio Aurélio,Left-Back
2009/10,Liverpool,Glen Johnson,Right-Back
2009/10,Liverpool,Jamie Carragher,Centre-Back
2009/10,Liverpool,Javier Mascherano,Defensive Midfield
2009/10,Liverpool,Jay Spearing,Defensive Midfield
2009/10,Liverpool,Lucas Leiva,Defensive Midfield
2009/10,Liverpool,Martin Kelly,Right-Back
2009/10,Liverpool,Martin Skrtel,Centre-Back
2009/10,Liverpool,Maxi Rodríguez,Left Winger
2009/10,Liverpool,Nabil El Zhar,Right Winger
2009/10,Liverpool,Pepe Reina,Goalkeeper
2009/10,Liverpool,Philipp Degen,Right-Back
2009/10,Liverpool,Robbie Threlfall,Left-Back
2009/10,Liverpool,Ryan Babel,Left Winger
2009/10,Liverpool,Sotiris Kyrgiakos,Centre-Back
2009/10,Liverpool,Stephen Darby,Right-Back
2009/10,Liverpool,Steven Gerrard,Central Midfield
2009/10,Liverpool,Yossi Benayoun,Right Winger
2009/10,Man City,Abdisalam Ibrahim,Central Midfield
2009/10,Man City,Adam Johnson,Right Winger
2009/10,Man City,Alex Nimely,Centre-Forward
2009/10,Man City,Andrew Tutte,Central Midfield
2009/10,Man City,Benjani,Centre-Forward
2009/10,Man City,Carlos Tévez,Centre-Forward
2009/10,Man City,Craig Bellamy,Left Winger
2009/10,Man City,David Ball,Centre-Forward
2009/10,Man City,Dedryck Boyata,Centre-Back
2009/10,Man City,Emmanuel Adebayor,Centre-Forward
2009/10,Man City,Gareth Barry,Defensive Midfield
2009/10,Man City,Greg Cunningham,Centre-Back
2009/10,Man City,Gunnar Nielsen,Goalkeeper
2009/10,Man City,Javan Vidal,Right-Back
2009/10,Man City,Javier Garrido,Left-Back
2009/10,Man City,Joe Hart,Goalkeeper
2009/10,Man City,Joleon Lescott,Centre-Back
2009/10,Man City,Kelvin Etuhu,Defensive Midfield
2009/10,Man City,Kieran Trippier,Right-Back
2009/10,Man City,Kolo Touré,Centre-Back
2009/10,Man City,Martin Petrov,Left Winger
2009/10,Man City,Micah Richards,Right-Back
2009/10,Man City,Michael Johnson,Defensive Midfield
2009/10,Man City,Márton Fülöp,Goalkeeper
2009/10,Man City,Nedum Onuoha,Centre-Back
2009/10,Man City,Nigel de Jong,Defensive Midfield
2009/10,Man City,Pablo Zabaleta,Right-Back
2009/10,Man City,Patrick Vieira,Defensive Midfield
2009/10,Man City,Richard Dunne,Centre-Back
2009/10,Man City,Robinho,Left Winger
2009/10,Man City,Roque Santa Cruz,Centre-Forward
2009/10,Man City,Scott Kay,Central Midfield
2009/10,Man City,Shaun Wright-Phillips,Right Winger
2009/10,Man City,Shay Given,Goalkeeper
2009/10,Man City,Stephen Ireland,Attacking Midfield
2009/10,Man City,Stuart Taylor,Goalkeeper
2009/10,Man City,Sylvinho,Left-Back
2009/10,Man City,Vincent Kompany,Centre-Back
2009/10,Man City,Vladimir Weiss,Left Winger
2009/10,Man City,Wayne Bridge,Left-Back
2009/10,Man United,Anderson,Central Midfield
2009/10,Man United,Antonio Valencia,Right-Back
2009/10,Man United,Ben Amos,Goalkeeper
2009/10,Man United,Ben Foster,Goalkeeper
2009/10,Man United,Danny Welbeck,Centre-Forward
2009/10,Man United,Darren Fletcher,Central Midfield
2009/10,Man United,Darron Gibson,Central Midfield
2009/10,Man United,Dimitar Berbatov,Centre-Forward
2009/10,Man United,Edwin van der Sar,Goalkeeper
2009/10,Man United,Federico Macheda,Centre-Forward
2009/10,Man United,Fábio,Right-Back
2009/10,Man United,Gabriel Obertan,Right Winger
2009/10,Man United,Gary Neville,Right-Back
2009/10,Man United,Ji-sung Park,Attacking Midfield
2009/10,Man United,John O'Shea,Centre-Back
2009/10,Man United,Jonny Evans,Centre-Back
2009/10,Man United,Mame Diouf,Centre-Forward
2009/10,Man United,Michael Carrick,Defensive Midfield
2009/10,Man United,Michael Owen,Centre-Forward
2009/10,Man United,Nani,Left Winger
2009/10,Man United,Nemanja Vidic‎,Centre-Back
2009/10,Man United,Owen Hargreaves,Defensive Midfield
2009/10,Man United,Patrice Evra,Left-Back
2009/10,Man United,Paul Scholes,Central Midfield
2009/10,Man United,Rafael,Right-Back
2009/10,Man United,Rio Ferdinand,Centre-Back
2009/10,Man United,Ritchie De Laet,Right-Back
2009/10,Man United,Rodrigo Possebon,Central Midfield
2009/10,Man United,Ryan Giggs,Left Midfield
2009/10,Man United,Tomasz Kuszczak,Goalkeeper
2009/10,Man United,Wayne Rooney,Centre-Forward
2009/10,Man United,Wes Brown,Centre-Back
2009/10,Man United,Zoran Tosic,Right Winger
2009/10,Portsmouth,Aaron Mokoena,Centre-Back
2009/10,Portsmouth,Angelos Basinas,Defensive Midfield
2009/10,Portsmouth,Anthony Vanden Borre,Right-Back
2009/10,Portsmouth,Antti Niemi,Goalkeeper
2009/10,Portsmouth,Aruna Dindane,Second Striker
2009/10,Portsmouth,Asmir Begovic,Goalkeeper
2009/10,Portsmouth,Danny Webber,Centre-Forward
2009/10,Portsmouth,David James,Goalkeeper
2009/10,Portsmouth,David Nugent,Centre-Forward
2009/10,Portsmouth,Dusko Tosic,Centre-Back
2009/10,Portsmouth,Frédéric Piquionne,Centre-Forward
2009/10,Portsmouth,Gauthier Mahoto,Defensive Midfield
2009/10,Portsmouth,Gaël N'Lundulu,Left Winger
2009/10,Portsmouth,Hassan Yebda,Central Midfield
2009/10,Portsmouth,Hayden Mullins,Defensive Midfield
2009/10,Portsmouth,Hermann Hreidarsson,Left-Back
2009/10,Portsmouth,James Hurst,Centre-Back
2009/10,Portsmouth,Jamie Ashdown,Goalkeeper
2009/10,Portsmouth,Jamie O'Hara,Central Midfield
2009/10,Portsmouth,Joel Edwards,Centre-Back
2009/10,Portsmouth,Joel Ward,Right-Back
2009/10,Portsmouth,John Utaka,Left Winger
2009/10,Portsmouth,Kevin-Prince Boateng,Attacking Midfield
2009/10,Portsmouth,Lennard Sowah,Left-Back
2009/10,Portsmouth,Liam O'Brien,Goalkeeper
2009/10,Portsmouth,Linvoy Primus,Centre-Back
2009/10,Portsmouth,Luke Wilkinson,Centre-Back
2009/10,Portsmouth,Marc Wilson,Centre-Back
2009/10,Portsmouth,Marlon Pack,Central Midfield
2009/10,Portsmouth,Matt Ritchie,Right Midfield
2009/10,Portsmouth,Michael Brown,Central Midfield
2009/10,Portsmouth,Mike Williamson,Centre-Back
2009/10,Portsmouth,Nadir Belhadj,Left-Back
2009/10,Portsmouth,Nadir Çiftçi,Centre-Forward
2009/10,Portsmouth,Niko Kranjcar,Attacking Midfield
2009/10,Portsmouth,Nwankwo Kanu,Centre-Forward
2009/10,Portsmouth,Papa Bouba Diop,Defensive Midfield
2009/10,Portsmouth,Quincy Owusu-Abeyie,Left Winger
2009/10,Portsmouth,Ricardo Rocha,Centre-Back
2009/10,Portsmouth,Richard Hughes,Defensive Midfield
2009/10,Portsmouth,Steve Finnan,Right-Back
2009/10,Portsmouth,Sylvain Distin,Centre-Back
2009/10,Portsmouth,Tal Ben Haim,Centre-Back
2009/10,Portsmouth,Tommy Smith,Centre-Forward
2009/10,Portsmouth,Younès Kaboul,Centre-Back
2009/10,Stoke,Abdoulaye Faye,Centre-Back
2009/10,Stoke,Amdy Faye,Defensive Midfield
2009/10,Stoke,Andrew Davies,Centre-Back
2009/10,Stoke,Andy Griffin,Right-Back
2009/10,Stoke,Andy Wilkinson,Right-Back
2009/10,Stoke,Asmir Begovic,Goalkeeper
2009/10,Stoke,Ben Marshall,Right Midfield
2009/10,Stoke,Carl Dickinson,Left-Back
2009/10,Stoke,Danny Collins,Centre-Back
2009/10,Stoke,Danny Higginbotham,Centre-Back
2009/10,Stoke,Danny Pugh,Left-Back
2009/10,Stoke,Danzelle St Louis-Hamilton,Goalkeeper
2009/10,Stoke,Dave Kitson,Centre-Forward
2009/10,Stoke,Dave Parton,Goalkeeper
2009/10,Stoke,Dean Whitehead,Central Midfield
2009/10,Stoke,Diego Arismendi,Defensive Midfield
2009/10,Stoke,Glenn Whelan,Defensive Midfield
2009/10,Stoke,Ibrahima Sonko,Centre-Back
2009/10,Stoke,James Beattie,Centre-Forward
2009/10,Stoke,Leon Cort,Centre-Back
2009/10,Stoke,Liam Lawrence,Attacking Midfield
2009/10,Stoke,Louis Moult,Centre-Forward
2009/10,Stoke,Mamady Sidibé,Centre-Forward
2009/10,Stoke,Matthew Etherington,Left Midfield
2009/10,Stoke,Matty Lund,Central Midfield
2009/10,Stoke,Michael Tonge,Central Midfield
2009/10,Stoke,Nat Wedderburn,Defensive Midfield
2009/10,Stoke,Ricardo Fuller,Centre-Forward
2009/10,Stoke,Richard Cresswell,Centre-Forward
2009/10,Stoke,Robert Huth,Centre-Back
2009/10,Stoke,Rory Delap,Central Midfield
2009/10,Stoke,Ryan Shawcross,Centre-Back
2009/10,Stoke,Ryan Shotton,Centre-Back
2009/10,Stoke,Salif Diao,Defensive Midfield
2009/10,Stoke,Steve Simonsen,Goalkeeper
2009/10,Stoke,Thomas Sörensen,Goalkeeper
2009/10,Stoke,Tom Soares,Central Midfield
2009/10,Stoke,Tuncay Şanlı,Left Winger
2009/10,Sunderland,Adam Reed,Defensive Midfield
2009/10,Sunderland,Alan Hutton,Right-Back
2009/10,Sunderland,Andy Reid,Left Midfield
2009/10,Sunderland,Anton Ferdinand,Centre-Back
2009/10,Sunderland,Benjani,Centre-Forward
2009/10,Sunderland,Boudewijn Zenden,Left Winger
2009/10,Sunderland,Carlos Edwards,Right-Back
2009/10,Sunderland,Craig Gordon,Goalkeeper
2009/10,Sunderland,Danny Collins,Centre-Back
2009/10,Sunderland,Darren Bent,Centre-Forward
2009/10,Sunderland,Daryl Murphy,Centre-Forward
2009/10,Sunderland,David Healy,Centre-Forward
2009/10,Sunderland,David Meyler,Central Midfield
2009/10,Sunderland,Fraizer Campbell,Centre-Forward
2009/10,Sunderland,George McCartney,Left-Back
2009/10,Sunderland,Grant Leadbitter,Central Midfield
2009/10,Sunderland,Jack Colback,Defensive Midfield
2009/10,Sunderland,Jean-Yves M'voto,Centre-Back
2009/10,Sunderland,John Mensah,Centre-Back
2009/10,Sunderland,Jordan Henderson,Defensive Midfield
2009/10,Sunderland,Kenwyne Jones,Centre-Forward
2009/10,Sunderland,Kieran Richardson,Left-Back
2009/10,Sunderland,Lee Cattermole,Defensive Midfield
2009/10,Sunderland,Liam Noble,Central Midfield
2009/10,Sunderland,Lorik Cana,Defensive Midfield
2009/10,Sunderland,Matthew Kilgallon,Centre-Back
2009/10,Sunderland,Michael Liddle,Left-Back
2009/10,Sunderland,Michael Turner,Centre-Back
2009/10,Sunderland,Márton Fülöp,Goalkeeper
2009/10,Sunderland,Nyron Nosworthy,Centre-Back
2009/10,Sunderland,Paulo da Silva,Centre-Back
2009/10,Sunderland,Phil Bardsley,Right-Back
2009/10,Sunderland,Roy O'Donovan,Centre-Forward
2009/10,Sunderland,Russell Anderson,Centre-Back
2009/10,Sunderland,Ryan Noble,Centre-Forward
2009/10,Sunderland,Steed Malbranque,Left Midfield
2009/10,Sunderland,Teemu Tainio,Defensive Midfield
2009/10,Sunderland,Trevor Carson,Goalkeeper
2009/10,Tottenham,Aaron Lennon,Right Winger
2009/10,Tottenham,Adel Taarabt,Central Midfield
2009/10,Tottenham,Alan Hutton,Right-Back
2009/10,Tottenham,Andros Townsend,Right Winger
2009/10,Tottenham,Ben Alnwick,Goalkeeper
2009/10,Tottenham,Benoît Assou-Ekotto,Left-Back
2009/10,Tottenham,Carlo Cudicini,Goalkeeper
2009/10,Tottenham,Danny Rose,Left-Back
2009/10,Tottenham,David Bentley,Right Midfield
2009/10,Tottenham,David Button,Goalkeeper
2009/10,Tottenham,Dean Parrett,Central Midfield
2009/10,Tottenham,Dorian Dervite,Centre-Back
2009/10,Tottenham,Eidur Gudjohnsen,Centre-Forward
2009/10,Tottenham,Gareth Bale,Right Winger
2009/10,Tottenham,Giovani dos Santos,Second Striker
2009/10,Tottenham,Harry Kane,Centre-Forward
2009/10,Tottenham,Heurelho Gomes,Goalkeeper
2009/10,Tottenham,Jake Livermore,Defensive Midfield
2009/10,Tottenham,Jamie O'Hara,Central Midfield
2009/10,Tottenham,Jermain Defoe,Centre-Forward
2009/10,Tottenham,Jermaine Jenas,Central Midfield
2009/10,Tottenham,Jimmy Walker,Goalkeeper
2009/10,Tottenham,Jonathan Woodgate,Centre-Back
2009/10,Tottenham,Kevin-Prince Boateng,Attacking Midfield
2009/10,Tottenham,Kyle Naughton,Right-Back
2009/10,Tottenham,Kyle Walker,Right-Back
2009/10,Tottenham,Ledley King,Centre-Back
2009/10,Tottenham,Luka Modrić,Central Midfield
2009/10,Tottenham,Michael Dawson,Centre-Back
2009/10,Tottenham,Niko Kranjcar,Attacking Midfield
2009/10,Tottenham,Pascal Chimbonda,Right-Back
2009/10,Tottenham,Paul-José Mpoku,Attacking Midfield
2009/10,Tottenham,Peter Crouch,Centre-Forward
2009/10,Tottenham,Robbie Keane,Centre-Forward
2009/10,Tottenham,Roman Pavlyuchenko,Centre-Forward
2009/10,Tottenham,Ryan Fredericks,Right-Back
2009/10,Tottenham,Sébastien Bassong,Centre-Back
2009/10,Tottenham,Tom Huddlestone,Defensive Midfield
2009/10,Tottenham,Vedran Corluka,Centre-Back
2009/10,Tottenham,Wilson Palacios,Defensive Midfield
2009/10,Tottenham,Younès Kaboul,Centre-Back
2009/10,West Ham,Alessandro Diamanti,Attacking Midfield
2009/10,West Ham,Anthony Edgar,Left Winger
2009/10,West Ham,Benni McCarthy,Centre-Forward
2009/10,West Ham,Bondz N'Gala,Centre-Back
2009/10,West Ham,Carlton Cole,Centre-Forward
2009/10,West Ham,Danny Gabbidon,Centre-Back
2009/10,West Ham,Fabio Daprelà,Centre-Back
2009/10,West Ham,Frank Nouble,Centre-Forward
2009/10,West Ham,Freddie Sears,Second Striker
2009/10,West Ham,Guillermo Franco,Centre-Forward
2009/10,West Ham,Hérita Ilunga,Left-Back
2009/10,West Ham,Ilan,Centre-Forward
2009/10,West Ham,Jack Collison,Central Midfield
2009/10,West Ham,James Collins,Centre-Back
2009/10,West Ham,James Tomkins,Centre-Back
2009/10,West Ham,Jonathan Spector,Centre-Back
2009/10,West Ham,Jordan Spence,Right-Back
2009/10,West Ham,Josh Payne,Defensive Midfield
2009/10,West Ham,Julien Faubert,Right-Back
2009/10,West Ham,Junior Stanislas,Left Winger
2009/10,West Ham,Kieron Dyer,Right Midfield
2009/10,West Ham,Luis Jiménez,Attacking Midfield
2009/10,West Ham,Luís Boa Morte,Left Midfield
2009/10,West Ham,Manuel da Costa,Centre-Back
2009/10,West Ham,Marek Stech,Goalkeeper
2009/10,West Ham,Mark Noble,Central Midfield
2009/10,West Ham,Matthew Upson,Centre-Back
2009/10,West Ham,Mido,Centre-Forward
2009/10,West Ham,Olly Lee,Central Midfield
2009/10,West Ham,Péter Kurucz,Goalkeeper
2009/10,West Ham,Radoslav Kovac,Centre-Back
2009/10,West Ham,Rob Green,Goalkeeper
2009/10,West Ham,Savio Nsereko,Right Winger
2009/10,West Ham,Scott Parker,Central Midfield
2009/10,West Ham,Valon Behrami,Central Midfield
2009/10,West Ham,Zavon Hines,Right Winger
2009/10,Wigan,Antonio Amaya,Centre-Back
2009/10,Wigan,Ben Watson,Central Midfield
2009/10,Wigan,Callum McManaman,Right Winger
2009/10,Wigan,Charles N'Zogbia,Right Winger
2009/10,Wigan,Chris Kirkland,Goalkeeper
2009/10,Wigan,Daniël de Ridder,Left Winger
2009/10,Wigan,Emmerson Boyce,Right-Back
2009/10,Wigan,Erik Edman,Left-Back
2009/10,Wigan,Gary Caldwell,Centre-Back
2009/10,Wigan,Hendry Thomas,Defensive Midfield
2009/10,Wigan,Hugo Rodallega,Centre-Forward
2009/10,Wigan,James McCarthy,Central Midfield
2009/10,Wigan,Jason Koumas,Attacking Midfield
2009/10,Wigan,Jason Scotland,Centre-Forward
2009/10,Wigan,Jordi Gómez,Central Midfield
2009/10,Wigan,Lee Nicholls,Goalkeeper
2009/10,Wigan,Marcelo Martins,Centre-Forward
2009/10,Wigan,Mario Melchiot,Right-Back
2009/10,Wigan,Marlon King,Centre-Forward
2009/10,Wigan,Maynor Figueroa,Left-Back
2009/10,Wigan,Michael Brown,Central Midfield
2009/10,Wigan,Mike Pollitt,Goalkeeper
2009/10,Wigan,Mohamed Diamé,Central Midfield
2009/10,Wigan,Olivier Kapo,Attacking Midfield
2009/10,Wigan,Paul Scharner,Defensive Midfield
2009/10,Wigan,Rachid Bouaouzan,Left Midfield
2009/10,Wigan,Richard Kingston,Goalkeeper
2009/10,Wigan,Scott Sinclair,Left Winger
2009/10,Wigan,Steve Gohouri,Centre-Back
2009/10,Wigan,Titus Bramble,Centre-Back
2009/10,Wigan,Tomasz Cywka,Defensive Midfield
2009/10,Wigan,Tomasz Kupisz,Right Winger
2009/10,Wigan,Victor Moses,Right Winger
2009/10,Wigan,Vladimir Stojkovic,Goalkeeper
2009/10,Wigan,Won-hee Cho,Defensive Midfield
2009/10,Wolves,Adlène Guédioura,Defensive Midfield
2009/10,Wolves,Andrew Surman,Central Midfield
2009/10,Wolves,Andy Keogh,Centre-Forward
2009/10,Wolves,Carl Ikeme,Goalkeeper
2009/10,Wolves,Chris Iwelumo,Centre-Forward
2009/10,Wolves,Christophe Berra,Centre-Back
2009/10,Wolves,Dan Jones,Left-Back
2009/10,Wolves,Darren Ward,Centre-Back
2009/10,Wolves,David Edwards,Central Midfield
2009/10,Wolves,David Jones,Central Midfield
2009/10,Wolves,Geoffrey Mujangi Bia,Right Winger
2009/10,Wolves,George Elokobi,Centre-Back
2009/10,Wolves,George Friend,Left-Back
2009/10,Wolves,Greg Halford,Centre-Back
2009/10,Wolves,James Spray,Centre-Forward
2009/10,Wolves,Jason Shackell,Centre-Back
2009/10,Wolves,Jody Craddock,Centre-Back
2009/10,Wolves,Karl Henry,Defensive Midfield
2009/10,Wolves,Kevin Doyle,Centre-Forward
2009/10,Wolves,Kevin Foley,Right-Back
2009/10,Wolves,Marcus Hahnemann,Goalkeeper
2009/10,Wolves,Matt Hill,Left-Back
2009/10,Wolves,Matt Jarvis,Left Winger
2009/10,Wolves,Matt Murray,Goalkeeper
2009/10,Wolves,Michael Kightly,Left Winger
2009/10,Wolves,Michael Mancienne,Centre-Back
2009/10,Wolves,Nathaniel Méndez-Laing,Right Winger
2009/10,Wolves,Neill Collins,Centre-Back
2009/10,Wolves,Nenad Milijas,Central Midfield
2009/10,Wolves,Richard Stearman,Centre-Back
2009/10,Wolves,Ronald Zubar,Centre-Back
2009/10,Wolves,Sam Vokes,Centre-Forward
2009/10,Wolves,Segundo Castillo,Defensive Midfield
2009/10,Wolves,Stefan Maierhofer,Centre-Forward
2009/10,Wolves,Stephen Ward,Left-Back
2009/10,Wolves,Sylvan Ebanks-Blake,Centre-Forward
2009/10,Wolves,Wayne Hennessey,Goalkeeper
2010/11,Arsenal,Aaron Ramsey,Central Midfield
2010/11,Arsenal,Abou Diaby,Central Midfield
2010/11,Arsenal,Alex Song,Defensive Midfield
2010/11,Arsenal,Andrey Arshavin,Left Winger
2010/11,Arsenal,Bacary Sagna,Right-Back
2010/11,Arsenal,Carlos Vela,Right Winger
2010/11,Arsenal,Cesc Fàbregas,Central Midfield
2010/11,Arsenal,Conor Henderson,Central Midfield
2010/11,Arsenal,Craig Eastmond,Central Midfield
2010/11,Arsenal,Denílson,Defensive Midfield
2010/11,Arsenal,Emmanuel Eboué,Right-Back
2010/11,Arsenal,Gaël Clichy,Left-Back
2010/11,Arsenal,Henri Lansbury,Central Midfield
2010/11,Arsenal,Håvard Nordtveit,Defensive Midfield
2010/11,Arsenal,Ignasi Miquel,Centre-Back
2010/11,Arsenal,Jack Wilshere,Central Midfield
2010/11,Arsenal,James Shea,Goalkeeper
2010/11,Arsenal,Jay Emmanuel-Thomas,Attacking Midfield
2010/11,Arsenal,Jens Lehmann,Goalkeeper
2010/11,Arsenal,Johan Djourou,Centre-Back
2010/11,Arsenal,Kieran Gibbs,Left-Back
2010/11,Arsenal,Laurent Koscielny,Centre-Back
2010/11,Arsenal,Lukasz Fabianski,Goalkeeper
2010/11,Arsenal,Manuel Almunia,Goalkeeper
2010/11,Arsenal,Marouane Chamakh,Centre-Forward
2010/11,Arsenal,Nicklas Bendtner,Centre-Forward
2010/11,Arsenal,Robin van Persie,Centre-Forward
2010/11,Arsenal,Samir Nasri,Attacking Midfield
2010/11,Arsenal,Sébastien Squillaci,Centre-Back
2010/11,Arsenal,Theo Walcott,Right Winger
2010/11,Arsenal,Thomas Vermaelen,Centre-Back
2010/11,Arsenal,Tomas Rosicky,Attacking Midfield
2010/11,Arsenal,Vito Mannone,Goalkeeper
2010/11,Arsenal,Wojciech Szczesny,Goalkeeper
2010/11,Aston Villa,Andreas Weimann,Centre-Forward
2010/11,Aston Villa,Andy Marshall,Goalkeeper
2010/11,Aston Villa,Ashley Young,Right-Back
2010/11,Aston Villa,Barry Bannan,Central Midfield
2010/11,Aston Villa,Brad Friedel,Goalkeeper
2010/11,Aston Villa,Brad Guzan,Goalkeeper
2010/11,Aston Villa,Carlos Cuéllar,Centre-Back
2010/11,Aston Villa,Chris Herd,Defensive Midfield
2010/11,Aston Villa,Ciaran Clark,Centre-Back
2010/11,Aston Villa,Curtis Davies,Centre-Back
2010/11,Aston Villa,Daniel Johnson,Central Midfield
2010/11,Aston Villa,Darren Bent,Centre-Forward
2010/11,Aston Villa,Emile Heskey,Centre-Forward
2010/11,Aston Villa,Eric Lichaj,Right-Back
2010/11,Aston Villa,Fabian Delph,Central Midfield
2010/11,Aston Villa,Gabriel Agbonlahor,Centre-Forward
2010/11,Aston Villa,Habib Beye,Right-Back
2010/11,Aston Villa,Isaiah Osbourne,Central Midfield
2010/11,Aston Villa,James Collins,Centre-Back
2010/11,Aston Villa,James Milner,Central Midfield
2010/11,Aston Villa,Jean Makoun,Defensive Midfield
2010/11,Aston Villa,John Carew,Centre-Forward
2010/11,Aston Villa,Jonathan Hogg,Defensive Midfield
2010/11,Aston Villa,Kyle Walker,Right-Back
2010/11,Aston Villa,Luke Young,Right-Back
2010/11,Aston Villa,Marc Albrighton,Right Midfield
2010/11,Aston Villa,Michael Bradley,Central Midfield
2010/11,Aston Villa,Moustapha Salifou,Attacking Midfield
2010/11,Aston Villa,Nathan Baker,Centre-Back
2010/11,Aston Villa,Nathan Delfouneso,Centre-Forward
2010/11,Aston Villa,Nigel Reo-Coker,Central Midfield
2010/11,Aston Villa,Richard Dunne,Centre-Back
2010/11,Aston Villa,Robert Pirès,Left Midfield
2010/11,Aston Villa,Shane Lowry,Centre-Back
2010/11,Aston Villa,Stephen Ireland,Attacking Midfield
2010/11,Aston Villa,Stephen Warnock,Left-Back
2010/11,Aston Villa,Steve Sidwell,Central Midfield
2010/11,Aston Villa,Stewart Downing,Left Midfield
2010/11,Aston Villa,Stiliyan Petrov,Central Midfield
2010/11,Birmingham,Akwasi Asante,Centre-Forward
2010/11,Birmingham,Aleksandr Hleb,Attacking Midfield
2010/11,Birmingham,Alpaslan Öztürk,Centre-Back
2010/11,Birmingham,Barry Ferguson,Defensive Midfield
2010/11,Birmingham,Ben Foster,Goalkeeper
2010/11,Birmingham,Cameron Jerome,Centre-Forward
2010/11,Birmingham,Colin Doyle,Goalkeeper
2010/11,Birmingham,Craig Gardner,Central Midfield
2010/11,Birmingham,Curtis Davies,Centre-Back
2010/11,Birmingham,David Bentley,Right Midfield
2010/11,Birmingham,David Murphy,Left-Back
2010/11,Birmingham,Enric Vallès,Central Midfield
2010/11,Birmingham,Fraser Kerr,Centre-Back
2010/11,Birmingham,Garry O'Connor,Centre-Forward
2010/11,Birmingham,James McFadden,Left Winger
2010/11,Birmingham,Jean Beausejour,Left-Back
2010/11,Birmingham,Jordon Mutch,Central Midfield
2010/11,Birmingham,Keith Fahey,Central Midfield
2010/11,Birmingham,Kevin Phillips,Centre-Forward
2010/11,Birmingham,Lee Bowyer,Central Midfield
2010/11,Birmingham,Liam Ridgewell,Centre-Back
2010/11,Birmingham,Maik Taylor,Goalkeeper
2010/11,Birmingham,Marcus Bent,Centre-Forward
2010/11,Birmingham,Martin Jiránek,Centre-Back
2010/11,Birmingham,Matt Derbyshire,Centre-Forward
2010/11,Birmingham,Míchel Madera,Central Midfield
2010/11,Birmingham,Nathan Redmond,Right Winger
2010/11,Birmingham,Nikola Zigic,Centre-Forward
2010/11,Birmingham,Obafemi Martins,Centre-Forward
2010/11,Birmingham,Roger Johnson,Centre-Back
2010/11,Birmingham,Scott Dann,Centre-Back
2010/11,Birmingham,Sebastian Larsson,Central Midfield
2010/11,Birmingham,Stephen Carr,Right-Back
2010/11,Birmingham,Stuart Parnaby,Right-Back
2010/11,Blackburn,Aaron Doran,Right Midfield
2010/11,Blackburn,Alan Judge,Central Midfield
2010/11,Blackburn,Amine Linganzi,Central Midfield
2010/11,Blackburn,Benjani,Centre-Forward
2010/11,Blackburn,Brett Emerton,Right Midfield
2010/11,Blackburn,Christopher Samba,Centre-Back
2010/11,Blackburn,David Dunn,Attacking Midfield
2010/11,Blackburn,El-Hadji Diouf,Centre-Forward
2010/11,Blackburn,Frank Fielding,Goalkeeper
2010/11,Blackburn,Gaël Givet,Centre-Back
2010/11,Blackburn,Grant Hanley,Centre-Back
2010/11,Blackburn,Hérold Goulon,Centre-Back
2010/11,Blackburn,Jason Brown,Goalkeeper
2010/11,Blackburn,Jason Lowe,Defensive Midfield
2010/11,Blackburn,Jason Roberts,Centre-Forward
2010/11,Blackburn,Jermaine Jones,Defensive Midfield
2010/11,Blackburn,Josh Morris,Left Midfield
2010/11,Blackburn,Junior Hoilett,Left Winger
2010/11,Blackburn,Keith Andrews,Central Midfield
2010/11,Blackburn,Lars Jacobsen,Right-Back
2010/11,Blackburn,Mame Diouf,Centre-Forward
2010/11,Blackburn,Mark Bunn,Goalkeeper
2010/11,Blackburn,Martin Olsson,Left-Back
2010/11,Blackburn,Mauro Formica,Attacking Midfield
2010/11,Blackburn,Morten Gamst Pedersen,Central Midfield
2010/11,Blackburn,Míchel Salgado,Right-Back
2010/11,Blackburn,Nikola Kalinić,Centre-Forward
2010/11,Blackburn,Pascal Chimbonda,Right-Back
2010/11,Blackburn,Paul Robinson,Goalkeeper
2010/11,Blackburn,Phil Jones,Centre-Back
2010/11,Blackburn,Robbie Cotton,Attacking Midfield
2010/11,Blackburn,Roque Santa Cruz,Centre-Forward
2010/11,Blackburn,Rubén Rochina,Right Winger
2010/11,Blackburn,Ryan Nelsen,Centre-Back
2010/11,Blackburn,Steven Nzonzi,Defensive Midfield
2010/11,Blackburn,Vincenzo Grella,Central Midfield
2010/11,Blackburn,Zurab Khizanishvili,Centre-Back
2010/11,Blackpool,Adam Dodd,Left-Back
2010/11,Blackpool,Alex Baptiste,Centre-Back
2010/11,Blackpool,Andy Reid,Left Midfield
2010/11,Blackpool,Ashley Eastham,Centre-Back
2010/11,Blackpool,Biko Bradnock-Brennan,Centre-Back
2010/11,Blackpool,Billy Clarke,Second Striker
2010/11,Blackpool,Brett Ormerod,Centre-Forward
2010/11,Blackpool,Charlie Adam,Central Midfield
2010/11,Blackpool,Chris Basham,Centre-Back
2010/11,Blackpool,Chris Kettings,Goalkeeper
2010/11,Blackpool,Craig Cathcart,Centre-Back
2010/11,Blackpool,DJ Campbell,Centre-Forward
2010/11,Blackpool,Danny Coid,Right-Back
2010/11,Blackpool,David Carney,Left Midfield
2010/11,Blackpool,David Vaughan,Defensive Midfield
2010/11,Blackpool,Dekel Keinan,Centre-Back
2010/11,Blackpool,Elliot Grandin,Attacking Midfield
2010/11,Blackpool,Gary Taylor-Fletcher,Right Winger
2010/11,Blackpool,Ian Evatt,Centre-Back
2010/11,Blackpool,Ishmel Demontagnac,Left Winger
2010/11,Blackpool,James Beattie,Centre-Forward
2010/11,Blackpool,Jason Euell,Left Winger
2010/11,Blackpool,Jason Puncheon,Central Midfield
2010/11,Blackpool,Josh Roberts,Defender
2010/11,Blackpool,Keith Southern,Central Midfield
2010/11,Blackpool,Kingsley Francis-Reynolds,Right Midfield
2010/11,Blackpool,Liam Tomsett,Central Midfield
2010/11,Blackpool,Louis Almond,Centre-Forward
2010/11,Blackpool,Ludovic Sylvestre,Central Midfield
2010/11,Blackpool,Luke Varney,Centre-Forward
2010/11,Blackpool,Malaury Martin,Defensive Midfield
2010/11,Blackpool,Mark Halstead,Goalkeeper
2010/11,Blackpool,Marlon Harewood,Centre-Forward
2010/11,Blackpool,Matt Gilks,Goalkeeper
2010/11,Blackpool,Matt Phillips,Right Winger
2010/11,Blackpool,Neal Eardley,Right-Back
2010/11,Blackpool,Pa Modou Jobe,Midfielder
2010/11,Blackpool,Paul Rachubka,Goalkeeper
2010/11,Blackpool,Richard Kingston,Goalkeeper
2010/11,Blackpool,Rob Edwards,Centre-Back
2010/11,Blackpool,Salaheddine Sbaï,Left-Back
2010/11,Blackpool,Sergey Kornilenko,Centre-Forward
2010/11,Blackpool,Stephen Crainey,Left-Back
2010/11,Blackpool,Stephen Husband,Central Midfield
2010/11,Blackpool,Tom Barkhuizen,Right Winger
2010/11,Bolton,Ali Al-Habsi,Goalkeeper
2010/11,Bolton,Andrew O'Brien,Centre-Back
2010/11,Bolton,Chung-yong Lee,Right Winger
2010/11,Bolton,Daniel Sturridge,Centre-Forward
2010/11,Bolton,Danny Ward,Centre-Forward
2010/11,Bolton,David Wheater,Centre-Back
2010/11,Bolton,Fabrice Muamba,Central Midfield
2010/11,Bolton,Gary Cahill,Centre-Back
2010/11,Bolton,Grétar Steinsson,Right-Back
2010/11,Bolton,Ivan Klasnic,Centre-Forward
2010/11,Bolton,Jlloyd Samuel,Left-Back
2010/11,Bolton,Joey O'Brien,Right-Back
2010/11,Bolton,Johan Elmander,Centre-Forward
2010/11,Bolton,Josh Vela,Central Midfield
2010/11,Bolton,Jussi Jääskeläinen,Goalkeeper
2010/11,Bolton,Kevin Davies,Centre-Forward
2010/11,Bolton,Marcos Alonso,Centre-Back
2010/11,Bolton,Mark Davies,Central Midfield
2010/11,Bolton,Martin Petrov,Left Winger
2010/11,Bolton,Matthew Taylor,Left Midfield
2010/11,Bolton,Michael O'Halloran,Right Winger
2010/11,Bolton,Paul Robinson,Left-Back
2010/11,Bolton,Ricardo Gardner,Left-Back
2010/11,Bolton,Rob Lainton,Goalkeeper
2010/11,Bolton,Robbie Blake,Second Striker
2010/11,Bolton,Rodrigo,Centre-Forward
2010/11,Bolton,Sam Ricketts,Right-Back
2010/11,Bolton,Sean Davis,Defensive Midfield
2010/11,Bolton,Stuart Holden,Central Midfield
2010/11,Bolton,Tamir Cohen,Central Midfield
2010/11,Bolton,Tom Eaves,Centre-Forward
2010/11,Bolton,Tope Obadeyi,Centre-Forward
2010/11,Bolton,Zat Knight,Centre-Back
2010/11,Bolton,Ádám Bogdán,Goalkeeper
2010/11,Chelsea,Alex,Centre-Back
2010/11,Chelsea,Ashley Cole,Left-Back
2010/11,Chelsea,Billy Clifford,Central Midfield
2010/11,Chelsea,Bosingwa,Right-Back
2010/11,Chelsea,Branislav Ivanovic,Right-Back
2010/11,Chelsea,Daniel Sturridge,Centre-Forward
2010/11,Chelsea,David Luiz,Centre-Back
2010/11,Chelsea,Didier Drogba,Centre-Forward
2010/11,Chelsea,Fabio Borini,Centre-Forward
2010/11,Chelsea,Fernando Torres,Centre-Forward
2010/11,Chelsea,Florent Malouda,Left Winger
2010/11,Chelsea,Frank Lampard,Central Midfield
2010/11,Chelsea,Gaël Kakuta,Attacking Midfield
2010/11,Chelsea,Hilário,Goalkeeper
2010/11,Chelsea,Jacob Mellis,Central Midfield
2010/11,Chelsea,Jacopo Sala,Central Midfield
2010/11,Chelsea,Jeffrey Bruma,Centre-Back
2010/11,Chelsea,John Obi Mikel,Defensive Midfield
2010/11,Chelsea,John Terry,Centre-Back
2010/11,Chelsea,Josh McEachran,Central Midfield
2010/11,Chelsea,Michael Essien,Defensive Midfield
2010/11,Chelsea,Michael Mancienne,Centre-Back
2010/11,Chelsea,Nathaniel Chalobah,Defensive Midfield
2010/11,Chelsea,Nicolas Anelka,Centre-Forward
2010/11,Chelsea,Patrick van Aanholt,Left-Back
2010/11,Chelsea,Paulo Ferreira,Right-Back
2010/11,Chelsea,Petr Cech,Goalkeeper
2010/11,Chelsea,Ramires,Central Midfield
2010/11,Chelsea,Ross Turnbull,Goalkeeper
2010/11,Chelsea,Ryan Bertrand,Left-Back
2010/11,Chelsea,Salomon Kalou,Left Winger
2010/11,Chelsea,Yossi Benayoun,Right Winger
2010/11,Chelsea,Yuriy Zhirkov,Left Midfield
2010/11,Everton,Adam Forshaw,Central Midfield
2010/11,Everton,Apostolos Vellios,Centre-Forward
2010/11,Everton,Conor McAleny,Centre-Forward
2010/11,Everton,Diniyar Bilyaletdinov,Attacking Midfield
2010/11,Everton,Iain Turner,Goalkeeper
2010/11,Everton,Jack Rodwell,Centre-Back
2010/11,Everton,James Vaughan,Centre-Forward
2010/11,Everton,Jan Mucha,Goalkeeper
2010/11,Everton,Jermaine Beckford,Centre-Forward
2010/11,Everton,John Heitinga,Centre-Back
2010/11,Everton,Jose Baxter,Attacking Midfield
2010/11,Everton,João Silva,Centre-Forward
2010/11,Everton,Leighton Baines,Left-Back
2010/11,Everton,Leon Osman,Central Midfield
2010/11,Everton,Louis Saha,Centre-Forward
2010/11,Everton,Magaye Gueye,Centre-Forward
2010/11,Everton,Marouane Fellaini,Central Midfield
2010/11,Everton,Mikel Arteta,Central Midfield
2010/11,Everton,Phil Jagielka,Centre-Back
2010/11,Everton,Phil Neville,Right-Back
2010/11,Everton,Ross Barkley,Central Midfield
2010/11,Everton,Shane Duffy,Centre-Back
2010/11,Everton,Shkodran Mustafi,Centre-Back
2010/11,Everton,Steven Pienaar,Left Midfield
2010/11,Everton,Sylvain Distin,Centre-Back
2010/11,Everton,Séamus Coleman,Right-Back
2010/11,Everton,Tim Cahill,Attacking Midfield
2010/11,Everton,Tim Howard,Goalkeeper
2010/11,Everton,Tony Hibbert,Right-Back
2010/11,Everton,Toto Nsiala,Centre-Back
2010/11,Everton,Victor Anichebe,Centre-Forward
2010/11,Everton,Yakubu,Centre-Forward
2010/11,Fulham,Aaron Hughes,Centre-Back
2010/11,Fulham,Andy Johnson,Centre-Forward
2010/11,Fulham,Bjørn Helge Riise,Central Midfield
2010/11,Fulham,Bobby Zamora,Centre-Forward
2010/11,Fulham,Brede Hangeland,Centre-Back
2010/11,Fulham,Carlos Salcido,Centre-Back
2010/11,Fulham,Chris Baird,Defensive Midfield
2010/11,Fulham,Clint Dempsey,Second Striker
2010/11,Fulham,Damien Duff,Right Midfield
2010/11,Fulham,Danny Hoesen,Centre-Forward
2010/11,Fulham,Danny Murphy,Central Midfield
2010/11,Fulham,David Elm,Centre-Forward
2010/11,Fulham,David Stockdale,Goalkeeper
2010/11,Fulham,Dickson Etuhu,Defensive Midfield
2010/11,Fulham,Diomansy Kamara,Right Winger
2010/11,Fulham,Eddie Johnson,Centre-Forward
2010/11,Fulham,Eidur Gudjohnsen,Centre-Forward
2010/11,Fulham,Fredrik Stoor Siekkinen,Right-Back
2010/11,Fulham,Gaël Kakuta,Attacking Midfield
2010/11,Fulham,John Paintsil,Right-Back
2010/11,Fulham,Jonathan Greening,Central Midfield
2010/11,Fulham,Kagisho Dikgacoi,Central Midfield
2010/11,Fulham,Mark Schwarzer,Goalkeeper
2010/11,Fulham,Matthew Briggs,Centre-Back
2010/11,Fulham,Mousa Dembélé,Central Midfield
2010/11,Fulham,Neil Etheridge,Goalkeeper
2010/11,Fulham,Pascal Zuberbühler,Goalkeeper
2010/11,Fulham,Paul Konchesky,Left-Back
2010/11,Fulham,Philippe Senderos,Centre-Back
2010/11,Fulham,Rafik Halliche,Centre-Back
2010/11,Fulham,Simon Davies,Right Midfield
2010/11,Fulham,Stephen Kelly,Right-Back
2010/11,Fulham,Steve Sidwell,Central Midfield
2010/11,Fulham,Zoltán Gera,Attacking Midfield
2010/11,Liverpool,Alberto Aquilani,Central Midfield
2010/11,Liverpool,Andre Wisdom,Right-Back
2010/11,Liverpool,Andy Carroll,Centre-Forward
2010/11,Liverpool,Brad Jones,Goalkeeper
2010/11,Liverpool,Christian Poulsen,Defensive Midfield
2010/11,Liverpool,Conor Coady,Centre-Back
2010/11,Liverpool,Dani Pacheco,Defensive Midfield
2010/11,Liverpool,Daniel Agger,Centre-Back
2010/11,Liverpool,Daniel Ayala,Centre-Back
2010/11,Liverpool,Danny Wilson,Centre-Back
2010/11,Liverpool,David Amoo,Right Winger
2010/11,Liverpool,David N'Gog,Centre-Forward
2010/11,Liverpool,Diego Cavalieri,Goalkeeper
2010/11,Liverpool,Dirk Kuyt,Right Winger
2010/11,Liverpool,Fernando Torres,Centre-Forward
2010/11,Liverpool,Fábio Aurélio,Left-Back
2010/11,Liverpool,Glen Johnson,Right-Back
2010/11,Liverpool,Jack Robinson,Centre-Back
2010/11,Liverpool,Jamie Carragher,Centre-Back
2010/11,Liverpool,Javier Mascherano,Defensive Midfield
2010/11,Liverpool,Jay Spearing,Defensive Midfield
2010/11,Liverpool,Joe Cole,Attacking Midfield
2010/11,Liverpool,Jon Flanagan,Right-Back
2010/11,Liverpool,Jonjo Shelvey,Central Midfield
2010/11,Liverpool,Lauri Dalla Valle,Centre-Forward
2010/11,Liverpool,Lucas Leiva,Defensive Midfield
2010/11,Liverpool,Luis Suárez,Centre-Forward
2010/11,Liverpool,Martin Hansen,Goalkeeper
2010/11,Liverpool,Martin Kelly,Right-Back
2010/11,Liverpool,Martin Skrtel,Centre-Back
2010/11,Liverpool,Maxi Rodríguez,Left Winger
2010/11,Liverpool,Milan Jovanovic,Left Winger
2010/11,Liverpool,Nathan Eccleston,Centre-Forward
2010/11,Liverpool,Paul Konchesky,Left-Back
2010/11,Liverpool,Pepe Reina,Goalkeeper
2010/11,Liverpool,Péter Gulácsi,Goalkeeper
2010/11,Liverpool,Raúl Meireles,Central Midfield
2010/11,Liverpool,Ryan Babel,Left Winger
2010/11,Liverpool,Sotiris Kyrgiakos,Centre-Back
2010/11,Liverpool,Stephen Darby,Right-Back
2010/11,Liverpool,Steven Gerrard,Central Midfield
2010/11,Liverpool,Tom Ince,Right Winger
2010/11,Man City,Abdisalam Ibrahim,Central Midfield
2010/11,Man City,Abdul Razak,Central Midfield
2010/11,Man City,Adam Johnson,Right Winger
2010/11,Man City,Aleksandar Kolarov,Left-Back
2010/11,Man City,Alex Nimely,Centre-Forward
2010/11,Man City,Ben Mee,Centre-Back
2010/11,Man City,Carlos Tévez,Centre-Forward
2010/11,Man City,Chris Chantler,Left-Back
2010/11,Man City,Craig Bellamy,Left Winger
2010/11,Man City,David González,Goalkeeper
2010/11,Man City,David Silva,Attacking Midfield
2010/11,Man City,Dedryck Boyata,Centre-Back
2010/11,Man City,Edin Dzeko,Centre-Forward
2010/11,Man City,Emmanuel Adebayor,Centre-Forward
2010/11,Man City,Frédéric Veseli,Centre-Back
2010/11,Man City,Gareth Barry,Defensive Midfield
2010/11,Man City,Greg Cunningham,Centre-Back
2010/11,Man City,James Milner,Central Midfield
2010/11,Man City,Javan Vidal,Right-Back
2010/11,Man City,Joe Hart,Goalkeeper
2010/11,Man City,John Guidetti,Centre-Forward
2010/11,Man City,Joleon Lescott,Centre-Back
2010/11,Man City,Jérôme Boateng,Centre-Back
2010/11,Man City,Jô,Centre-Forward
2010/11,Man City,Kolo Touré,Centre-Back
2010/11,Man City,Mario Balotelli,Centre-Forward
2010/11,Man City,Micah Richards,Right-Back
2010/11,Man City,Michael Johnson,Defensive Midfield
2010/11,Man City,Nedum Onuoha,Centre-Back
2010/11,Man City,Nigel de Jong,Defensive Midfield
2010/11,Man City,Omar Elabdellaoui,Right-Back
2010/11,Man City,Pablo Zabaleta,Right-Back
2010/11,Man City,Patrick Vieira,Defensive Midfield
2010/11,Man City,Reece Wabara,Right-Back
2010/11,Man City,Roque Santa Cruz,Centre-Forward
2010/11,Man City,Ryan McGivern,Centre-Back
2010/11,Man City,Scott Kay,Central Midfield
2010/11,Man City,Shaun Wright-Phillips,Right Winger
2010/11,Man City,Shay Given,Goalkeeper
2010/11,Man City,Shay Logan,Right-Back
2010/11,Man City,Stuart Taylor,Goalkeeper
2010/11,Man City,Vincent Kompany,Centre-Back
2010/11,Man City,Vladimir Weiss,Left Winger
2010/11,Man City,Wayne Bridge,Left-Back
2010/11,Man City,Yaya Touré,Central Midfield
2010/11,Man United,Anders Lindegaard,Goalkeeper
2010/11,Man United,Anderson,Central Midfield
2010/11,Man United,Antonio Valencia,Right-Back
2010/11,Man United,Bebé,Left Winger
2010/11,Man United,Ben Amos,Goalkeeper
2010/11,Man United,Chicharito,Centre-Forward
2010/11,Man United,Chris Smalling,Centre-Back
2010/11,Man United,Corry Evans,Central Midfield
2010/11,Man United,Danny Welbeck,Centre-Forward
2010/11,Man United,Darren Fletcher,Central Midfield
2010/11,Man United,Darron Gibson,Central Midfield
2010/11,Man United,Dimitar Berbatov,Centre-Forward
2010/11,Man United,Edwin van der Sar,Goalkeeper
2010/11,Man United,Federico Macheda,Centre-Forward
2010/11,Man United,Fábio,Right-Back
2010/11,Man United,Gabriel Obertan,Right Winger
2010/11,Man United,Gary Neville,Right-Back
2010/11,Man United,Ji-sung Park,Attacking Midfield
2010/11,Man United,John O'Shea,Centre-Back
2010/11,Man United,Jonny Evans,Centre-Back
2010/11,Man United,Joshua King,Centre-Forward
2010/11,Man United,Magnus Wolff Eikrem,Second Striker
2010/11,Man United,Mame Diouf,Centre-Forward
2010/11,Man United,Michael Carrick,Defensive Midfield
2010/11,Man United,Michael Owen,Centre-Forward
2010/11,Man United,Nani,Left Winger
2010/11,Man United,Nemanja Vidic‎,Centre-Back
2010/11,Man United,Oliver Gill,Centre-Back
2010/11,Man United,Owen Hargreaves,Defensive Midfield
2010/11,Man United,Patrice Evra,Left-Back
2010/11,Man United,Paul Pogba,Central Midfield
2010/11,Man United,Paul Scholes,Central Midfield
2010/11,Man United,Rafael,Right-Back
2010/11,Man United,Ravel Morrison,Attacking Midfield
2010/11,Man United,Rio Ferdinand,Centre-Back
2010/11,Man United,Ritchie De Laet,Right-Back
2010/11,Man United,Robbie Brady,Left Midfield
2010/11,Man United,Ryan Giggs,Left Midfield
2010/11,Man United,Ryan Tunnicliffe,Central Midfield
2010/11,Man United,Tom Cleverley,Central Midfield
2010/11,Man United,Tomasz Kuszczak,Goalkeeper
2010/11,Man United,Wayne Rooney,Centre-Forward
2010/11,Man United,Wes Brown,Centre-Back
2010/11,Newcastle,Alan Smith,Central Midfield
2010/11,Newcastle,Andy Carroll,Centre-Forward
2010/11,Newcastle,Cheik Tioté,Defensive Midfield
2010/11,Newcastle,Dan Gosling,Central Midfield
2010/11,Newcastle,Danny Guthrie,Central Midfield
2010/11,Newcastle,Danny Simpson,Right-Back
2010/11,Newcastle,Fabricio Coloccini,Centre-Back
2010/11,Newcastle,Fraser Forster,Goalkeeper
2010/11,Newcastle,Haris Vuckic,Second Striker
2010/11,Newcastle,Hatem Ben Arfa,Attacking Midfield
2010/11,Newcastle,James Perch,Centre-Back
2010/11,Newcastle,James Tavernier,Right-Back
2010/11,Newcastle,Joey Barton,Central Midfield
2010/11,Newcastle,Jonás Gutiérrez,Left Midfield
2010/11,Newcastle,José Enrique,Left-Back
2010/11,Newcastle,Kazenga LuaLua,Left Winger
2010/11,Newcastle,Kevin Nolan,Attacking Midfield
2010/11,Newcastle,Leon Best,Centre-Forward
2010/11,Newcastle,Michael Richardson,Central Midfield
2010/11,Newcastle,Mike Williamson,Centre-Back
2010/11,Newcastle,Nile Ranger,Centre-Forward
2010/11,Newcastle,Ole Söderberg,Goalkeeper
2010/11,Newcastle,Peter Løvenkrands,Centre-Forward
2010/11,Newcastle,Phil Airey,Centre-Forward
2010/11,Newcastle,Ryan Donaldson,Right Winger
2010/11,Newcastle,Ryan Taylor,Right-Back
2010/11,Newcastle,Sammy Ameobi,Left Winger
2010/11,Newcastle,Shane Ferguson,Left Midfield
2010/11,Newcastle,Shefki Kuqi,Centre-Forward
2010/11,Newcastle,Shola Ameobi,Centre-Forward
2010/11,Newcastle,Sol Campbell,Centre-Back
2010/11,Newcastle,Stephen Ireland,Attacking Midfield
2010/11,Newcastle,Steve Harper,Goalkeeper
2010/11,Newcastle,Steven Taylor,Centre-Back
2010/11,Newcastle,Tamás Kádár,Centre-Back
2010/11,Newcastle,Tim Krul,Goalkeeper
2010/11,Newcastle,Wayne Routledge,Left Winger
2010/11,Newcastle,Xisco,Centre-Forward
2010/11,Stoke,Abdoulaye Faye,Centre-Back
2010/11,Stoke,Andrew Davies,Centre-Back
2010/11,Stoke,Andy Wilkinson,Right-Back
2010/11,Stoke,Asmir Begovic,Goalkeeper
2010/11,Stoke,Ben Marshall,Right Midfield
2010/11,Stoke,Carl Dickinson,Left-Back
2010/11,Stoke,Carlo Nash,Goalkeeper
2010/11,Stoke,Danny Collins,Centre-Back
2010/11,Stoke,Danny Higginbotham,Centre-Back
2010/11,Stoke,Danny Pugh,Left-Back
2010/11,Stoke,Dean Whitehead,Central Midfield
2010/11,Stoke,Diego Arismendi,Defensive Midfield
2010/11,Stoke,Eidur Gudjohnsen,Centre-Forward
2010/11,Stoke,Glenn Whelan,Defensive Midfield
2010/11,Stoke,Ibrahima Sonko,Centre-Back
2010/11,Stoke,Jermaine Pennant,Right Winger
2010/11,Stoke,John Carew,Centre-Forward
2010/11,Stoke,Jonathan Walters,Right Winger
2010/11,Stoke,Kenwyne Jones,Centre-Forward
2010/11,Stoke,Mamady Sidibé,Centre-Forward
2010/11,Stoke,Marc Wilson,Centre-Back
2010/11,Stoke,Matthew Etherington,Left Midfield
2010/11,Stoke,Matty Lund,Central Midfield
2010/11,Stoke,Michael Tonge,Central Midfield
2010/11,Stoke,Ricardo Fuller,Centre-Forward
2010/11,Stoke,Robert Huth,Centre-Back
2010/11,Stoke,Rory Delap,Central Midfield
2010/11,Stoke,Ryan Shawcross,Centre-Back
2010/11,Stoke,Ryan Shotton,Centre-Back
2010/11,Stoke,Salif Diao,Defensive Midfield
2010/11,Stoke,Thomas Sörensen,Goalkeeper
2010/11,Stoke,Tom Soares,Central Midfield
2010/11,Stoke,Tuncay Şanlı,Left Winger
2010/11,Sunderland,Adam Reed,Defensive Midfield
2010/11,Sunderland,Ahmed El Mohamady,Right-Back
2010/11,Sunderland,Andy Reid,Left Midfield
2010/11,Sunderland,Anton Ferdinand,Centre-Back
2010/11,Sunderland,Asamoah Gyan,Centre-Forward
2010/11,Sunderland,Billy Knott,Central Midfield
2010/11,Sunderland,Blair Adams,Left-Back
2010/11,Sunderland,Boudewijn Zenden,Left Winger
2010/11,Sunderland,Craig Gordon,Goalkeeper
2010/11,Sunderland,Craig Lynch,Left Winger
2010/11,Sunderland,Cristian Riveros,Defensive Midfield
2010/11,Sunderland,Danny Welbeck,Centre-Forward
2010/11,Sunderland,Darren Bent,Centre-Forward
2010/11,Sunderland,David Meyler,Central Midfield
2010/11,Sunderland,Fraizer Campbell,Centre-Forward
2010/11,Sunderland,George McCartney,Left-Back
2010/11,Sunderland,Jack Colback,Defensive Midfield
2010/11,Sunderland,Jean-Yves M'voto,Centre-Back
2010/11,Sunderland,John Mensah,Centre-Back
2010/11,Sunderland,Jordan Cook,Centre-Forward
2010/11,Sunderland,Jordan Henderson,Defensive Midfield
2010/11,Sunderland,Kieran Richardson,Left-Back
2010/11,Sunderland,Lee Cattermole,Defensive Midfield
2010/11,Sunderland,Louis Laing,Centre-Back
2010/11,Sunderland,Marcos Angeleri,Right-Back
2010/11,Sunderland,Martyn Waghorn,Centre-Forward
2010/11,Sunderland,Matthew Kilgallon,Centre-Back
2010/11,Sunderland,Michael Turner,Centre-Back
2010/11,Sunderland,Nedum Onuoha,Centre-Back
2010/11,Sunderland,Nyron Nosworthy,Centre-Back
2010/11,Sunderland,Paulo da Silva,Centre-Back
2010/11,Sunderland,Phil Bardsley,Right-Back
2010/11,Sunderland,Ryan Noble,Centre-Forward
2010/11,Sunderland,Simon Mignolet,Goalkeeper
2010/11,Sunderland,Steed Malbranque,Left Midfield
2010/11,Sunderland,Stéphane Sessègnon,Attacking Midfield
2010/11,Sunderland,Sulley Muntari,Central Midfield
2010/11,Sunderland,Titus Bramble,Centre-Back
2010/11,Sunderland,Trevor Carson,Goalkeeper
2010/11,Tottenham,Aaron Lennon,Right Winger
2010/11,Tottenham,Alan Hutton,Right-Back
2010/11,Tottenham,Andros Townsend,Right Winger
2010/11,Tottenham,Ben Alnwick,Goalkeeper
2010/11,Tottenham,Benoît Assou-Ekotto,Left-Back
2010/11,Tottenham,Bongani Khumalo,Centre-Back
2010/11,Tottenham,Carlo Cudicini,Goalkeeper
2010/11,Tottenham,Danny Rose,Left-Back
2010/11,Tottenham,David Bentley,Right Midfield
2010/11,Tottenham,David Button,Goalkeeper
2010/11,Tottenham,Gareth Bale,Right Winger
2010/11,Tottenham,Giovani dos Santos,Second Striker
2010/11,Tottenham,Heurelho Gomes,Goalkeeper
2010/11,Tottenham,Jake Livermore,Defensive Midfield
2010/11,Tottenham,Jermain Defoe,Centre-Forward
2010/11,Tottenham,Jermaine Jenas,Central Midfield
2010/11,Tottenham,John Bostock,Central Midfield
2010/11,Tottenham,Jonathan Woodgate,Centre-Back
2010/11,Tottenham,Kyle Naughton,Right-Back
2010/11,Tottenham,Kyle Walker,Right-Back
2010/11,Tottenham,Ledley King,Centre-Back
2010/11,Tottenham,Luka Modrić,Central Midfield
2010/11,Tottenham,Michael Dawson,Centre-Back
2010/11,Tottenham,Niko Kranjcar,Attacking Midfield
2010/11,Tottenham,Peter Crouch,Centre-Forward
2010/11,Tottenham,Rafael van der Vaart,Attacking Midfield
2010/11,Tottenham,Robbie Keane,Centre-Forward
2010/11,Tottenham,Roman Pavlyuchenko,Centre-Forward
2010/11,Tottenham,Sandro,Central Midfield
2010/11,Tottenham,Steven Caulker,Centre-Back
2010/11,Tottenham,Steven Pienaar,Left Midfield
2010/11,Tottenham,Stipe Pletikosa,Goalkeeper
2010/11,Tottenham,Sébastien Bassong,Centre-Back
2010/11,Tottenham,Tom Huddlestone,Defensive Midfield
2010/11,Tottenham,Vedran Corluka,Centre-Back
2010/11,Tottenham,William Gallas,Centre-Back
2010/11,Tottenham,Wilson Palacios,Defensive Midfield
2010/11,Tottenham,Younès Kaboul,Centre-Back
2010/11,West Brom,Abdoulaye Méïté,Centre-Back
2010/11,West Brom,Boaz Myhill,Goalkeeper
2010/11,West Brom,Carlos Vela,Right Winger
2010/11,West Brom,Chris Brunt,Central Midfield
2010/11,West Brom,Chris Wood,Centre-Forward
2010/11,West Brom,Craig Dawson,Centre-Back
2010/11,West Brom,Dean Kiely,Goalkeeper
2010/11,West Brom,Gabriel Tamaș,Centre-Back
2010/11,West Brom,George Thorne,Central Midfield
2010/11,West Brom,Gianni Zuiverloon,Centre-Back
2010/11,West Brom,Giles Barnes,Centre-Forward
2010/11,West Brom,Gonzalo Jara,Centre-Back
2010/11,West Brom,Graham Dorrans,Central Midfield
2010/11,West Brom,Ishmael Miller,Centre-Forward
2010/11,West Brom,James Hurst,Centre-Back
2010/11,West Brom,James Morrison,Central Midfield
2010/11,West Brom,Jerome Thomas,Left Winger
2010/11,West Brom,Joe Mattock,Left-Back
2010/11,West Brom,Jonas Olsson,Centre-Back
2010/11,West Brom,Leon Barnett,Centre-Back
2010/11,West Brom,Luke Daniels,Goalkeeper
2010/11,West Brom,Luke Moore,Centre-Forward
2010/11,West Brom,Marc-Antoine Fortuné,Centre-Forward
2010/11,West Brom,Marek Cech,Left-Back
2010/11,West Brom,Nicky Shorey,Left-Back
2010/11,West Brom,Pablo Ibáñez,Centre-Back
2010/11,West Brom,Paul Downing,Centre-Back
2010/11,West Brom,Paul Scharner,Defensive Midfield
2010/11,West Brom,Peter Odemwingie,Centre-Forward
2010/11,West Brom,Roman Bednar,Centre-Forward
2010/11,West Brom,Saido Berahino,Centre-Forward
2010/11,West Brom,Sam Mantom,Central Midfield
2010/11,West Brom,Scott Carson,Goalkeeper
2010/11,West Brom,Simon Cox,Centre-Forward
2010/11,West Brom,Somen Tchoyi,Attacking Midfield
2010/11,West Brom,Steven Reid,Right-Back
2010/11,West Brom,Youssouf Mulumbu,Defensive Midfield
2010/11,West Ham,Alessandro Diamanti,Attacking Midfield
2010/11,West Ham,Anthony Edgar,Left Winger
2010/11,West Ham,Benni McCarthy,Centre-Forward
2010/11,West Ham,Carlton Cole,Centre-Forward
2010/11,West Ham,Danny Gabbidon,Centre-Back
2010/11,West Ham,Demba Ba,Centre-Forward
2010/11,West Ham,Dylan Tombides,Centre-Forward
2010/11,West Ham,Frank Nouble,Centre-Forward
2010/11,West Ham,Freddie Sears,Second Striker
2010/11,West Ham,Frédéric Piquionne,Centre-Forward
2010/11,West Ham,Gary O'Neil,Central Midfield
2010/11,West Ham,Hérita Ilunga,Left-Back
2010/11,West Ham,Jack Collison,Central Midfield
2010/11,West Ham,Jake Larkins,Goalkeeper
2010/11,West Ham,James Tomkins,Centre-Back
2010/11,West Ham,Jonathan Spector,Centre-Back
2010/11,West Ham,Jordan Brown,Left-Back
2010/11,West Ham,Jordan Spence,Right-Back
2010/11,West Ham,Julien Faubert,Right-Back
2010/11,West Ham,Junior Stanislas,Left Winger
2010/11,West Ham,Kieron Dyer,Right Midfield
2010/11,West Ham,Lars Jacobsen,Right-Back
2010/11,West Ham,Luís Boa Morte,Left Midfield
2010/11,West Ham,Manuel da Costa,Centre-Back
2010/11,West Ham,Marek Stech,Goalkeeper
2010/11,West Ham,Mark Noble,Central Midfield
2010/11,West Ham,Matt Fry,Centre-Back
2010/11,West Ham,Matthew Upson,Centre-Back
2010/11,West Ham,Pablo Barrera,Right Winger
2010/11,West Ham,Péter Kurucz,Goalkeeper
2010/11,West Ham,Radoslav Kovac,Centre-Back
2010/11,West Ham,Rob Green,Goalkeeper
2010/11,West Ham,Robbie Keane,Centre-Forward
2010/11,West Ham,Ruud Boffin,Goalkeeper
2010/11,West Ham,Scott Parker,Central Midfield
2010/11,West Ham,Tal Ben Haim,Centre-Back
2010/11,West Ham,Thomas Hitzlsperger,Central Midfield
2010/11,West Ham,Valon Behrami,Central Midfield
2010/11,West Ham,Victor Obinna,Second Striker
2010/11,West Ham,Wayne Bridge,Left-Back
2010/11,West Ham,Winston Reid,Centre-Back
2010/11,West Ham,Zavon Hines,Right Winger
2010/11,Wigan,Adam Buxton,Right-Back
2010/11,Wigan,Adrián López,Centre-Back
2010/11,Wigan,Ali Al-Habsi,Goalkeeper
2010/11,Wigan,Antolín Alcaraz,Centre-Back
2010/11,Wigan,Ben Watson,Central Midfield
2010/11,Wigan,Callum McManaman,Right Winger
2010/11,Wigan,Callum Morris,Central Midfield
2010/11,Wigan,Charles N'Zogbia,Right Winger
2010/11,Wigan,Chris Kirkland,Goalkeeper
2010/11,Wigan,Conor Sammon,Centre-Forward
2010/11,Wigan,Daniel Redmond,Central Midfield
2010/11,Wigan,Daniël de Ridder,Left Winger
2010/11,Wigan,Emmerson Boyce,Right-Back
2010/11,Wigan,Franco Di Santo,Centre-Forward
2010/11,Wigan,Gary Caldwell,Centre-Back
2010/11,Wigan,Hendry Thomas,Defensive Midfield
2010/11,Wigan,Hugo Rodallega,Centre-Forward
2010/11,Wigan,James McArthur,Central Midfield
2010/11,Wigan,James McCarthy,Central Midfield
2010/11,Wigan,Jason Koumas,Attacking Midfield
2010/11,Wigan,Jason Scotland,Centre-Forward
2010/11,Wigan,Jordan Mustoe,Left-Back
2010/11,Wigan,Jordan Robinson,Centre-Back
2010/11,Wigan,Jordi Gómez,Central Midfield
2010/11,Wigan,Lee Nicholls,Goalkeeper
2010/11,Wigan,Mauro Boselli,Centre-Forward
2010/11,Wigan,Maynor Figueroa,Left-Back
2010/11,Wigan,Mike Pollitt,Goalkeeper
2010/11,Wigan,Mohamed Diamé,Central Midfield
2010/11,Wigan,Román Golobart,Centre-Back
2010/11,Wigan,Ronnie Stam,Right-Back
2010/11,Wigan,Steve Gohouri,Centre-Back
2010/11,Wigan,Steven Caldwell,Centre-Back
2010/11,Wigan,Tom Cleverley,Central Midfield
2010/11,Wigan,Victor Moses,Right Winger
2010/11,Wolves,Adam Hammill,Right Winger
2010/11,Wolves,Adlène Guédioura,Defensive Midfield
2010/11,Wolves,Adriano Basso,Goalkeeper
2010/11,Wolves,Andy Keogh,Centre-Forward
2010/11,Wolves,Ashley Hemmings,Left Midfield
2010/11,Wolves,Carl Ikeme,Goalkeeper
2010/11,Wolves,Christophe Berra,Centre-Back
2010/11,Wolves,Danny Batth,Centre-Back
2010/11,Wolves,David Davis,Central Midfield
2010/11,Wolves,David Edwards,Central Midfield
2010/11,Wolves,David Jones,Central Midfield
2010/11,Wolves,Ethan Ebanks-Landell,Centre-Back
2010/11,Wolves,Geoffrey Mujangi Bia,Right Winger
2010/11,Wolves,George Elokobi,Centre-Back
2010/11,Wolves,Greg Halford,Centre-Back
2010/11,Wolves,Jamie O'Hara,Central Midfield
2010/11,Wolves,Jelle Van Damme,Centre-Back
2010/11,Wolves,Jody Craddock,Centre-Back
2010/11,Wolves,John Dunleavy,Centre-Back
2010/11,Wolves,Karl Henry,Defensive Midfield
2010/11,Wolves,Kevin Doyle,Centre-Forward
2010/11,Wolves,Kevin Foley,Right-Back
2010/11,Wolves,Leigh Griffiths,Centre-Forward
2010/11,Wolves,Marcus Bent,Centre-Forward
2010/11,Wolves,Marcus Hahnemann,Goalkeeper
2010/11,Wolves,Matt Doherty,Right-Back
2010/11,Wolves,Matt Jarvis,Left Winger
2010/11,Wolves,Michael Kightly,Left Winger
2010/11,Wolves,Michael Mancienne,Centre-Back
2010/11,Wolves,Nathan Rooney,Central Midfield
2010/11,Wolves,Nenad Milijas,Central Midfield
2010/11,Wolves,Richard Stearman,Centre-Back
2010/11,Wolves,Ronald Zubar,Centre-Back
2010/11,Wolves,Sam Vokes,Centre-Forward
2010/11,Wolves,Sam Winnall,Centre-Forward
2010/11,Wolves,Scott Malone,Left-Back
2010/11,Wolves,Stephen Hunt,Left Midfield
2010/11,Wolves,Stephen Ward,Left-Back
2010/11,Wolves,Steven Fletcher,Centre-Forward
2010/11,Wolves,Steven Mouyokolo,Centre-Back
2010/11,Wolves,Sylvan Ebanks-Blake,Centre-Forward
2010/11,Wolves,Wayne Hennessey,Goalkeeper
2011/12,Arsenal,Aaron Ramsey,Central Midfield
2011/12,Arsenal,Abou Diaby,Central Midfield
2011/12,Arsenal,Alex Oxlade-Chamberlain,Central Midfield
2011/12,Arsenal,Alex Song,Defensive Midfield
2011/12,Arsenal,Andrey Arshavin,Left Winger
2011/12,Arsenal,André Santos,Left-Back
2011/12,Arsenal,Armand Traoré,Left-Back
2011/12,Arsenal,Bacary Sagna,Right-Back
2011/12,Arsenal,Carl Jenkinson,Right-Back
2011/12,Arsenal,Chu-young Park,Centre-Forward
2011/12,Arsenal,Chuks Aneke,Centre-Forward
2011/12,Arsenal,Craig Eastmond,Central Midfield
2011/12,Arsenal,Daniel Boateng,Centre-Back
2011/12,Arsenal,Emiliano Martínez,Goalkeeper
2011/12,Arsenal,Emmanuel Frimpong,Defensive Midfield
2011/12,Arsenal,Francis Coquelin,Defensive Midfield
2011/12,Arsenal,Gervinho,Left Winger
2011/12,Arsenal,Henri Lansbury,Central Midfield
2011/12,Arsenal,Ignasi Miquel,Centre-Back
2011/12,Arsenal,Jack Wilshere,Central Midfield
2011/12,Arsenal,Jernade Meade,Left-Back
2011/12,Arsenal,Johan Djourou,Centre-Back
2011/12,Arsenal,Kieran Gibbs,Left-Back
2011/12,Arsenal,Laurent Koscielny,Centre-Back
2011/12,Arsenal,Lukasz Fabianski,Goalkeeper
2011/12,Arsenal,Manuel Almunia,Goalkeeper
2011/12,Arsenal,Marouane Chamakh,Centre-Forward
2011/12,Arsenal,Mikel Arteta,Central Midfield
2011/12,Arsenal,Nicklas Bendtner,Centre-Forward
2011/12,Arsenal,Nico Yennaris,Defensive Midfield
2011/12,Arsenal,Oğuzhan Özyakup,Central Midfield
2011/12,Arsenal,Per Mertesacker,Centre-Back
2011/12,Arsenal,Robin van Persie,Centre-Forward
2011/12,Arsenal,Ryo Miyaichi,Right Winger
2011/12,Arsenal,Samir Nasri,Attacking Midfield
2011/12,Arsenal,Sanchez Watt,Left Winger
2011/12,Arsenal,Sébastien Squillaci,Centre-Back
2011/12,Arsenal,Theo Walcott,Right Winger
2011/12,Arsenal,Thierry Henry,Centre-Forward
2011/12,Arsenal,Thomas Vermaelen,Centre-Back
2011/12,Arsenal,Tomas Rosicky,Attacking Midfield
2011/12,Arsenal,Vito Mannone,Goalkeeper
2011/12,Arsenal,Wojciech Szczesny,Goalkeeper
2011/12,Arsenal,Yossi Benayoun,Right Winger
2011/12,Aston Villa,Alan Hutton,Right-Back
2011/12,Aston Villa,Andreas Weimann,Centre-Forward
2011/12,Aston Villa,Andy Marshall,Goalkeeper
2011/12,Aston Villa,Barry Bannan,Central Midfield
2011/12,Aston Villa,Brad Guzan,Goalkeeper
2011/12,Aston Villa,Carlos Cuéllar,Centre-Back
2011/12,Aston Villa,Charles N'Zogbia,Right Winger
2011/12,Aston Villa,Chris Herd,Defensive Midfield
2011/12,Aston Villa,Ciaran Clark,Centre-Back
2011/12,Aston Villa,Darren Bent,Centre-Forward
2011/12,Aston Villa,Emile Heskey,Centre-Forward
2011/12,Aston Villa,Enda Stevens,Left-Back
2011/12,Aston Villa,Eric Lichaj,Right-Back
2011/12,Aston Villa,Fabian Delph,Central Midfield
2011/12,Aston Villa,Gabriel Agbonlahor,Centre-Forward
2011/12,Aston Villa,Gary Gardner,Central Midfield
2011/12,Aston Villa,Graham Burke,Second Striker
2011/12,Aston Villa,Habib Beye,Right-Back
2011/12,Aston Villa,James Collins,Centre-Back
2011/12,Aston Villa,Jean Makoun,Defensive Midfield
2011/12,Aston Villa,Jermaine Jenas,Central Midfield
2011/12,Aston Villa,Jonathan Hogg,Defensive Midfield
2011/12,Aston Villa,Luke Young,Right-Back
2011/12,Aston Villa,Marc Albrighton,Right Midfield
2011/12,Aston Villa,Nathan Baker,Centre-Back
2011/12,Aston Villa,Nathan Delfouneso,Centre-Forward
2011/12,Aston Villa,Richard Dunne,Centre-Back
2011/12,Aston Villa,Robbie Keane,Centre-Forward
2011/12,Aston Villa,Samir Carruthers,Central Midfield
2011/12,Aston Villa,Shane Lowry,Centre-Back
2011/12,Aston Villa,Shay Given,Goalkeeper
2011/12,Aston Villa,Stephen Ireland,Attacking Midfield
2011/12,Aston Villa,Stephen Warnock,Left-Back
2011/12,Aston Villa,Stiliyan Petrov,Central Midfield
2011/12,Blackburn,Adam Henley,Right-Back
2011/12,Blackburn,Amine Linganzi,Central Midfield
2011/12,Blackburn,Anthony Modeste,Centre-Forward
2011/12,Blackburn,Bradley Orr,Right-Back
2011/12,Blackburn,Brett Emerton,Right Midfield
2011/12,Blackburn,Bruno Ribeiro,Attacking Midfield
2011/12,Blackburn,Christopher Samba,Centre-Back
2011/12,Blackburn,David Dunn,Attacking Midfield
2011/12,Blackburn,David Goodwillie,Centre-Forward
2011/12,Blackburn,Gaël Givet,Centre-Back
2011/12,Blackburn,Grant Hanley,Centre-Back
2011/12,Blackburn,Hérold Goulon,Centre-Back
2011/12,Blackburn,Jake Kean,Goalkeeper
2011/12,Blackburn,Jason Lowe,Defensive Midfield
2011/12,Blackburn,Jason Roberts,Centre-Forward
2011/12,Blackburn,Jordan Slew,Centre-Forward
2011/12,Blackburn,Josh Morris,Left Midfield
2011/12,Blackburn,Junior Hoilett,Left Winger
2011/12,Blackburn,Marcus Olsson,Left-Back
2011/12,Blackburn,Mark Bunn,Goalkeeper
2011/12,Blackburn,Martin Olsson,Left-Back
2011/12,Blackburn,Mauro Formica,Attacking Midfield
2011/12,Blackburn,Morten Gamst Pedersen,Central Midfield
2011/12,Blackburn,Myles Anderson,Centre-Back
2011/12,Blackburn,Míchel Salgado,Right-Back
2011/12,Blackburn,Nick Blackman,Centre-Forward
2011/12,Blackburn,Paul Robinson,Goalkeeper
2011/12,Blackburn,Radosav Petrovic,Centre-Back
2011/12,Blackburn,Robbie Cotton,Attacking Midfield
2011/12,Blackburn,Rubén Rochina,Right Winger
2011/12,Blackburn,Ryan Nelsen,Centre-Back
2011/12,Blackburn,Scott Dann,Centre-Back
2011/12,Blackburn,Simon Vukcevic,Right Winger
2011/12,Blackburn,Steven Nzonzi,Defensive Midfield
2011/12,Blackburn,Vincenzo Grella,Central Midfield
2011/12,Blackburn,Yakubu,Centre-Forward
2011/12,Bolton,Adam Blakeman,Left-Back
2011/12,Bolton,Chris Eagles,Right Winger
2011/12,Bolton,Chung-yong Lee,Right Winger
2011/12,Bolton,Darren Pratley,Central Midfield
2011/12,Bolton,David N'Gog,Centre-Forward
2011/12,Bolton,David Wheater,Centre-Back
2011/12,Bolton,Dedryck Boyata,Centre-Back
2011/12,Bolton,Fabrice Muamba,Central Midfield
2011/12,Bolton,Gary Cahill,Centre-Back
2011/12,Bolton,Gaël Kakuta,Attacking Midfield
2011/12,Bolton,Gregg Wylde,Left Midfield
2011/12,Bolton,Grétar Steinsson,Right-Back
2011/12,Bolton,Ivan Klasnic,Centre-Forward
2011/12,Bolton,Joe Riley,Right-Back
2011/12,Bolton,Josh Vela,Central Midfield
2011/12,Bolton,Jussi Jääskeläinen,Goalkeeper
2011/12,Bolton,Kevin Davies,Centre-Forward
2011/12,Bolton,Marcos Alonso,Centre-Back
2011/12,Bolton,Mark Connolly,Centre-Back
2011/12,Bolton,Mark Davies,Central Midfield
2011/12,Bolton,Martin Petrov,Left Winger
2011/12,Bolton,Marvin Sordell,Centre-Forward
2011/12,Bolton,Michael O'Halloran,Right Winger
2011/12,Bolton,Nigel Reo-Coker,Central Midfield
2011/12,Bolton,Paul Robinson,Left-Back
2011/12,Bolton,Ricardo Gardner,Left-Back
2011/12,Bolton,Rob Lainton,Goalkeeper
2011/12,Bolton,Robbie Blake,Second Striker
2011/12,Bolton,Ryo Miyaichi,Right Winger
2011/12,Bolton,Sam Ricketts,Right-Back
2011/12,Bolton,Sean Davis,Defensive Midfield
2011/12,Bolton,Stuart Holden,Central Midfield
2011/12,Bolton,Tim Ream,Centre-Back
2011/12,Bolton,Tuncay Şanlı,Left Winger
2011/12,Bolton,Tyrone Mears,Right-Back
2011/12,Bolton,Zat Knight,Centre-Back
2011/12,Bolton,Ádám Bogdán,Goalkeeper
2011/12,Chelsea,Alex,Centre-Back
2011/12,Chelsea,Ashley Cole,Left-Back
2011/12,Chelsea,Bosingwa,Right-Back
2011/12,Chelsea,Branislav Ivanovic,Right-Back
2011/12,Chelsea,Daniel Sturridge,Centre-Forward
2011/12,Chelsea,David Luiz,Centre-Back
2011/12,Chelsea,Didier Drogba,Centre-Forward
2011/12,Chelsea,Fernando Torres,Centre-Forward
2011/12,Chelsea,Florent Malouda,Left Winger
2011/12,Chelsea,Frank Lampard,Central Midfield
2011/12,Chelsea,Gary Cahill,Centre-Back
2011/12,Chelsea,Hilário,Goalkeeper
2011/12,Chelsea,John Obi Mikel,Defensive Midfield
2011/12,Chelsea,John Terry,Centre-Back
2011/12,Chelsea,Josh McEachran,Central Midfield
2011/12,Chelsea,Juan Mata,Attacking Midfield
2011/12,Chelsea,Lucas Piazón,Attacking Midfield
2011/12,Chelsea,Michael Essien,Defensive Midfield
2011/12,Chelsea,Nicolas Anelka,Centre-Forward
2011/12,Chelsea,Oriol Romeu,Defensive Midfield
2011/12,Chelsea,Paulo Ferreira,Right-Back
2011/12,Chelsea,Petr Cech,Goalkeeper
2011/12,Chelsea,Ramires,Central Midfield
2011/12,Chelsea,Raúl Meireles,Central Midfield
2011/12,Chelsea,Romelu Lukaku,Centre-Forward
2011/12,Chelsea,Ross Turnbull,Goalkeeper
2011/12,Chelsea,Ryan Bertrand,Left-Back
2011/12,Chelsea,Salomon Kalou,Left Winger
2011/12,Chelsea,Sam Hutchinson,Defensive Midfield
2011/12,Chelsea,Yossi Benayoun,Right Winger
2011/12,Everton,Apostolos Vellios,Centre-Forward
2011/12,Everton,Conor McAleny,Centre-Forward
2011/12,Everton,Darron Gibson,Central Midfield
2011/12,Everton,Denis Stracqualursi,Centre-Forward
2011/12,Everton,Diniyar Bilyaletdinov,Attacking Midfield
2011/12,Everton,Jack Rodwell,Centre-Back
2011/12,Everton,James McFadden,Left Winger
2011/12,Everton,James Wallace,Central Midfield
2011/12,Everton,Jan Mucha,Goalkeeper
2011/12,Everton,Jermaine Beckford,Centre-Forward
2011/12,Everton,John Heitinga,Centre-Back
2011/12,Everton,Jose Baxter,Attacking Midfield
2011/12,Everton,Landon Donovan,Centre-Forward
2011/12,Everton,Leighton Baines,Left-Back
2011/12,Everton,Leon Osman,Central Midfield
2011/12,Everton,Louis Saha,Centre-Forward
2011/12,Everton,Magaye Gueye,Centre-Forward
2011/12,Everton,Marcus Hahnemann,Goalkeeper
2011/12,Everton,Marouane Fellaini,Central Midfield
2011/12,Everton,Mikel Arteta,Central Midfield
2011/12,Everton,Nikica Jelavic,Centre-Forward
2011/12,Everton,Phil Jagielka,Centre-Back
2011/12,Everton,Phil Neville,Right-Back
2011/12,Everton,Ross Barkley,Central Midfield
2011/12,Everton,Royston Drenthe,Left Midfield
2011/12,Everton,Shane Duffy,Centre-Back
2011/12,Everton,Shkodran Mustafi,Centre-Back
2011/12,Everton,Steven Pienaar,Left Midfield
2011/12,Everton,Sylvain Distin,Centre-Back
2011/12,Everton,Séamus Coleman,Right-Back
2011/12,Everton,Tim Cahill,Attacking Midfield
2011/12,Everton,Tim Howard,Goalkeeper
2011/12,Everton,Tony Hibbert,Right-Back
2011/12,Everton,Victor Anichebe,Centre-Forward
2011/12,Fulham,Aaron Hughes,Centre-Back
2011/12,Fulham,Alex Smith,Central Midfield
2011/12,Fulham,Alexander Kacaniklic,Right Winger
2011/12,Fulham,Andy Johnson,Centre-Forward
2011/12,Fulham,Bjørn Helge Riise,Central Midfield
2011/12,Fulham,Bobby Zamora,Centre-Forward
2011/12,Fulham,Brede Hangeland,Centre-Back
2011/12,Fulham,Bryan Ruiz,Attacking Midfield
2011/12,Fulham,Chris Baird,Defensive Midfield
2011/12,Fulham,Clint Dempsey,Second Striker
2011/12,Fulham,Csaba Somogyi,Goalkeeper
2011/12,Fulham,Damien Duff,Right Midfield
2011/12,Fulham,Danny Murphy,Central Midfield
2011/12,Fulham,David Stockdale,Goalkeeper
2011/12,Fulham,Dickson Etuhu,Defensive Midfield
2011/12,Fulham,John Arne Riise,Left-Back
2011/12,Fulham,Jonathan Greening,Central Midfield
2011/12,Fulham,Kerim Frei,Left Winger
2011/12,Fulham,Lauri Dalla Valle,Centre-Forward
2011/12,Fulham,Mahamadou Diarra,Defensive Midfield
2011/12,Fulham,Marcel Gecov,Central Midfield
2011/12,Fulham,Marcello Trotta,Centre-Forward
2011/12,Fulham,Mark Schwarzer,Goalkeeper
2011/12,Fulham,Matthew Briggs,Centre-Back
2011/12,Fulham,Mousa Dembélé,Central Midfield
2011/12,Fulham,Neil Etheridge,Goalkeeper
2011/12,Fulham,Orlando Sá,Centre-Forward
2011/12,Fulham,Pajtim Kasami,Central Midfield
2011/12,Fulham,Pavel Pogrebnyak,Centre-Forward
2011/12,Fulham,Philippe Senderos,Centre-Back
2011/12,Fulham,Rafik Halliche,Centre-Back
2011/12,Fulham,Simon Davies,Right Midfield
2011/12,Fulham,Stephen Kelly,Right-Back
2011/12,Fulham,Steve Sidwell,Central Midfield
2011/12,Fulham,Tom Donegan,Central Midfield
2011/12,Fulham,Zdenek Grygera,Right-Back
2011/12,Liverpool,Andy Carroll,Centre-Forward
2011/12,Liverpool,Brad Jones,Goalkeeper
2011/12,Liverpool,Charlie Adam,Central Midfield
2011/12,Liverpool,Craig Bellamy,Left Winger
2011/12,Liverpool,Daniel Agger,Centre-Back
2011/12,Liverpool,Danny Wilson,Centre-Back
2011/12,Liverpool,Dirk Kuyt,Right Winger
2011/12,Liverpool,Doni,Goalkeeper
2011/12,Liverpool,Fábio Aurélio,Left-Back
2011/12,Liverpool,Glen Johnson,Right-Back
2011/12,Liverpool,Jack Robinson,Centre-Back
2011/12,Liverpool,Jamie Carragher,Centre-Back
2011/12,Liverpool,Jay Spearing,Defensive Midfield
2011/12,Liverpool,Jon Flanagan,Right-Back
2011/12,Liverpool,Jonjo Shelvey,Central Midfield
2011/12,Liverpool,Jordan Henderson,Defensive Midfield
2011/12,Liverpool,José Enrique,Left-Back
2011/12,Liverpool,Lucas Leiva,Defensive Midfield
2011/12,Liverpool,Luis Suárez,Centre-Forward
2011/12,Liverpool,Martin Kelly,Right-Back
2011/12,Liverpool,Martin Skrtel,Centre-Back
2011/12,Liverpool,Maxi Rodríguez,Left Winger
2011/12,Liverpool,Pepe Reina,Goalkeeper
2011/12,Liverpool,Raheem Sterling,Right Winger
2011/12,Liverpool,Raúl Meireles,Central Midfield
2011/12,Liverpool,Sebastián Coates,Centre-Back
2011/12,Liverpool,Steven Gerrard,Central Midfield
2011/12,Liverpool,Stewart Downing,Left Midfield
2011/12,Man City,Abdul Razak,Central Midfield
2011/12,Man City,Adam Johnson,Right Winger
2011/12,Man City,Aleksandar Kolarov,Left-Back
2011/12,Man City,Carlos Tévez,Centre-Forward
2011/12,Man City,Costel Pantilimon,Goalkeeper
2011/12,Man City,David Pizarro,Central Midfield
2011/12,Man City,David Silva,Attacking Midfield
2011/12,Man City,Dedryck Boyata,Centre-Back
2011/12,Man City,Denis Suárez,Attacking Midfield
2011/12,Man City,Edin Dzeko,Centre-Forward
2011/12,Man City,Emmanuel Adebayor,Centre-Forward
2011/12,Man City,Gareth Barry,Defensive Midfield
2011/12,Man City,Gaël Clichy,Left-Back
2011/12,Man City,James Milner,Central Midfield
2011/12,Man City,Joe Hart,Goalkeeper
2011/12,Man City,Joleon Lescott,Centre-Back
2011/12,Man City,Karim Rekik,Centre-Back
2011/12,Man City,Kolo Touré,Centre-Back
2011/12,Man City,Luca Scapuzzi,Left Winger
2011/12,Man City,Mario Balotelli,Centre-Forward
2011/12,Man City,Micah Richards,Right-Back
2011/12,Man City,Michael Johnson,Defensive Midfield
2011/12,Man City,Nedum Onuoha,Centre-Back
2011/12,Man City,Nigel de Jong,Defensive Midfield
2011/12,Man City,Owen Hargreaves,Defensive Midfield
2011/12,Man City,Pablo Zabaleta,Right-Back
2011/12,Man City,Samir Nasri,Attacking Midfield
2011/12,Man City,Sergio Agüero,Centre-Forward
2011/12,Man City,Shaun Wright-Phillips,Right Winger
2011/12,Man City,Stefan Savic,Centre-Back
2011/12,Man City,Stuart Taylor,Goalkeeper
2011/12,Man City,Vincent Kompany,Centre-Back
2011/12,Man City,Wayne Bridge,Left-Back
2011/12,Man City,Yaya Touré,Central Midfield
2011/12,Man United,Anders Lindegaard,Goalkeeper
2011/12,Man United,Anderson,Central Midfield
2011/12,Man United,Antonio Valencia,Right-Back
2011/12,Man United,Ashley Young,Right-Back
2011/12,Man United,Ben Amos,Goalkeeper
2011/12,Man United,Chicharito,Centre-Forward
2011/12,Man United,Chris Smalling,Centre-Back
2011/12,Man United,Danny Welbeck,Centre-Forward
2011/12,Man United,Darren Fletcher,Central Midfield
2011/12,Man United,Darron Gibson,Central Midfield
2011/12,Man United,David de Gea,Goalkeeper
2011/12,Man United,Dimitar Berbatov,Centre-Forward
2011/12,Man United,Federico Macheda,Centre-Forward
2011/12,Man United,Fábio,Right-Back
2011/12,Man United,Jesse Lingard,Attacking Midfield
2011/12,Man United,Ji-sung Park,Attacking Midfield
2011/12,Man United,Jonny Evans,Centre-Back
2011/12,Man United,Larnell Cole,Right Midfield
2011/12,Man United,Mame Diouf,Centre-Forward
2011/12,Man United,Marnick Vermijl,Left-Back
2011/12,Man United,Michael Carrick,Defensive Midfield
2011/12,Man United,Michael Keane,Centre-Back
2011/12,Man United,Michael Owen,Centre-Forward
2011/12,Man United,Nani,Left Winger
2011/12,Man United,Nemanja Vidic‎,Centre-Back
2011/12,Man United,Patrice Evra,Left-Back
2011/12,Man United,Paul Pogba,Central Midfield
2011/12,Man United,Paul Scholes,Central Midfield
2011/12,Man United,Phil Jones,Centre-Back
2011/12,Man United,Rafael,Right-Back
2011/12,Man United,Ravel Morrison,Attacking Midfield
2011/12,Man United,Reece Brown,Centre-Back
2011/12,Man United,Rio Ferdinand,Centre-Back
2011/12,Man United,Ritchie De Laet,Right-Back
2011/12,Man United,Ryan Giggs,Left Midfield
2011/12,Man United,Tom Cleverley,Central Midfield
2011/12,Man United,Tom Thorpe,Centre-Back
2011/12,Man United,Tomasz Kuszczak,Goalkeeper
2011/12,Man United,Wayne Rooney,Centre-Forward
2011/12,Man United,Will Keane,Centre-Forward
2011/12,Man United,Zeki Fryers,Left-Back
2011/12,Newcastle,Alan Smith,Central Midfield
2011/12,Newcastle,Cheik Tioté,Defensive Midfield
2011/12,Newcastle,Dan Gosling,Central Midfield
2011/12,Newcastle,Danny Guthrie,Central Midfield
2011/12,Newcastle,Danny Simpson,Right-Back
2011/12,Newcastle,Davide Santon,Left-Back
2011/12,Newcastle,Demba Ba,Centre-Forward
2011/12,Newcastle,Fabricio Coloccini,Centre-Back
2011/12,Newcastle,Fraser Forster,Goalkeeper
2011/12,Newcastle,Gabriel Obertan,Right Winger
2011/12,Newcastle,Haris Vuckic,Second Striker
2011/12,Newcastle,Hatem Ben Arfa,Attacking Midfield
2011/12,Newcastle,James Perch,Centre-Back
2011/12,Newcastle,Jeff Henderson,Centre-Back
2011/12,Newcastle,Joey Barton,Central Midfield
2011/12,Newcastle,Jonás Gutiérrez,Left Midfield
2011/12,Newcastle,Leon Best,Centre-Forward
2011/12,Newcastle,Mehdi Abeid,Central Midfield
2011/12,Newcastle,Mike Williamson,Centre-Back
2011/12,Newcastle,Nile Ranger,Centre-Forward
2011/12,Newcastle,Ole Söderberg,Goalkeeper
2011/12,Newcastle,Papiss Demba Cissé,Centre-Forward
2011/12,Newcastle,Paul Dummett,Left-Back
2011/12,Newcastle,Peter Løvenkrands,Centre-Forward
2011/12,Newcastle,Rob Elliot,Goalkeeper
2011/12,Newcastle,Ryan Taylor,Right-Back
2011/12,Newcastle,Sammy Ameobi,Left Winger
2011/12,Newcastle,Shane Ferguson,Left Midfield
2011/12,Newcastle,Shola Ameobi,Centre-Forward
2011/12,Newcastle,Steve Harper,Goalkeeper
2011/12,Newcastle,Steven Taylor,Centre-Back
2011/12,Newcastle,Sylvain Marveaux,Attacking Midfield
2011/12,Newcastle,Tamás Kádár,Centre-Back
2011/12,Newcastle,Tim Krul,Goalkeeper
2011/12,Newcastle,Yohan Cabaye,Central Midfield
2011/12,Norwich,Aaron Wilbraham,Centre-Forward
2011/12,Norwich,Adam Drury,Left-Back
2011/12,Norwich,Andrew Crofts,Central Midfield
2011/12,Norwich,Andrew Surman,Central Midfield
2011/12,Norwich,Anthony Pilkington,Left Winger
2011/12,Norwich,Bradley Johnson,Central Midfield
2011/12,Norwich,Chris Martin,Centre-Forward
2011/12,Norwich,Daniel Ayala,Centre-Back
2011/12,Norwich,David Fox,Central Midfield
2011/12,Norwich,Declan Rudd,Goalkeeper
2011/12,Norwich,Elliott Bennett,Right Midfield
2011/12,Norwich,Elliott Ward,Centre-Back
2011/12,Norwich,Grant Holt,Centre-Forward
2011/12,Norwich,James Vaughan,Centre-Forward
2011/12,Norwich,Jed Steer,Goalkeeper
2011/12,Norwich,John Ruddy,Goalkeeper
2011/12,Norwich,Jonathan Howson,Central Midfield
2011/12,Norwich,Korey Smith,Central Midfield
2011/12,Norwich,Kyle Naughton,Right-Back
2011/12,Norwich,Leon Barnett,Centre-Back
2011/12,Norwich,Marc Tierney,Left-Back
2011/12,Norwich,Ritchie De Laet,Right-Back
2011/12,Norwich,Russell Martin,Centre-Back
2011/12,Norwich,Ryan Bennett,Centre-Back
2011/12,Norwich,Simeon Jackson,Centre-Forward
2011/12,Norwich,Simon Lappin,Central Midfield
2011/12,Norwich,Steve Morison,Centre-Forward
2011/12,Norwich,Wes Hoolahan,Attacking Midfield
2011/12,Norwich,Zak Whitbread,Centre-Back
2011/12,QPR,Adel Taarabt,Central Midfield
2011/12,QPR,Alejandro Faurlín,Central Midfield
2011/12,QPR,Anton Ferdinand,Centre-Back
2011/12,QPR,Antonio German,Centre-Forward
2011/12,QPR,Armand Traoré,Left-Back
2011/12,QPR,Bobby Zamora,Centre-Forward
2011/12,QPR,Bradley Orr,Right-Back
2011/12,QPR,Brian Murphy,Goalkeeper
2011/12,QPR,Bruno Andrade,Left Winger
2011/12,QPR,Bruno Perone,Centre-Back
2011/12,QPR,Clint Hill,Centre-Back
2011/12,QPR,DJ Campbell,Centre-Forward
2011/12,QPR,Danny Gabbidon,Centre-Back
2011/12,QPR,Danny Shittu,Centre-Back
2011/12,QPR,Djibril Cissé,Centre-Forward
2011/12,QPR,Elvijs Putnins,Goalkeeper
2011/12,QPR,Federico Macheda,Centre-Forward
2011/12,QPR,Fitz Hall,Centre-Back
2011/12,QPR,Heidar Helguson,Centre-Forward
2011/12,QPR,Hogan Ephraim,Left Midfield
2011/12,QPR,Jamie Mackie,Centre-Forward
2011/12,QPR,Jason Puncheon,Central Midfield
2011/12,QPR,Jay Bothroyd,Centre-Forward
2011/12,QPR,Joey Barton,Central Midfield
2011/12,QPR,Kaspars Gorkss,Centre-Back
2011/12,QPR,Kieron Dyer,Right Midfield
2011/12,QPR,Lee Cook,Left Winger
2011/12,QPR,Luke Young,Right-Back
2011/12,QPR,Martin Rowlands,Central Midfield
2011/12,QPR,Matthew Connolly,Centre-Back
2011/12,QPR,Michael Harriman,Centre-Back
2011/12,QPR,Nedum Onuoha,Centre-Back
2011/12,QPR,Paddy Kenny,Goalkeeper
2011/12,QPR,Patrick Agyemang,Centre-Forward
2011/12,QPR,Peter Ramage,Centre-Back
2011/12,QPR,Petter Vaagan Moen,Attacking Midfield
2011/12,QPR,Radek Cerny,Goalkeeper
2011/12,QPR,Rob Hulse,Centre-Forward
2011/12,QPR,Rowan Vine,Centre-Forward
2011/12,QPR,Samba Diakité,Defensive Midfield
2011/12,QPR,Shaun Derry,Defensive Midfield
2011/12,QPR,Shaun Wright-Phillips,Right Winger
2011/12,QPR,Taye Taiwo,Left-Back
2011/12,QPR,Tommy Smith,Centre-Forward
2011/12,QPR,Troy Hewitt,Centre-Forward
2011/12,QPR,Ákos Buzsáky,Central Midfield
2011/12,Stoke,Andrew Davies,Centre-Back
2011/12,Stoke,Andy Wilkinson,Right-Back
2011/12,Stoke,Asmir Begovic,Goalkeeper
2011/12,Stoke,Cameron Jerome,Centre-Forward
2011/12,Stoke,Carlo Nash,Goalkeeper
2011/12,Stoke,Danny Collins,Centre-Back
2011/12,Stoke,Danny Higginbotham,Centre-Back
2011/12,Stoke,Danny Pugh,Left-Back
2011/12,Stoke,Dean Whitehead,Central Midfield
2011/12,Stoke,Diego Arismendi,Defensive Midfield
2011/12,Stoke,Glenn Whelan,Defensive Midfield
2011/12,Stoke,Jermaine Pennant,Right Winger
2011/12,Stoke,Jonathan Walters,Right Winger
2011/12,Stoke,Jonathan Woodgate,Centre-Back
2011/12,Stoke,Kenwyne Jones,Centre-Forward
2011/12,Stoke,Mamady Sidibé,Centre-Forward
2011/12,Stoke,Marc Wilson,Centre-Back
2011/12,Stoke,Matthew Etherington,Left Midfield
2011/12,Stoke,Matthew Upson,Centre-Back
2011/12,Stoke,Michael Clarkson,Midfielder
2011/12,Stoke,Michael Tonge,Central Midfield
2011/12,Stoke,Peter Crouch,Centre-Forward
2011/12,Stoke,Ricardo Fuller,Centre-Forward
2011/12,Stoke,Robert Huth,Centre-Back
2011/12,Stoke,Rory Delap,Central Midfield
2011/12,Stoke,Ryan Shawcross,Centre-Back
2011/12,Stoke,Ryan Shotton,Centre-Back
2011/12,Stoke,Salif Diao,Defensive Midfield
2011/12,Stoke,Thomas Sörensen,Goalkeeper
2011/12,Stoke,Tom Soares,Central Midfield
2011/12,Stoke,Wilson Palacios,Defensive Midfield
2011/12,Sunderland,Ahmed El Mohamady,Right-Back
2011/12,Sunderland,Anton Ferdinand,Centre-Back
2011/12,Sunderland,Asamoah Gyan,Centre-Forward
2011/12,Sunderland,Connor Wickham,Centre-Forward
2011/12,Sunderland,Craig Gardner,Central Midfield
2011/12,Sunderland,Craig Gordon,Goalkeeper
2011/12,Sunderland,David Meyler,Central Midfield
2011/12,Sunderland,David Vaughan,Defensive Midfield
2011/12,Sunderland,Dong-won Ji,Centre-Forward
2011/12,Sunderland,Fraizer Campbell,Centre-Forward
2011/12,Sunderland,George McCartney,Left-Back
2011/12,Sunderland,Jack Colback,Defensive Midfield
2011/12,Sunderland,James McClean,Left Midfield
2011/12,Sunderland,John O'Shea,Centre-Back
2011/12,Sunderland,Jordan Cook,Centre-Forward
2011/12,Sunderland,Keiren Westwood,Goalkeeper
2011/12,Sunderland,Kieran Richardson,Left-Back
2011/12,Sunderland,Lee Cattermole,Defensive Midfield
2011/12,Sunderland,Louis Laing,Centre-Back
2011/12,Sunderland,Marcos Angeleri,Right-Back
2011/12,Sunderland,Matthew Kilgallon,Centre-Back
2011/12,Sunderland,Michael Turner,Centre-Back
2011/12,Sunderland,Nicklas Bendtner,Centre-Forward
2011/12,Sunderland,Phil Bardsley,Right-Back
2011/12,Sunderland,Ryan Noble,Centre-Forward
2011/12,Sunderland,Sebastian Larsson,Central Midfield
2011/12,Sunderland,Simon Mignolet,Goalkeeper
2011/12,Sunderland,Sotiris Kyrgiakos,Centre-Back
2011/12,Sunderland,Stéphane Sessègnon,Attacking Midfield
2011/12,Sunderland,Titus Bramble,Centre-Back
2011/12,Sunderland,Trevor Carson,Goalkeeper
2011/12,Sunderland,Wayne Bridge,Left-Back
2011/12,Sunderland,Wes Brown,Centre-Back
2011/12,Swansea,Alan Tate,Centre-Back
2011/12,Swansea,Andrea Orlandi,Central Midfield
2011/12,Swansea,Ashley Williams,Centre-Back
2011/12,Swansea,Curtis Obeng,Right-Back
2011/12,Swansea,Daniel Alfei,Right-Back
2011/12,Swansea,Danny Graham,Centre-Forward
2011/12,Swansea,Darnel Situ,Centre-Back
2011/12,Swansea,Federico Bessone,Left-Back
2011/12,Swansea,Ferrie Bodde,Central Midfield
2011/12,Swansea,Garry Monk,Centre-Back
2011/12,Swansea,Gerhard Tremmel,Goalkeeper
2011/12,Swansea,Gylfi Sigurdsson,Attacking Midfield
2011/12,Swansea,Jazz Richards,Right-Back
2011/12,Swansea,Joe Allen,Central Midfield
2011/12,Swansea,Joe Walsh,Centre-Back
2011/12,Swansea,Josh McEachran,Central Midfield
2011/12,Swansea,José Moreira,Goalkeeper
2011/12,Swansea,Kemy Agustien,Central Midfield
2011/12,Swansea,Lee Lucas,Central Midfield
2011/12,Swansea,Leon Britton,Central Midfield
2011/12,Swansea,Leroy Lita,Centre-Forward
2011/12,Swansea,Luke Moore,Centre-Forward
2011/12,Swansea,Mark Gower,Central Midfield
2011/12,Swansea,Michel Vorm,Goalkeeper
2011/12,Swansea,Nathan Dyer,Right Winger
2011/12,Swansea,Neil Taylor,Left-Back
2011/12,Swansea,Scott Donnelly,Right Midfield
2011/12,Swansea,Scott Sinclair,Left Winger
2011/12,Swansea,Stephen Dobbie,Centre-Forward
2011/12,Swansea,Steven Caulker,Centre-Back
2011/12,Swansea,Vangelis Moras,Centre-Back
2011/12,Swansea,Wayne Routledge,Left Winger
2011/12,Swansea,Ángel Rangel,Right-Back
2011/12,Tottenham,Aaron Lennon,Right Winger
2011/12,Tottenham,Adam Smith,Right-Back
2011/12,Tottenham,Alex Pritchard,Attacking Midfield
2011/12,Tottenham,Andros Townsend,Right Winger
2011/12,Tottenham,Benoît Assou-Ekotto,Left-Back
2011/12,Tottenham,Bongani Khumalo,Centre-Back
2011/12,Tottenham,Brad Friedel,Goalkeeper
2011/12,Tottenham,Cameron Lancaster,Centre-Forward
2011/12,Tottenham,Carlo Cudicini,Goalkeeper
2011/12,Tottenham,Cristian Ceballos,Attacking Midfield
2011/12,Tottenham,Danny Rose,Left-Back
2011/12,Tottenham,David Bentley,Right Midfield
2011/12,Tottenham,Dean Parrett,Central Midfield
2011/12,Tottenham,Emmanuel Adebayor,Centre-Forward
2011/12,Tottenham,Gareth Bale,Right Winger
2011/12,Tottenham,Giovani dos Santos,Second Striker
2011/12,Tottenham,Harry Kane,Centre-Forward
2011/12,Tottenham,Heurelho Gomes,Goalkeeper
2011/12,Tottenham,Iago Falque,Right Winger
2011/12,Tottenham,Jack Barthram,Right-Back
2011/12,Tottenham,Jake Livermore,Defensive Midfield
2011/12,Tottenham,Jake Nicholson,Central Midfield
2011/12,Tottenham,Jermain Defoe,Centre-Forward
2011/12,Tottenham,Jermaine Jenas,Central Midfield
2011/12,Tottenham,John Bostock,Central Midfield
2011/12,Tottenham,Kevin Stewart,Defensive Midfield
2011/12,Tottenham,Kyle Naughton,Right-Back
2011/12,Tottenham,Kyle Walker,Right-Back
2011/12,Tottenham,Ledley King,Centre-Back
2011/12,Tottenham,Louis Saha,Centre-Forward
2011/12,Tottenham,Luka Modrić,Central Midfield
2011/12,Tottenham,Massimo Luongo,Central Midfield
2011/12,Tottenham,Michael Dawson,Centre-Back
2011/12,Tottenham,Niko Kranjcar,Attacking Midfield
2011/12,Tottenham,Peter Crouch,Centre-Forward
2011/12,Tottenham,Rafael van der Vaart,Attacking Midfield
2011/12,Tottenham,Roman Pavlyuchenko,Centre-Forward
2011/12,Tottenham,Ryan Fredericks,Right-Back
2011/12,Tottenham,Ryan Nelsen,Centre-Back
2011/12,Tottenham,Sandro,Central Midfield
2011/12,Tottenham,Scott Parker,Central Midfield
2011/12,Tottenham,Steven Caulker,Centre-Back
2011/12,Tottenham,Steven Pienaar,Left Midfield
2011/12,Tottenham,Sébastien Bassong,Centre-Back
2011/12,Tottenham,Tom Carroll,Central Midfield
2011/12,Tottenham,Tom Huddlestone,Defensive Midfield
2011/12,Tottenham,Vedran Corluka,Centre-Back
2011/12,Tottenham,William Gallas,Centre-Back
2011/12,Tottenham,Younès Kaboul,Centre-Back
2011/12,West Brom,Ben Foster,Goalkeeper
2011/12,West Brom,Billy Jones,Right-Back
2011/12,West Brom,Chris Brunt,Central Midfield
2011/12,West Brom,Chris Wood,Centre-Forward
2011/12,West Brom,Craig Dawson,Centre-Back
2011/12,West Brom,Gabriel Tamaș,Centre-Back
2011/12,West Brom,Gareth McAuley,Centre-Back
2011/12,West Brom,George Thorne,Central Midfield
2011/12,West Brom,Gonzalo Jara,Centre-Back
2011/12,West Brom,Graham Dorrans,Central Midfield
2011/12,West Brom,James Hurst,Centre-Back
2011/12,West Brom,James Morrison,Central Midfield
2011/12,West Brom,Jerome Thomas,Left Winger
2011/12,West Brom,Joe Mattock,Left-Back
2011/12,West Brom,Jonas Olsson,Centre-Back
2011/12,West Brom,Keith Andrews,Central Midfield
2011/12,West Brom,Kemar Roofe,Centre-Forward
2011/12,West Brom,Liam Ridgewell,Centre-Back
2011/12,West Brom,Luke Daniels,Goalkeeper
2011/12,West Brom,Marc-Antoine Fortuné,Centre-Forward
2011/12,West Brom,Marek Cech,Left-Back
2011/12,West Brom,Márton Fülöp,Goalkeeper
2011/12,West Brom,Nicky Shorey,Left-Back
2011/12,West Brom,Paul Downing,Centre-Back
2011/12,West Brom,Paul Scharner,Defensive Midfield
2011/12,West Brom,Peter Odemwingie,Centre-Forward
2011/12,West Brom,Roman Bednar,Centre-Forward
2011/12,West Brom,Saido Berahino,Centre-Forward
2011/12,West Brom,Sam Mantom,Central Midfield
2011/12,West Brom,Scott Allan,Attacking Midfield
2011/12,West Brom,Shane Long,Centre-Forward
2011/12,West Brom,Simon Cox,Centre-Forward
2011/12,West Brom,Somen Tchoyi,Attacking Midfield
2011/12,West Brom,Steven Reid,Right-Back
2011/12,West Brom,Youssouf Mulumbu,Defensive Midfield
2011/12,West Brom,Zoltán Gera,Attacking Midfield
2011/12,Wigan,Adrián López,Centre-Back
2011/12,Wigan,Albert Crusat,Left Winger
2011/12,Wigan,Ali Al-Habsi,Goalkeeper
2011/12,Wigan,Antolín Alcaraz,Centre-Back
2011/12,Wigan,Ben Watson,Central Midfield
2011/12,Wigan,Callum McManaman,Right Winger
2011/12,Wigan,Chris Kirkland,Goalkeeper
2011/12,Wigan,Conor Sammon,Centre-Forward
2011/12,Wigan,David Jones,Central Midfield
2011/12,Wigan,Emmerson Boyce,Right-Back
2011/12,Wigan,Franco Di Santo,Centre-Forward
2011/12,Wigan,Gary Caldwell,Centre-Back
2011/12,Wigan,Hendry Thomas,Defensive Midfield
2011/12,Wigan,Hugo Rodallega,Centre-Forward
2011/12,Wigan,James McArthur,Central Midfield
2011/12,Wigan,James McCarthy,Central Midfield
2011/12,Wigan,Jean Beausejour,Left-Back
2011/12,Wigan,Jordan Mustoe,Left-Back
2011/12,Wigan,Jordi Gómez,Central Midfield
2011/12,Wigan,Lee Nicholls,Goalkeeper
2011/12,Wigan,Maynor Figueroa,Left-Back
2011/12,Wigan,Mike Pollitt,Goalkeeper
2011/12,Wigan,Mohamed Diamé,Central Midfield
2011/12,Wigan,Nouha Dicko,Centre-Forward
2011/12,Wigan,Patrick van Aanholt,Left-Back
2011/12,Wigan,Ronnie Stam,Right-Back
2011/12,Wigan,Shaun Maloney,Attacking Midfield
2011/12,Wigan,Steve Gohouri,Centre-Back
2011/12,Wigan,Victor Moses,Right Winger
2011/12,Wolves,Adam Hammill,Right Winger
2011/12,Wolves,Adlène Guédioura,Defensive Midfield
2011/12,Wolves,Anthony Forde,Right Midfield
2011/12,Wolves,Carl Ikeme,Goalkeeper
2011/12,Wolves,Christophe Berra,Centre-Back
2011/12,Wolves,David Davis,Central Midfield
2011/12,Wolves,David Edwards,Central Midfield
2011/12,Wolves,Dorus de Vries,Goalkeeper
2011/12,Wolves,Eggert Gunnthór Jónsson,Defensive Midfield
2011/12,Wolves,Emmanuel Frimpong,Defensive Midfield
2011/12,Wolves,George Elokobi,Centre-Back
2011/12,Wolves,James Spray,Centre-Forward
2011/12,Wolves,Jamie O'Hara,Central Midfield
2011/12,Wolves,Jamie Reckord,Left-Back
2011/12,Wolves,Jody Craddock,Centre-Back
2011/12,Wolves,Johnny Gorman,Left Winger
2011/12,Wolves,Karl Henry,Defensive Midfield
2011/12,Wolves,Kevin Doyle,Centre-Forward
2011/12,Wolves,Kevin Foley,Right-Back
2011/12,Wolves,Leigh Griffiths,Centre-Forward
2011/12,Wolves,Matt Doherty,Right-Back
2011/12,Wolves,Matt Jarvis,Left Winger
2011/12,Wolves,Michael Kightly,Left Winger
2011/12,Wolves,Nenad Milijas,Central Midfield
2011/12,Wolves,Richard Stearman,Centre-Back
2011/12,Wolves,Roger Johnson,Centre-Back
2011/12,Wolves,Ronald Zubar,Centre-Back
2011/12,Wolves,Sam Vokes,Centre-Forward
2011/12,Wolves,Stefan Maierhofer,Centre-Forward
2011/12,Wolves,Stephen Hunt,Left Midfield
2011/12,Wolves,Stephen Ward,Left-Back
2011/12,Wolves,Steven Fletcher,Centre-Forward
2011/12,Wolves,Sylvan Ebanks-Blake,Centre-Forward
2011/12,Wolves,Sébastien Bassong,Centre-Back
2011/12,Wolves,Wayne Hennessey,Goalkeeper
2012/13,Arsenal,Aaron Ramsey,Central Midfield
2012/13,Arsenal,Abou Diaby,Central Midfield
2012/13,Arsenal,Alex Oxlade-Chamberlain,Central Midfield
2012/13,Arsenal,Andrey Arshavin,Left Winger
2012/13,Arsenal,André Santos,Left-Back
2012/13,Arsenal,Bacary Sagna,Right-Back
2012/13,Arsenal,Carl Jenkinson,Right-Back
2012/13,Arsenal,Emiliano Martínez,Goalkeeper
2012/13,Arsenal,Emmanuel Frimpong,Defensive Midfield
2012/13,Arsenal,Francis Coquelin,Defensive Midfield
2012/13,Arsenal,Gervinho,Left Winger
2012/13,Arsenal,Ignasi Miquel,Centre-Back
2012/13,Arsenal,Jack Wilshere,Central Midfield
2012/13,Arsenal,Jernade Meade,Left-Back
2012/13,Arsenal,Johan Djourou,Centre-Back
2012/13,Arsenal,Kieran Gibbs,Left-Back
2012/13,Arsenal,Laurent Koscielny,Centre-Back
2012/13,Arsenal,Lukas Podolski,Centre-Forward
2012/13,Arsenal,Lukasz Fabianski,Goalkeeper
2012/13,Arsenal,Marouane Chamakh,Centre-Forward
2012/13,Arsenal,Martin Angha,Centre-Back
2012/13,Arsenal,Mikel Arteta,Central Midfield
2012/13,Arsenal,Nacho Monreal,Left-Back
2012/13,Arsenal,Nico Yennaris,Defensive Midfield
2012/13,Arsenal,Olivier Giroud,Centre-Forward
2012/13,Arsenal,Per Mertesacker,Centre-Back
2012/13,Arsenal,Ryo Miyaichi,Right Winger
2012/13,Arsenal,Santi Cazorla,Central Midfield
2012/13,Arsenal,Serge Gnabry,Second Striker
2012/13,Arsenal,Sébastien Squillaci,Centre-Back
2012/13,Arsenal,Theo Walcott,Right Winger
2012/13,Arsenal,Thomas Eisfeld,Central Midfield
2012/13,Arsenal,Thomas Vermaelen,Centre-Back
2012/13,Arsenal,Tomas Rosicky,Attacking Midfield
2012/13,Arsenal,Vito Mannone,Goalkeeper
2012/13,Arsenal,Wojciech Szczesny,Goalkeeper
2012/13,Aston Villa,Andreas Weimann,Centre-Forward
2012/13,Aston Villa,Andy Marshall,Goalkeeper
2012/13,Aston Villa,Ashley Westwood,Defensive Midfield
2012/13,Aston Villa,Barry Bannan,Central Midfield
2012/13,Aston Villa,Brad Guzan,Goalkeeper
2012/13,Aston Villa,Brett Holman,Attacking Midfield
2012/13,Aston Villa,Charles N'Zogbia,Right Winger
2012/13,Aston Villa,Chris Herd,Defensive Midfield
2012/13,Aston Villa,Christian Benteke,Centre-Forward
2012/13,Aston Villa,Ciaran Clark,Centre-Back
2012/13,Aston Villa,Darren Bent,Centre-Forward
2012/13,Aston Villa,Derrick Williams,Centre-Back
2012/13,Aston Villa,Enda Stevens,Left-Back
2012/13,Aston Villa,Eric Lichaj,Right-Back
2012/13,Aston Villa,Fabian Delph,Central Midfield
2012/13,Aston Villa,Gabriel Agbonlahor,Centre-Forward
2012/13,Aston Villa,Gary Gardner,Central Midfield
2012/13,Aston Villa,Graham Burke,Second Striker
2012/13,Aston Villa,Joe Bennett,Left-Back
2012/13,Aston Villa,Jordan Bowery,Centre-Back
2012/13,Aston Villa,Karim El Ahmadi,Defensive Midfield
2012/13,Aston Villa,Marc Albrighton,Right Midfield
2012/13,Aston Villa,Matthew Lowton,Right-Back
2012/13,Aston Villa,Nathan Baker,Centre-Back
2012/13,Aston Villa,Nathan Delfouneso,Centre-Forward
2012/13,Aston Villa,Richard Dunne,Centre-Back
2012/13,Aston Villa,Ron Vlaar,Centre-Back
2012/13,Aston Villa,Shay Given,Goalkeeper
2012/13,Aston Villa,Simon Dawkins,Left Winger
2012/13,Aston Villa,Stephen Ireland,Attacking Midfield
2012/13,Aston Villa,Yacouba Sylla,Defensive Midfield
2012/13,Chelsea,Ashley Cole,Left-Back
2012/13,Chelsea,Branislav Ivanovic,Right-Back
2012/13,Chelsea,César Azpilicueta,Centre-Back
2012/13,Chelsea,Daniel Sturridge,Centre-Forward
2012/13,Chelsea,David Luiz,Centre-Back
2012/13,Chelsea,Demba Ba,Centre-Forward
2012/13,Chelsea,Eden Hazard,Left Winger
2012/13,Chelsea,Fernando Torres,Centre-Forward
2012/13,Chelsea,Florent Malouda,Left Winger
2012/13,Chelsea,Frank Lampard,Central Midfield
2012/13,Chelsea,Gary Cahill,Centre-Back
2012/13,Chelsea,Hilário,Goalkeeper
2012/13,Chelsea,John Obi Mikel,Defensive Midfield
2012/13,Chelsea,John Terry,Centre-Back
2012/13,Chelsea,Josh McEachran,Central Midfield
2012/13,Chelsea,Juan Mata,Attacking Midfield
2012/13,Chelsea,Lucas Piazón,Attacking Midfield
2012/13,Chelsea,Marko Marin,Attacking Midfield
2012/13,Chelsea,Nathan Aké,Centre-Back
2012/13,Chelsea,Nathaniel Chalobah,Defensive Midfield
2012/13,Chelsea,Oriol Romeu,Defensive Midfield
2012/13,Chelsea,Oscar,Attacking Midfield
2012/13,Chelsea,Paulo Ferreira,Right-Back
2012/13,Chelsea,Petr Cech,Goalkeeper
2012/13,Chelsea,Ramires,Central Midfield
2012/13,Chelsea,Raúl Meireles,Central Midfield
2012/13,Chelsea,Romelu Lukaku,Centre-Forward
2012/13,Chelsea,Ross Turnbull,Goalkeeper
2012/13,Chelsea,Ryan Bertrand,Left-Back
2012/13,Chelsea,Victor Moses,Right Winger
2012/13,Chelsea,Yossi Benayoun,Right Winger
2012/13,Everton,Apostolos Vellios,Centre-Forward
2012/13,Everton,Bryan Oviedo,Left-Back
2012/13,Everton,Darron Gibson,Central Midfield
2012/13,Everton,Francisco Júnior,Central Midfield
2012/13,Everton,Jan Mucha,Goalkeeper
2012/13,Everton,John Heitinga,Centre-Back
2012/13,Everton,John Stones,Centre-Back
2012/13,Everton,Kevin Mirallas,Right Winger
2012/13,Everton,Leighton Baines,Left-Back
2012/13,Everton,Leon Osman,Central Midfield
2012/13,Everton,Luke Garbutt,Left-Back
2012/13,Everton,Magaye Gueye,Centre-Forward
2012/13,Everton,Marouane Fellaini,Central Midfield
2012/13,Everton,Nikica Jelavic,Centre-Forward
2012/13,Everton,Phil Jagielka,Centre-Back
2012/13,Everton,Phil Neville,Right-Back
2012/13,Everton,Ross Barkley,Central Midfield
2012/13,Everton,Shane Duffy,Centre-Back
2012/13,Everton,Steven Naismith,Second Striker
2012/13,Everton,Steven Pienaar,Left Midfield
2012/13,Everton,Sylvain Distin,Centre-Back
2012/13,Everton,Séamus Coleman,Right-Back
2012/13,Everton,Thomas Hitzlsperger,Central Midfield
2012/13,Everton,Tim Howard,Goalkeeper
2012/13,Everton,Tony Hibbert,Right-Back
2012/13,Everton,Victor Anichebe,Centre-Forward
2012/13,Fulham,Aaron Hughes,Centre-Back
2012/13,Fulham,Alex Smith,Central Midfield
2012/13,Fulham,Alexander Kacaniklic,Right Winger
2012/13,Fulham,Ashkan Dejagah,Right Winger
2012/13,Fulham,Brede Hangeland,Centre-Back
2012/13,Fulham,Bryan Ruiz,Attacking Midfield
2012/13,Fulham,Chris Baird,Defensive Midfield
2012/13,Fulham,Csaba Somogyi,Goalkeeper
2012/13,Fulham,Damien Duff,Right Midfield
2012/13,Fulham,David Stockdale,Goalkeeper
2012/13,Fulham,Dimitar Berbatov,Centre-Forward
2012/13,Fulham,Emmanuel Frimpong,Defensive Midfield
2012/13,Fulham,Eyong Enoh,Defensive Midfield
2012/13,Fulham,Georgios Karagounis,Central Midfield
2012/13,Fulham,Hugo Rodallega,Centre-Forward
2012/13,Fulham,John Arne Riise,Left-Back
2012/13,Fulham,Kerim Frei,Left Winger
2012/13,Fulham,Kieran Richardson,Left-Back
2012/13,Fulham,Mahamadou Diarra,Defensive Midfield
2012/13,Fulham,Marcello Trotta,Centre-Forward
2012/13,Fulham,Mark Schwarzer,Goalkeeper
2012/13,Fulham,Matthew Briggs,Centre-Back
2012/13,Fulham,Mladen Petric,Centre-Forward
2012/13,Fulham,Mousa Dembélé,Central Midfield
2012/13,Fulham,Neil Etheridge,Goalkeeper
2012/13,Fulham,Pajtim Kasami,Central Midfield
2012/13,Fulham,Philippe Senderos,Centre-Back
2012/13,Fulham,Sascha Riether,Right-Back
2012/13,Fulham,Simon Davies,Right Midfield
2012/13,Fulham,Stanislav Manolev,Right-Back
2012/13,Fulham,Stephen Kelly,Right-Back
2012/13,Fulham,Steve Sidwell,Central Midfield
2012/13,Fulham,Urby Emanuelson,Central Midfield
2012/13,Liverpool,Adam Morgan,Centre-Forward
2012/13,Liverpool,Andre Wisdom,Right-Back
2012/13,Liverpool,Andy Carroll,Centre-Forward
2012/13,Liverpool,Brad Jones,Goalkeeper
2012/13,Liverpool,Charlie Adam,Central Midfield
2012/13,Liverpool,Conor Coady,Centre-Back
2012/13,Liverpool,Dani Pacheco,Defensive Midfield
2012/13,Liverpool,Daniel Agger,Centre-Back
2012/13,Liverpool,Daniel Sturridge,Centre-Forward
2012/13,Liverpool,Danny Wilson,Centre-Back
2012/13,Liverpool,Fabio Borini,Centre-Forward
2012/13,Liverpool,Glen Johnson,Right-Back
2012/13,Liverpool,Jack Robinson,Centre-Back
2012/13,Liverpool,Jamie Carragher,Centre-Back
2012/13,Liverpool,Jay Spearing,Defensive Midfield
2012/13,Liverpool,Jerome Sinclair,Centre-Forward
2012/13,Liverpool,Joe Allen,Central Midfield
2012/13,Liverpool,Joe Cole,Attacking Midfield
2012/13,Liverpool,Jon Flanagan,Right-Back
2012/13,Liverpool,Jonjo Shelvey,Central Midfield
2012/13,Liverpool,Jordan Henderson,Defensive Midfield
2012/13,Liverpool,Jordon Ibe,Right Winger
2012/13,Liverpool,José Enrique,Left-Back
2012/13,Liverpool,Lucas Leiva,Defensive Midfield
2012/13,Liverpool,Luis Suárez,Centre-Forward
2012/13,Liverpool,Martin Kelly,Right-Back
2012/13,Liverpool,Martin Skrtel,Centre-Back
2012/13,Liverpool,Nuri Şahin,Defensive Midfield
2012/13,Liverpool,Oussama Assaidi,Left Winger
2012/13,Liverpool,Pepe Reina,Goalkeeper
2012/13,Liverpool,Philippe Coutinho,Attacking Midfield
2012/13,Liverpool,Péter Gulácsi,Goalkeeper
2012/13,Liverpool,Raheem Sterling,Right Winger
2012/13,Liverpool,Samed Yesil,Centre-Forward
2012/13,Liverpool,Sebastián Coates,Centre-Back
2012/13,Liverpool,Steven Gerrard,Central Midfield
2012/13,Liverpool,Stewart Downing,Left Midfield
2012/13,Liverpool,Suso,Right Winger
2012/13,Man City,Abdisalam Ibrahim,Central Midfield
2012/13,Man City,Abdul Razak,Central Midfield
2012/13,Man City,Aleksandar Kolarov,Left-Back
2012/13,Man City,Carlos Tévez,Centre-Forward
2012/13,Man City,Costel Pantilimon,Goalkeeper
2012/13,Man City,Courtney Meppen-Walter,Centre-Back
2012/13,Man City,David Silva,Attacking Midfield
2012/13,Man City,Dedryck Boyata,Centre-Back
2012/13,Man City,Denis Suárez,Attacking Midfield
2012/13,Man City,Edin Dzeko,Centre-Forward
2012/13,Man City,Eirik Holmen,Goalkeeper
2012/13,Man City,Gareth Barry,Defensive Midfield
2012/13,Man City,Gaël Clichy,Left-Back
2012/13,Man City,George Evans,Defensive Midfield
2012/13,Man City,Jack Rodwell,Centre-Back
2012/13,Man City,James Milner,Central Midfield
2012/13,Man City,Javi García,Defensive Midfield
2012/13,Man City,Joe Hart,Goalkeeper
2012/13,Man City,John Guidetti,Centre-Forward
2012/13,Man City,Joleon Lescott,Centre-Back
2012/13,Man City,Jérémy Hélan,Left Midfield
2012/13,Man City,Karim Rekik,Centre-Back
2012/13,Man City,Kolo Touré,Centre-Back
2012/13,Man City,Maicon,Right-Back
2012/13,Man City,Mario Balotelli,Centre-Forward
2012/13,Man City,Matija Nastasić,Centre-Back
2012/13,Man City,Micah Richards,Right-Back
2012/13,Man City,Nigel de Jong,Defensive Midfield
2012/13,Man City,Pablo Zabaleta,Right-Back
2012/13,Man City,Richard Wright,Goalkeeper
2012/13,Man City,Rony Lopes,Right Winger
2012/13,Man City,Samir Nasri,Attacking Midfield
2012/13,Man City,Scott Sinclair,Left Winger
2012/13,Man City,Sergio Agüero,Centre-Forward
2012/13,Man City,Stefan Savic,Centre-Back
2012/13,Man City,Vincent Kompany,Centre-Back
2012/13,Man City,Wayne Bridge,Left-Back
2012/13,Man City,Yaya Touré,Central Midfield
2012/13,Man United,Alexander Büttner,Left-Back
2012/13,Man United,Anders Lindegaard,Goalkeeper
2012/13,Man United,Anderson,Central Midfield
2012/13,Man United,Antonio Valencia,Right-Back
2012/13,Man United,Ashley Young,Right-Back
2012/13,Man United,Ben Amos,Goalkeeper
2012/13,Man United,Chicharito,Centre-Forward
2012/13,Man United,Chris Smalling,Centre-Back
2012/13,Man United,Danny Welbeck,Centre-Forward
2012/13,Man United,Darren Fletcher,Central Midfield
2012/13,Man United,David de Gea,Goalkeeper
2012/13,Man United,Federico Macheda,Centre-Forward
2012/13,Man United,Fábio,Right-Back
2012/13,Man United,Jonny Evans,Centre-Back
2012/13,Man United,Joshua King,Centre-Forward
2012/13,Man United,Marnick Vermijl,Left-Back
2012/13,Man United,Michael Carrick,Defensive Midfield
2012/13,Man United,Michael Keane,Centre-Back
2012/13,Man United,Nani,Left Winger
2012/13,Man United,Nemanja Vidic‎,Centre-Back
2012/13,Man United,Nick Powell,Attacking Midfield
2012/13,Man United,Patrice Evra,Left-Back
2012/13,Man United,Paul Scholes,Central Midfield
2012/13,Man United,Phil Jones,Centre-Back
2012/13,Man United,Rafael,Right-Back
2012/13,Man United,Rio Ferdinand,Centre-Back
2012/13,Man United,Robbie Brady,Left Midfield
2012/13,Man United,Robin van Persie,Centre-Forward
2012/13,Man United,Ryan Giggs,Left Midfield
2012/13,Man United,Ryan Tunnicliffe,Central Midfield
2012/13,Man United,Scott Wootton,Centre-Back
2012/13,Man United,Shinji Kagawa,Attacking Midfield
2012/13,Man United,Tom Cleverley,Central Midfield
2012/13,Man United,Wayne Rooney,Centre-Forward
2012/13,Man United,Wilfried Zaha,Left Winger
2012/13,Man United,Ángelo Henríquez,Centre-Forward
2012/13,Newcastle,Adam Campbell,Left Winger
2012/13,Newcastle,Cheik Tioté,Defensive Midfield
2012/13,Newcastle,Dan Gosling,Central Midfield
2012/13,Newcastle,Danny Simpson,Right-Back
2012/13,Newcastle,Davide Santon,Left-Back
2012/13,Newcastle,Demba Ba,Centre-Forward
2012/13,Newcastle,Fabricio Coloccini,Centre-Back
2012/13,Newcastle,Gabriel Obertan,Right Winger
2012/13,Newcastle,Gaël Bigirimana,Defensive Midfield
2012/13,Newcastle,Haris Vuckic,Second Striker
2012/13,Newcastle,Hatem Ben Arfa,Attacking Midfield
2012/13,Newcastle,James Perch,Centre-Back
2012/13,Newcastle,James Tavernier,Right-Back
2012/13,Newcastle,Jonás Gutiérrez,Left Midfield
2012/13,Newcastle,Mapou Yanga-Mbiwa,Centre-Back
2012/13,Newcastle,Massadio Haïdara,Left-Back
2012/13,Newcastle,Mathieu Debuchy,Right-Back
2012/13,Newcastle,Mehdi Abeid,Central Midfield
2012/13,Newcastle,Mike Williamson,Centre-Back
2012/13,Newcastle,Moussa Sissoko,Central Midfield
2012/13,Newcastle,Nile Ranger,Centre-Forward
2012/13,Newcastle,Papiss Demba Cissé,Centre-Forward
2012/13,Newcastle,Paul Dummett,Left-Back
2012/13,Newcastle,Rob Elliot,Goalkeeper
2012/13,Newcastle,Romain Amalfitano,Central Midfield
2012/13,Newcastle,Ryan Taylor,Right-Back
2012/13,Newcastle,Sammy Ameobi,Left Winger
2012/13,Newcastle,Shane Ferguson,Left Midfield
2012/13,Newcastle,Shola Ameobi,Centre-Forward
2012/13,Newcastle,Steve Harper,Goalkeeper
2012/13,Newcastle,Steven Taylor,Centre-Back
2012/13,Newcastle,Sylvain Marveaux,Attacking Midfield
2012/13,Newcastle,Tim Krul,Goalkeeper
2012/13,Newcastle,Vurnon Anita,Defensive Midfield
2012/13,Newcastle,Yoan Gouffran,Left Winger
2012/13,Newcastle,Yohan Cabaye,Central Midfield
2012/13,Norwich,Alexander Tettey,Defensive Midfield
2012/13,Norwich,Andrew Surman,Central Midfield
2012/13,Norwich,Anthony Pilkington,Left Winger
2012/13,Norwich,Bradley Johnson,Central Midfield
2012/13,Norwich,Chris Martin,Centre-Forward
2012/13,Norwich,David Fox,Central Midfield
2012/13,Norwich,Declan Rudd,Goalkeeper
2012/13,Norwich,Elliott Bennett,Right Midfield
2012/13,Norwich,Elliott Ward,Centre-Back
2012/13,Norwich,George Francomb,Centre-Back
2012/13,Norwich,Grant Holt,Centre-Forward
2012/13,Norwich,Harry Kane,Centre-Forward
2012/13,Norwich,Jacob Butterfield,Central Midfield
2012/13,Norwich,James Vaughan,Centre-Forward
2012/13,Norwich,Javier Garrido,Left-Back
2012/13,Norwich,John Ruddy,Goalkeeper
2012/13,Norwich,Jonathan Howson,Central Midfield
2012/13,Norwich,Kei Kamara,Centre-Forward
2012/13,Norwich,Korey Smith,Central Midfield
2012/13,Norwich,Lee Camp,Goalkeeper
2012/13,Norwich,Leon Barnett,Centre-Back
2012/13,Norwich,Luciano Becchio,Centre-Forward
2012/13,Norwich,Marc Tierney,Left-Back
2012/13,Norwich,Mark Bunn,Goalkeeper
2012/13,Norwich,Michael Turner,Centre-Back
2012/13,Norwich,Robert Snodgrass,Right Winger
2012/13,Norwich,Russell Martin,Centre-Back
2012/13,Norwich,Ryan Bennett,Centre-Back
2012/13,Norwich,Simeon Jackson,Centre-Forward
2012/13,Norwich,Simon Lappin,Central Midfield
2012/13,Norwich,Steve Morison,Centre-Forward
2012/13,Norwich,Steven Whittaker,Right-Back
2012/13,Norwich,Sébastien Bassong,Centre-Back
2012/13,Norwich,Wes Hoolahan,Attacking Midfield
2012/13,QPR,Adel Taarabt,Central Midfield
2012/13,QPR,Alejandro Faurlín,Central Midfield
2012/13,QPR,Andy Johnson,Centre-Forward
2012/13,QPR,Anton Ferdinand,Centre-Back
2012/13,QPR,Armand Traoré,Left-Back
2012/13,QPR,Bobby Zamora,Centre-Forward
2012/13,QPR,Bosingwa,Right-Back
2012/13,QPR,Brian Murphy,Goalkeeper
2012/13,QPR,Christopher Samba,Centre-Back
2012/13,QPR,Clint Hill,Centre-Back
2012/13,QPR,DJ Campbell,Centre-Forward
2012/13,QPR,Djibril Cissé,Centre-Forward
2012/13,QPR,Esteban Granero,Central Midfield
2012/13,QPR,Hogan Ephraim,Left Midfield
2012/13,QPR,Jamie Mackie,Centre-Forward
2012/13,QPR,Jay Bothroyd,Centre-Forward
2012/13,QPR,Jermaine Jenas,Central Midfield
2012/13,QPR,Ji-sung Park,Attacking Midfield
2012/13,QPR,Junior Hoilett,Left Winger
2012/13,QPR,Júlio César,Goalkeeper
2012/13,QPR,Kieron Dyer,Right Midfield
2012/13,QPR,Loïc Rémy,Centre-Forward
2012/13,QPR,Luke Young,Right-Back
2012/13,QPR,Michael Harriman,Centre-Back
2012/13,QPR,Nedum Onuoha,Centre-Back
2012/13,QPR,Radek Cerny,Goalkeeper
2012/13,QPR,Rob Green,Goalkeeper
2012/13,QPR,Rob Hulse,Centre-Forward
2012/13,QPR,Samba Diakité,Defensive Midfield
2012/13,QPR,Seok-yeong Yun,Left-Back
2012/13,QPR,Shaun Derry,Defensive Midfield
2012/13,QPR,Shaun Wright-Phillips,Right Winger
2012/13,QPR,Stéphane Mbia,Defensive Midfield
2012/13,Reading,Adam Federici,Goalkeeper
2012/13,Reading,Adam Le Fondre,Centre-Forward
2012/13,Reading,Adrian Mariappa,Centre-Back
2012/13,Reading,Alex McCarthy,Goalkeeper
2012/13,Reading,Alex Pearce,Centre-Back
2012/13,Reading,Chris Gunter,Right-Back
2012/13,Reading,Daniel Carriço,Centre-Back
2012/13,Reading,Danny Guthrie,Central Midfield
2012/13,Reading,Dominic Samuel,Centre-Forward
2012/13,Reading,Garath McCleary,Right Winger
2012/13,Reading,Hal Robson-Kanu,Centre-Forward
2012/13,Reading,Hope Akpan,Central Midfield
2012/13,Reading,Ian Harte,Left-Back
2012/13,Reading,Jason Roberts,Centre-Forward
2012/13,Reading,Jay Tabb,Left Midfield
2012/13,Reading,Jem Karacan,Central Midfield
2012/13,Reading,Jimmy Kébé,Right Winger
2012/13,Reading,Jobi McAnuff,Left Winger
2012/13,Reading,Joseph Mills,Left-Back
2012/13,Reading,Kaspars Gorkss,Centre-Back
2012/13,Reading,Mikele Leigertwood,Defensive Midfield
2012/13,Reading,Mikkel Andersen,Goalkeeper
2012/13,Reading,Nick Blackman,Centre-Forward
2012/13,Reading,Nicky Shorey,Left-Back
2012/13,Reading,Noel Hunt,Centre-Forward
2012/13,Reading,Pavel Pogrebnyak,Centre-Forward
2012/13,Reading,Sean Morrison,Centre-Back
2012/13,Reading,Shaun Cummings,Right-Back
2012/13,Reading,Simon Church,Centre-Forward
2012/13,Reading,Stephen Kelly,Right-Back
2012/13,Reading,Stuart Taylor,Goalkeeper
2012/13,Southampton,Adam Lallana,Attacking Midfield
2012/13,Southampton,Andy Robinson,Defensive Midfield
2012/13,Southampton,Artur Boruc,Goalkeeper
2012/13,Southampton,Ben Reeves,Attacking Midfield
2012/13,Southampton,Billy Sharp,Centre-Forward
2012/13,Southampton,Calum Chambers,Centre-Back
2012/13,Southampton,Corby Moore,Central Midfield
2012/13,Southampton,Danny Butterfield,Right-Back
2012/13,Southampton,Danny Fox,Left-Back
2012/13,Southampton,Danny Seaborne,Centre-Back
2012/13,Southampton,Dean Hammond,Central Midfield
2012/13,Southampton,Emmanuel Mayuka,Centre-Forward
2012/13,Southampton,Frazer Richardson,Right-Back
2012/13,Southampton,Gastón Ramírez,Central Midfield
2012/13,Southampton,Guly,Attacking Midfield
2012/13,Southampton,Jack Cork,Defensive Midfield
2012/13,Southampton,Jack Stephens,Centre-Back
2012/13,Southampton,James Ward-Prowse,Central Midfield
2012/13,Southampton,Jason Puncheon,Central Midfield
2012/13,Southampton,Jay Rodríguez,Centre-Forward
2012/13,Southampton,Jos Hooiveld,Centre-Back
2012/13,Southampton,José Fonte,Centre-Back
2012/13,Southampton,Kelvin Davis,Goalkeeper
2012/13,Southampton,Lee Barnard,Centre-Forward
2012/13,Southampton,Lloyd Isgrove,Right Winger
2012/13,Southampton,Luke Shaw,Left-Back
2012/13,Southampton,Maya Yoshida,Centre-Back
2012/13,Southampton,Morgan Schneiderlin,Defensive Midfield
2012/13,Southampton,Nathaniel Clyne,Right-Back
2012/13,Southampton,Paulo Gazzaniga,Goalkeeper
2012/13,Southampton,Richard Chaplow,Central Midfield
2012/13,Southampton,Rickie Lambert,Centre-Forward
2012/13,Southampton,Sam Hoskins,Right Winger
2012/13,Southampton,Steve De Ridder,Central Midfield
2012/13,Southampton,Steven Davis,Central Midfield
2012/13,Southampton,Tadanari Lee,Centre-Forward
2012/13,Southampton,Tommy Forecast,Goalkeeper
2012/13,Southampton,Vegard Forren,Centre-Back
2012/13,Stoke,Andy Wilkinson,Right-Back
2012/13,Stoke,Asmir Begovic,Goalkeeper
2012/13,Stoke,Brek Shea,Left Midfield
2012/13,Stoke,Cameron Jerome,Centre-Forward
2012/13,Stoke,Carlo Nash,Goalkeeper
2012/13,Stoke,Charlie Adam,Central Midfield
2012/13,Stoke,Dean Whitehead,Central Midfield
2012/13,Stoke,Geoff Cameron,Centre-Back
2012/13,Stoke,Glenn Whelan,Defensive Midfield
2012/13,Stoke,Jack Butland,Goalkeeper
2012/13,Stoke,Jamie Ness,Central Midfield
2012/13,Stoke,Jermaine Pennant,Right Winger
2012/13,Stoke,Jonathan Walters,Right Winger
2012/13,Stoke,Kenwyne Jones,Centre-Forward
2012/13,Stoke,Mamady Sidibé,Centre-Forward
2012/13,Stoke,Marc Wilson,Centre-Back
2012/13,Stoke,Matthew Etherington,Left Midfield
2012/13,Stoke,Matthew Upson,Centre-Back
2012/13,Stoke,Maurice Edu,Defensive Midfield
2012/13,Stoke,Michael Kightly,Left Winger
2012/13,Stoke,Michael Owen,Centre-Forward
2012/13,Stoke,Peter Crouch,Centre-Forward
2012/13,Stoke,Robert Huth,Centre-Back
2012/13,Stoke,Rory Delap,Central Midfield
2012/13,Stoke,Ryan Shawcross,Centre-Back
2012/13,Stoke,Ryan Shotton,Centre-Back
2012/13,Stoke,Steven Nzonzi,Defensive Midfield
2012/13,Stoke,Thomas Sörensen,Goalkeeper
2012/13,Stoke,Wilson Palacios,Defensive Midfield
2012/13,Sunderland,Adam Johnson,Right Winger
2012/13,Sunderland,Adam Mitchell,Right Winger
2012/13,Sunderland,Ahmed El Mohamady,Right-Back
2012/13,Sunderland,Alfred N'Diaye,Defensive Midfield
2012/13,Sunderland,Billy Knott,Central Midfield
2012/13,Sunderland,Carlos Cuéllar,Centre-Back
2012/13,Sunderland,Connor Wickham,Centre-Forward
2012/13,Sunderland,Craig Gardner,Central Midfield
2012/13,Sunderland,Danny Graham,Centre-Forward
2012/13,Sunderland,Danny Rose,Left-Back
2012/13,Sunderland,David Meyler,Central Midfield
2012/13,Sunderland,David Vaughan,Defensive Midfield
2012/13,Sunderland,Fraizer Campbell,Centre-Forward
2012/13,Sunderland,Jack Colback,Defensive Midfield
2012/13,Sunderland,James McClean,Left Midfield
2012/13,Sunderland,James McFadden,Left Winger
2012/13,Sunderland,John O'Shea,Centre-Back
2012/13,Sunderland,Kader Mangane,Centre-Back
2012/13,Sunderland,Keiren Westwood,Goalkeeper
2012/13,Sunderland,Kieran Richardson,Left-Back
2012/13,Sunderland,Lee Cattermole,Defensive Midfield
2012/13,Sunderland,Louis Saha,Centre-Forward
2012/13,Sunderland,Matthew Kilgallon,Centre-Back
2012/13,Sunderland,Mikael Mandron,Centre-Forward
2012/13,Sunderland,Phil Bardsley,Right-Back
2012/13,Sunderland,Sebastian Larsson,Central Midfield
2012/13,Sunderland,Simon Mignolet,Goalkeeper
2012/13,Sunderland,Steven Fletcher,Centre-Forward
2012/13,Sunderland,Stéphane Sessègnon,Attacking Midfield
2012/13,Sunderland,Titus Bramble,Centre-Back
2012/13,Sunderland,Wes Brown,Centre-Back
2012/13,Swansea,Alan Tate,Centre-Back
2012/13,Swansea,Ashley Williams,Centre-Back
2012/13,Swansea,Ben Davies,Centre-Back
2012/13,Swansea,Chico Flores,Centre-Back
2012/13,Swansea,Danny Graham,Centre-Forward
2012/13,Swansea,Dwight Tiendalli,Right-Back
2012/13,Swansea,Garry Monk,Centre-Back
2012/13,Swansea,Gerhard Tremmel,Goalkeeper
2012/13,Swansea,Itay Shechter,Centre-Forward
2012/13,Swansea,Jazz Richards,Right-Back
2012/13,Swansea,Jonathan de Guzmán,Central Midfield
2012/13,Swansea,Kemy Agustien,Central Midfield
2012/13,Swansea,Kyle Bartley,Centre-Back
2012/13,Swansea,Leon Britton,Central Midfield
2012/13,Swansea,Leroy Lita,Centre-Forward
2012/13,Swansea,Luke Moore,Centre-Forward
2012/13,Swansea,Mark Gower,Central Midfield
2012/13,Swansea,Michel Vorm,Goalkeeper
2012/13,Swansea,Michu,Second Striker
2012/13,Swansea,Nathan Dyer,Right Winger
2012/13,Swansea,Neil Taylor,Left-Back
2012/13,Swansea,Pablo Hernández,Right Winger
2012/13,Swansea,Roland Lamah,Left Winger
2012/13,Swansea,Rory Donnelly,Centre-Forward
2012/13,Swansea,Scott Sinclair,Left Winger
2012/13,Swansea,Stephen Dobbie,Centre-Forward
2012/13,Swansea,Sung-yueng Ki,Defensive Midfield
2012/13,Swansea,Wayne Routledge,Left Winger
2012/13,Swansea,Ángel Rangel,Right-Back
2012/13,Tottenham,Aaron Lennon,Right Winger
2012/13,Tottenham,Adam Smith,Right-Back
2012/13,Tottenham,Andros Townsend,Right Winger
2012/13,Tottenham,Benoît Assou-Ekotto,Left-Back
2012/13,Tottenham,Brad Friedel,Goalkeeper
2012/13,Tottenham,Carlo Cudicini,Goalkeeper
2012/13,Tottenham,Clint Dempsey,Second Striker
2012/13,Tottenham,Danny Rose,Left-Back
2012/13,Tottenham,David Bentley,Right Midfield
2012/13,Tottenham,Emmanuel Adebayor,Centre-Forward
2012/13,Tottenham,Gareth Bale,Right Winger
2012/13,Tottenham,Gylfi Sigurdsson,Attacking Midfield
2012/13,Tottenham,Harry Kane,Centre-Forward
2012/13,Tottenham,Hugo Lloris,Goalkeeper
2012/13,Tottenham,Iago Falque,Right Winger
2012/13,Tottenham,Jake Livermore,Defensive Midfield
2012/13,Tottenham,Jan Vertonghen,Centre-Back
2012/13,Tottenham,Jermain Defoe,Centre-Forward
2012/13,Tottenham,Jermaine Jenas,Central Midfield
2012/13,Tottenham,Jonathan Obika,Centre-Forward
2012/13,Tottenham,Kyle Naughton,Right-Back
2012/13,Tottenham,Kyle Walker,Right-Back
2012/13,Tottenham,Lewis Holtby,Central Midfield
2012/13,Tottenham,Michael Dawson,Centre-Back
2012/13,Tottenham,Mousa Dembélé,Central Midfield
2012/13,Tottenham,Rafael van der Vaart,Attacking Midfield
2012/13,Tottenham,Ryan Mason,Central Midfield
2012/13,Tottenham,Sandro,Central Midfield
2012/13,Tottenham,Scott Parker,Central Midfield
2012/13,Tottenham,Steven Caulker,Centre-Back
2012/13,Tottenham,Tom Carroll,Central Midfield
2012/13,Tottenham,Tom Huddlestone,Defensive Midfield
2012/13,Tottenham,William Gallas,Centre-Back
2012/13,Tottenham,Younès Kaboul,Centre-Back
2012/13,Tottenham,Zeki Fryers,Left-Back
2012/13,West Brom,Ben Foster,Goalkeeper
2012/13,West Brom,Billy Jones,Right-Back
2012/13,West Brom,Boaz Myhill,Goalkeeper
2012/13,West Brom,Chris Brunt,Central Midfield
2012/13,West Brom,Claudio Yacob,Defensive Midfield
2012/13,West Brom,Craig Dawson,Centre-Back
2012/13,West Brom,Gabriel Tamaș,Centre-Back
2012/13,West Brom,Gareth McAuley,Centre-Back
2012/13,West Brom,George Thorne,Central Midfield
2012/13,West Brom,Gonzalo Jara,Centre-Back
2012/13,West Brom,Goran Popov,Left-Back
2012/13,West Brom,Graham Dorrans,Central Midfield
2012/13,West Brom,Izzy Brown,Left Winger
2012/13,West Brom,James Morrison,Central Midfield
2012/13,West Brom,Jerome Thomas,Left Winger
2012/13,West Brom,Jonas Olsson,Centre-Back
2012/13,West Brom,Liam Ridgewell,Centre-Back
2012/13,West Brom,Luke Daniels,Goalkeeper
2012/13,West Brom,Marc-Antoine Fortuné,Centre-Forward
2012/13,West Brom,Markus Rosenberg,Centre-Forward
2012/13,West Brom,Peter Odemwingie,Centre-Forward
2012/13,West Brom,Romelu Lukaku,Centre-Forward
2012/13,West Brom,Saido Berahino,Centre-Forward
2012/13,West Brom,Scott Allan,Attacking Midfield
2012/13,West Brom,Shane Long,Centre-Forward
2012/13,West Brom,Steven Reid,Right-Back
2012/13,West Brom,Yassine El Ghanassy,Left Winger
2012/13,West Brom,Youssouf Mulumbu,Defensive Midfield
2012/13,West Brom,Zoltán Gera,Attacking Midfield
2012/13,West Ham,Alou Diarra,Defensive Midfield
2012/13,West Ham,Andy Carroll,Centre-Forward
2012/13,West Ham,Carlton Cole,Centre-Forward
2012/13,West Ham,Dan Potts,Centre-Back
2012/13,West Ham,Dylan Tombides,Centre-Forward
2012/13,West Ham,Elliot Lee,Attacking Midfield
2012/13,West Ham,Emanuel Pogatetz,Centre-Back
2012/13,West Ham,Gary O'Neil,Central Midfield
2012/13,West Ham,George McCartney,Left-Back
2012/13,West Ham,George Moncur,Central Midfield
2012/13,West Ham,Guy Demel,Right-Back
2012/13,West Ham,Jack Collison,Central Midfield
2012/13,West Ham,James Collins,Centre-Back
2012/13,West Ham,James Tomkins,Centre-Back
2012/13,West Ham,Joe Cole,Attacking Midfield
2012/13,West Ham,Joey O'Brien,Right-Back
2012/13,West Ham,Jordan Spence,Right-Back
2012/13,West Ham,Jussi Jääskeläinen,Goalkeeper
2012/13,West Ham,Kevin Nolan,Attacking Midfield
2012/13,West Ham,Mark Noble,Central Midfield
2012/13,West Ham,Marouane Chamakh,Centre-Forward
2012/13,West Ham,Matt Jarvis,Left Winger
2012/13,West Ham,Matthew Taylor,Left Midfield
2012/13,West Ham,Matthias Fanimo,Right Winger
2012/13,West Ham,Modibo Maïga,Centre-Forward
2012/13,West Ham,Mohamed Diamé,Central Midfield
2012/13,West Ham,Nicky Maynard,Centre-Forward
2012/13,West Ham,Raphael Spiegel,Goalkeeper
2012/13,West Ham,Ravel Morrison,Attacking Midfield
2012/13,West Ham,Ricardo Vaz Tê,Right Winger
2012/13,West Ham,Rob Hall,Right Winger
2012/13,West Ham,Stephen Henderson,Goalkeeper
2012/13,West Ham,Winston Reid,Centre-Back
2012/13,West Ham,Yossi Benayoun,Right Winger
2012/13,Wigan,Adrián López,Centre-Back
2012/13,Wigan,Albert Crusat,Left Winger
2012/13,Wigan,Ali Al-Habsi,Goalkeeper
2012/13,Wigan,Antolín Alcaraz,Centre-Back
2012/13,Wigan,Arouna Koné,Centre-Forward
2012/13,Wigan,Ben Watson,Central Midfield
2012/13,Wigan,Callum McManaman,Right Winger
2012/13,Wigan,Daniel Redmond,Central Midfield
2012/13,Wigan,David Jones,Central Midfield
2012/13,Wigan,Edu Campabadal,Right-Back
2012/13,Wigan,Emmerson Boyce,Right-Back
2012/13,Wigan,Filip Orsula,Right-Back
2012/13,Wigan,Franco Di Santo,Centre-Forward
2012/13,Wigan,Fraser Fyvie,Central Midfield
2012/13,Wigan,Gary Caldwell,Centre-Back
2012/13,Wigan,Iván Ramis,Centre-Back
2012/13,Wigan,James McArthur,Central Midfield
2012/13,Wigan,James McCarthy,Central Midfield
2012/13,Wigan,Jean Beausejour,Left-Back
2012/13,Wigan,Joel Robles,Goalkeeper
2012/13,Wigan,Jordan Mustoe,Left-Back
2012/13,Wigan,Jordi Gómez,Central Midfield
2012/13,Wigan,Lee Nicholls,Goalkeeper
2012/13,Wigan,Mauro Boselli,Centre-Forward
2012/13,Wigan,Maynor Figueroa,Left-Back
2012/13,Wigan,Mike Pollitt,Goalkeeper
2012/13,Wigan,Nouha Dicko,Centre-Forward
2012/13,Wigan,Paul Scharner,Defensive Midfield
2012/13,Wigan,Román Golobart,Centre-Back
2012/13,Wigan,Ronnie Stam,Right-Back
2012/13,Wigan,Ryo Miyaichi,Right Winger
2012/13,Wigan,Róger Espinoza,Central Midfield
2012/13,Wigan,Shaun Maloney,Attacking Midfield
2012/13,Wigan,Victor Moses,Right Winger
2012/13,Wigan,Ángelo Henríquez,Centre-Forward
2013/14,Arsenal,Aaron Ramsey,Central Midfield
2013/14,Arsenal,Abou Diaby,Central Midfield
2013/14,Arsenal,Alex Oxlade-Chamberlain,Central Midfield
2013/14,Arsenal,Bacary Sagna,Right-Back
2013/14,Arsenal,Carl Jenkinson,Right-Back
2013/14,Arsenal,Chu-young Park,Centre-Forward
2013/14,Arsenal,Chuba Akpom,Centre-Forward
2013/14,Arsenal,Francis Coquelin,Defensive Midfield
2013/14,Arsenal,Gedion Zelalem,Defensive Midfield
2013/14,Arsenal,Héctor Bellerín,Right-Back
2013/14,Arsenal,Isaac Hayden,Defensive Midfield
2013/14,Arsenal,Jack Wilshere,Central Midfield
2013/14,Arsenal,Joel Campbell,Second Striker
2013/14,Arsenal,Johan Djourou,Centre-Back
2013/14,Arsenal,Kieran Gibbs,Left-Back
2013/14,Arsenal,Kim Källström,Central Midfield
2013/14,Arsenal,Kristoffer Olsson,Central Midfield
2013/14,Arsenal,Laurent Koscielny,Centre-Back
2013/14,Arsenal,Lukas Podolski,Centre-Forward
2013/14,Arsenal,Lukasz Fabianski,Goalkeeper
2013/14,Arsenal,Mathieu Flamini,Defensive Midfield
2013/14,Arsenal,Mesut Özil,Attacking Midfield
2013/14,Arsenal,Mikel Arteta,Central Midfield
2013/14,Arsenal,Nacho Monreal,Left-Back
2013/14,Arsenal,Nicklas Bendtner,Centre-Forward
2013/14,Arsenal,Olivier Giroud,Centre-Forward
2013/14,Arsenal,Per Mertesacker,Centre-Back
2013/14,Arsenal,Ryo Miyaichi,Right Winger
2013/14,Arsenal,Santi Cazorla,Central Midfield
2013/14,Arsenal,Serge Gnabry,Second Striker
2013/14,Arsenal,Theo Walcott,Right Winger
2013/14,Arsenal,Thomas Eisfeld,Central Midfield
2013/14,Arsenal,Thomas Vermaelen,Centre-Back
2013/14,Arsenal,Tomas Rosicky,Attacking Midfield
2013/14,Arsenal,Wellington Silva,Right Winger
2013/14,Arsenal,Wojciech Szczesny,Goalkeeper
2013/14,Arsenal,Yaya Sanogo,Centre-Forward
2013/14,Aston Villa,Alan Hutton,Right-Back
2013/14,Aston Villa,Aleksandar Tonev,Left Winger
2013/14,Aston Villa,Andreas Weimann,Centre-Forward
2013/14,Aston Villa,Antonio Luna,Left-Back
2013/14,Aston Villa,Ashley Westwood,Defensive Midfield
2013/14,Aston Villa,Brad Guzan,Goalkeeper
2013/14,Aston Villa,Callum Robinson,Centre-Forward
2013/14,Aston Villa,Charles N'Zogbia,Right Winger
2013/14,Aston Villa,Chris Herd,Defensive Midfield
2013/14,Aston Villa,Christian Benteke,Centre-Forward
2013/14,Aston Villa,Ciaran Clark,Centre-Back
2013/14,Aston Villa,Darren Bent,Centre-Forward
2013/14,Aston Villa,Enda Stevens,Left-Back
2013/14,Aston Villa,Fabian Delph,Central Midfield
2013/14,Aston Villa,Gabriel Agbonlahor,Centre-Forward
2013/14,Aston Villa,Gary Gardner,Central Midfield
2013/14,Aston Villa,Grant Holt,Centre-Forward
2013/14,Aston Villa,Jack Grealish,Left Winger
2013/14,Aston Villa,Jed Steer,Goalkeeper
2013/14,Aston Villa,Joe Bennett,Left-Back
2013/14,Aston Villa,Jordan Bowery,Centre-Back
2013/14,Aston Villa,Jores Okore,Centre-Back
2013/14,Aston Villa,Karim El Ahmadi,Defensive Midfield
2013/14,Aston Villa,Leandro Bacuna,Central Midfield
2013/14,Aston Villa,Libor Kozák,Centre-Forward
2013/14,Aston Villa,Marc Albrighton,Right Midfield
2013/14,Aston Villa,Matthew Lowton,Right-Back
2013/14,Aston Villa,Nathan Baker,Centre-Back
2013/14,Aston Villa,Nicklas Helenius,Centre-Forward
2013/14,Aston Villa,Philippe Senderos,Centre-Back
2013/14,Aston Villa,Ron Vlaar,Centre-Back
2013/14,Aston Villa,Ryan Bertrand,Left-Back
2013/14,Aston Villa,Shay Given,Goalkeeper
2013/14,Aston Villa,Yacouba Sylla,Defensive Midfield
2013/14,Cardiff,Andreas Cornelius,Centre-Forward
2013/14,Cardiff,Andrew Taylor,Left-Back
2013/14,Cardiff,Aron Gunnarsson,Defensive Midfield
2013/14,Cardiff,Ben Turner,Centre-Back
2013/14,Cardiff,Bo-kyung Kim,Attacking Midfield
2013/14,Cardiff,Craig Bellamy,Left Winger
2013/14,Cardiff,Craig Conway,Attacking Midfield
2013/14,Cardiff,Craig Noone,Right Winger
2013/14,Cardiff,David Marshall,Goalkeeper
2013/14,Cardiff,Declan John,Left-Back
2013/14,Cardiff,Don Cowie,Right Midfield
2013/14,Cardiff,Etien Velikonja,Centre-Forward
2013/14,Cardiff,Filip Kiss,Defensive Midfield
2013/14,Cardiff,Fraizer Campbell,Centre-Forward
2013/14,Cardiff,Fábio,Right-Back
2013/14,Cardiff,Gary Medel,Defensive Midfield
2013/14,Cardiff,Jo Inge Berget,Attacking Midfield
2013/14,Cardiff,Joe Lewis,Goalkeeper
2013/14,Cardiff,Joe Mason,Centre-Forward
2013/14,Cardiff,John Brayford,Right-Back
2013/14,Cardiff,Jordon Mutch,Central Midfield
2013/14,Cardiff,Juan Cala,Centre-Back
2013/14,Cardiff,Kenwyne Jones,Centre-Forward
2013/14,Cardiff,Kevin McNaughton,Right-Back
2013/14,Cardiff,Kévin Théophile-Catherine,Centre-Back
2013/14,Cardiff,Magnus Wolff Eikrem,Second Striker
2013/14,Cardiff,Mark Hudson,Centre-Back
2013/14,Cardiff,Mats Møller Dæhli,Central Midfield
2013/14,Cardiff,Matthew Connolly,Centre-Back
2013/14,Cardiff,Nicky Maynard,Centre-Forward
2013/14,Cardiff,Peter Odemwingie,Centre-Forward
2013/14,Cardiff,Peter Whittingham,Central Midfield
2013/14,Cardiff,Rhys Healey,Centre-Forward
2013/14,Cardiff,Rudy Gestede,Centre-Forward
2013/14,Cardiff,Simon Lappin,Central Midfield
2013/14,Cardiff,Steven Caulker,Centre-Back
2013/14,Cardiff,Tom James,Right-Back
2013/14,Cardiff,Tommy Smith,Centre-Forward
2013/14,Cardiff,Wilfried Zaha,Left Winger
2013/14,Chelsea,André Schürrle,Left Winger
2013/14,Chelsea,Ashley Cole,Left-Back
2013/14,Chelsea,Bertrand Traoré,Right Winger
2013/14,Chelsea,Branislav Ivanovic,Right-Back
2013/14,Chelsea,Christian Atsu,Left Winger
2013/14,Chelsea,Cristian Cuevas,Left Winger
2013/14,Chelsea,César Azpilicueta,Centre-Back
2013/14,Chelsea,David Luiz,Centre-Back
2013/14,Chelsea,Demba Ba,Centre-Forward
2013/14,Chelsea,Eden Hazard,Left Winger
2013/14,Chelsea,Fernando Torres,Centre-Forward
2013/14,Chelsea,Frank Lampard,Central Midfield
2013/14,Chelsea,Gary Cahill,Centre-Back
2013/14,Chelsea,Gaël Kakuta,Attacking Midfield
2013/14,Chelsea,Hilário,Goalkeeper
2013/14,Chelsea,John Obi Mikel,Defensive Midfield
2013/14,Chelsea,John Swift,Attacking Midfield
2013/14,Chelsea,John Terry,Centre-Back
2013/14,Chelsea,Juan Mata,Attacking Midfield
2013/14,Chelsea,Kevin De Bruyne,Attacking Midfield
2013/14,Chelsea,Kurt Zouma,Centre-Back
2013/14,Chelsea,Lewis Baker,Central Midfield
2013/14,Chelsea,Lucas Piazón,Attacking Midfield
2013/14,Chelsea,Marco van Ginkel,Central Midfield
2013/14,Chelsea,Mark Schwarzer,Goalkeeper
2013/14,Chelsea,Marko Marin,Attacking Midfield
2013/14,Chelsea,Matej Delac,Goalkeeper
2013/14,Chelsea,Michael Essien,Defensive Midfield
2013/14,Chelsea,Mohamed Salah,Right Winger
2013/14,Chelsea,Nathan Aké,Centre-Back
2013/14,Chelsea,Nemanja Matić,Defensive Midfield
2013/14,Chelsea,Oriol Romeu,Defensive Midfield
2013/14,Chelsea,Oscar,Attacking Midfield
2013/14,Chelsea,Patrick Bamford,Centre-Forward
2013/14,Chelsea,Patrick van Aanholt,Left-Back
2013/14,Chelsea,Petr Cech,Goalkeeper
2013/14,Chelsea,Ramires,Central Midfield
2013/14,Chelsea,Romelu Lukaku,Centre-Forward
2013/14,Chelsea,Ryan Bertrand,Left-Back
2013/14,Chelsea,Samuel Eto'o,Centre-Forward
2013/14,Chelsea,Stipe Perica,Centre-Forward
2013/14,Chelsea,Thibaut Courtois,Goalkeeper
2013/14,Chelsea,Thorgan Hazard,Attacking Midfield
2013/14,Chelsea,Tomas Kalas,Centre-Back
2013/14,Chelsea,Ulises Dávila,Attacking Midfield
2013/14,Chelsea,Victor Moses,Right Winger
2013/14,Chelsea,Wallace Oliveira,Right-Back
2013/14,Chelsea,Willian,Left Winger
2013/14,Crystal Palace,Aaron Wilbraham,Centre-Forward
2013/14,Crystal Palace,Adlène Guédioura,Defensive Midfield
2013/14,Crystal Palace,Adrian Mariappa,Centre-Back
2013/14,Crystal Palace,Alex Wynter,Centre-Back
2013/14,Crystal Palace,Barry Bannan,Central Midfield
2013/14,Crystal Palace,Cameron Jerome,Centre-Forward
2013/14,Crystal Palace,Damien Delaney,Centre-Back
2013/14,Crystal Palace,Danny Gabbidon,Centre-Back
2013/14,Crystal Palace,Dean Moxey,Left-Back
2013/14,Crystal Palace,Dwight Gayle,Centre-Forward
2013/14,Crystal Palace,Elliot Grandin,Attacking Midfield
2013/14,Crystal Palace,Florian Marange,Left-Back
2013/14,Crystal Palace,Glenn Murray,Centre-Forward
2013/14,Crystal Palace,Hiram Boateng,Central Midfield
2013/14,Crystal Palace,Jason Puncheon,Central Midfield
2013/14,Crystal Palace,Jerome Binnom-Williams,Left-Back
2013/14,Crystal Palace,Jerome Thomas,Left Winger
2013/14,Crystal Palace,Jimmy Kébé,Right Winger
2013/14,Crystal Palace,Joe Ledley,Central Midfield
2013/14,Crystal Palace,Joel Ward,Right-Back
2013/14,Crystal Palace,Jonathan Parr,Left-Back
2013/14,Crystal Palace,Jonny Williams,Attacking Midfield
2013/14,Crystal Palace,José Campaña,Central Midfield
2013/14,Crystal Palace,Julián Speroni,Goalkeeper
2013/14,Crystal Palace,Kagisho Dikgacoi,Central Midfield
2013/14,Crystal Palace,Kevin Phillips,Centre-Forward
2013/14,Crystal Palace,Kwesi Appiah,Centre-Forward
2013/14,Crystal Palace,Kyle De Silva,Left Midfield
2013/14,Crystal Palace,Lewis Price,Goalkeeper
2013/14,Crystal Palace,Marouane Chamakh,Centre-Forward
2013/14,Crystal Palace,Mile Jedinak,Defensive Midfield
2013/14,Crystal Palace,Neil Alexander,Goalkeeper
2013/14,Crystal Palace,Owen Garvan,Central Midfield
2013/14,Crystal Palace,Patrick McCarthy,Centre-Back
2013/14,Crystal Palace,Peter Ramage,Centre-Back
2013/14,Crystal Palace,Scott Dann,Centre-Back
2013/14,Crystal Palace,Stephen Dobbie,Centre-Forward
2013/14,Crystal Palace,Stuart O'Keefe,Central Midfield
2013/14,Crystal Palace,Tom Ince,Right Winger
2013/14,Crystal Palace,Wayne Hennessey,Goalkeeper
2013/14,Crystal Palace,Yannick Bolasie,Centre-Forward
2013/14,Everton,Aiden McGeady,Left Winger
2013/14,Everton,Antolín Alcaraz,Centre-Back
2013/14,Everton,Apostolos Vellios,Centre-Forward
2013/14,Everton,Arouna Koné,Centre-Forward
2013/14,Everton,Bryan Oviedo,Left-Back
2013/14,Everton,Darron Gibson,Central Midfield
2013/14,Everton,Gareth Barry,Defensive Midfield
2013/14,Everton,Gerard Deulofeu,Centre-Forward
2013/14,Everton,James McCarthy,Central Midfield
2013/14,Everton,Joel Robles,Goalkeeper
2013/14,Everton,John Heitinga,Centre-Back
2013/14,Everton,John Stones,Centre-Back
2013/14,Everton,Kevin Mirallas,Right Winger
2013/14,Everton,Lacina Traoré,Centre-Forward
2013/14,Everton,Leighton Baines,Left-Back
2013/14,Everton,Leon Osman,Central Midfield
2013/14,Everton,Luke Garbutt,Left-Back
2013/14,Everton,Magaye Gueye,Centre-Forward
2013/14,Everton,Marouane Fellaini,Central Midfield
2013/14,Everton,Nikica Jelavic,Centre-Forward
2013/14,Everton,Phil Jagielka,Centre-Back
2013/14,Everton,Romelu Lukaku,Centre-Forward
2013/14,Everton,Ross Barkley,Central Midfield
2013/14,Everton,Steven Naismith,Second Striker
2013/14,Everton,Steven Pienaar,Left Midfield
2013/14,Everton,Sylvain Distin,Centre-Back
2013/14,Everton,Séamus Coleman,Right-Back
2013/14,Everton,Tim Howard,Goalkeeper
2013/14,Everton,Tony Hibbert,Right-Back
2013/14,Everton,Victor Anichebe,Centre-Forward
2013/14,Fulham,Aaron Hughes,Centre-Back
2013/14,Fulham,Adel Taarabt,Central Midfield
2013/14,Fulham,Alexander Kacaniklic,Right Winger
2013/14,Fulham,Ange-Freddy Plumain,Left Winger
2013/14,Fulham,Ashkan Dejagah,Right Winger
2013/14,Fulham,Brede Hangeland,Centre-Back
2013/14,Fulham,Bryan Ruiz,Attacking Midfield
2013/14,Fulham,Cauley Woodrow,Centre-Forward
2013/14,Fulham,Chris David,Attacking Midfield
2013/14,Fulham,Clint Dempsey,Second Striker
2013/14,Fulham,Damien Duff,Right Midfield
2013/14,Fulham,Dan Burn,Centre-Back
2013/14,Fulham,Darren Bent,Centre-Forward
2013/14,Fulham,David Stockdale,Goalkeeper
2013/14,Fulham,Derek Boateng,Defensive Midfield
2013/14,Fulham,Dimitar Berbatov,Centre-Forward
2013/14,Fulham,Elsad Zverotic,Right-Back
2013/14,Fulham,Fernando Amorebieta,Centre-Back
2013/14,Fulham,Georgios Karagounis,Central Midfield
2013/14,Fulham,Hugo Rodallega,Centre-Forward
2013/14,Fulham,John Arne Riise,Left-Back
2013/14,Fulham,John Heitinga,Centre-Back
2013/14,Fulham,Josh Passley,Right-Back
2013/14,Fulham,Kieran Richardson,Left-Back
2013/14,Fulham,Konstantinos Mitroglou,Centre-Forward
2013/14,Fulham,Larnell Cole,Right Midfield
2013/14,Fulham,Lasse Vigen,Central Midfield
2013/14,Fulham,Lewis Holtby,Central Midfield
2013/14,Fulham,Maarten Stekelenburg,Goalkeeper
2013/14,Fulham,Mahamadou Diarra,Defensive Midfield
2013/14,Fulham,Marcello Trotta,Centre-Forward
2013/14,Fulham,Matthew Briggs,Centre-Back
2013/14,Fulham,Mesca,Right Midfield
2013/14,Fulham,Moussa Dembélé,Centre-Forward
2013/14,Fulham,Muamer Tankovic,Attacking Midfield
2013/14,Fulham,Neil Etheridge,Goalkeeper
2013/14,Fulham,Pajtim Kasami,Central Midfield
2013/14,Fulham,Patrick Roberts,Right Winger
2013/14,Fulham,Philippe Senderos,Centre-Back
2013/14,Fulham,Ryan Tunnicliffe,Central Midfield
2013/14,Fulham,Sascha Riether,Right-Back
2013/14,Fulham,Scott Parker,Central Midfield
2013/14,Fulham,Steve Sidwell,Central Midfield
2013/14,Fulham,William Kvist,Defensive Midfield
2013/14,Hull,Aaron McLean,Centre-Forward
2013/14,Hull,Abdoulaye Faye,Centre-Back
2013/14,Hull,Ahmed El Mohamady,Right-Back
2013/14,Hull,Alex Bruce,Centre-Back
2013/14,Hull,Allan McGregor,Goalkeeper
2013/14,Hull,Calaum Jahraldo-Martin,Right Winger
2013/14,Hull,Cameron Stewart,Left Winger
2013/14,Hull,Conor Henderson,Central Midfield
2013/14,Hull,Conor Townsend,Left-Back
2013/14,Hull,Curtis Davies,Centre-Back
2013/14,Hull,Danny Graham,Centre-Forward
2013/14,Hull,David Meyler,Central Midfield
2013/14,Hull,Eldin Jakupović,Goalkeeper
2013/14,Hull,Gedo,Centre-Forward
2013/14,Hull,George Boyd,Left Winger
2013/14,Hull,Jake Livermore,Defensive Midfield
2013/14,Hull,James Chester,Centre-Back
2013/14,Hull,Joe Dudgeon,Left-Back
2013/14,Hull,Liam Rosenior,Right-Back
2013/14,Hull,Mark Oxley,Goalkeeper
2013/14,Hull,Matty Fryatt,Centre-Forward
2013/14,Hull,Maynor Figueroa,Left-Back
2013/14,Hull,Nick Proschwitz,Centre-Forward
2013/14,Hull,Nikica Jelavic,Centre-Forward
2013/14,Hull,Paul McShane,Centre-Back
2013/14,Hull,Robbie Brady,Left Midfield
2013/14,Hull,Robert Koren,Attacking Midfield
2013/14,Hull,Shane Long,Centre-Forward
2013/14,Hull,Sone Aluko,Right Winger
2013/14,Hull,Stephen Quinn,Central Midfield
2013/14,Hull,Steve Harper,Goalkeeper
2013/14,Hull,Tom Huddlestone,Defensive Midfield
2013/14,Hull,Yannick Sagbo,Centre-Forward
2013/14,Liverpool,Aly Cissokho,Centre-Back
2013/14,Liverpool,Andre Wisdom,Right-Back
2013/14,Liverpool,Brad Jones,Goalkeeper
2013/14,Liverpool,Brad Smith,Left-Back
2013/14,Liverpool,Daniel Agger,Centre-Back
2013/14,Liverpool,Daniel Sturridge,Centre-Forward
2013/14,Liverpool,Glen Johnson,Right-Back
2013/14,Liverpool,Iago Aspas,Centre-Forward
2013/14,Liverpool,Joe Allen,Central Midfield
2013/14,Liverpool,Jon Flanagan,Right-Back
2013/14,Liverpool,Jordan Henderson,Defensive Midfield
2013/14,Liverpool,Jordon Ibe,Right Winger
2013/14,Liverpool,José Enrique,Left-Back
2013/14,Liverpool,João Carlos Teixeira,Attacking Midfield
2013/14,Liverpool,Kolo Touré,Centre-Back
2013/14,Liverpool,Krisztián Adorján,Attacking Midfield
2013/14,Liverpool,Lucas Leiva,Defensive Midfield
2013/14,Liverpool,Luis Alberto,Attacking Midfield
2013/14,Liverpool,Luis Suárez,Centre-Forward
2013/14,Liverpool,Mamadou Sakho,Centre-Back
2013/14,Liverpool,Martin Kelly,Right-Back
2013/14,Liverpool,Martin Skrtel,Centre-Back
2013/14,Liverpool,Pepe Reina,Goalkeeper
2013/14,Liverpool,Philippe Coutinho,Attacking Midfield
2013/14,Liverpool,Raheem Sterling,Right Winger
2013/14,Liverpool,Sebastián Coates,Centre-Back
2013/14,Liverpool,Simon Mignolet,Goalkeeper
2013/14,Liverpool,Steven Gerrard,Central Midfield
2013/14,Liverpool,Suso,Right Winger
2013/14,Liverpool,Tiago Ilori,Centre-Back
2013/14,Liverpool,Victor Moses,Right Winger
2013/14,Man City,Aleksandar Kolarov,Left-Back
2013/14,Man City,Costel Pantilimon,Goalkeeper
2013/14,Man City,David Silva,Attacking Midfield
2013/14,Man City,Dedryck Boyata,Centre-Back
2013/14,Man City,Edin Dzeko,Centre-Forward
2013/14,Man City,Emyr Huws,Defensive Midfield
2013/14,Man City,Fernandinho,Defensive Midfield
2013/14,Man City,Gaël Clichy,Left-Back
2013/14,Man City,Jack Rodwell,Centre-Back
2013/14,Man City,James Milner,Central Midfield
2013/14,Man City,Javi García,Defensive Midfield
2013/14,Man City,Jesús Navas,Right Midfield
2013/14,Man City,Joe Hart,Goalkeeper
2013/14,Man City,Joleon Lescott,Centre-Back
2013/14,Man City,Martín Demichelis,Centre-Back
2013/14,Man City,Matija Nastasić,Centre-Back
2013/14,Man City,Micah Richards,Right-Back
2013/14,Man City,Pablo Zabaleta,Right-Back
2013/14,Man City,Richard Wright,Goalkeeper
2013/14,Man City,Rony Lopes,Right Winger
2013/14,Man City,Samir Nasri,Attacking Midfield
2013/14,Man City,Sergio Agüero,Centre-Forward
2013/14,Man City,Stevan Jovetić,Second Striker
2013/14,Man City,Vincent Kompany,Centre-Back
2013/14,Man City,Yaya Touré,Central Midfield
2013/14,Man City,Álvaro Negredo,Centre-Forward
2013/14,Man United,Adnan Januzaj,Right Winger
2013/14,Man United,Alexander Büttner,Left-Back
2013/14,Man United,Anders Lindegaard,Goalkeeper
2013/14,Man United,Anderson,Central Midfield
2013/14,Man United,Antonio Valencia,Right-Back
2013/14,Man United,Ashley Young,Right-Back
2013/14,Man United,Bebé,Left Winger
2013/14,Man United,Ben Amos,Goalkeeper
2013/14,Man United,Chicharito,Centre-Forward
2013/14,Man United,Chris Smalling,Centre-Back
2013/14,Man United,Danny Welbeck,Centre-Forward
2013/14,Man United,Darren Fletcher,Central Midfield
2013/14,Man United,David de Gea,Goalkeeper
2013/14,Man United,Federico Macheda,Centre-Forward
2013/14,Man United,Fábio,Right-Back
2013/14,Man United,James Wilson,Centre-Forward
2013/14,Man United,Jonny Evans,Centre-Back
2013/14,Man United,Juan Mata,Attacking Midfield
2013/14,Man United,Marouane Fellaini,Central Midfield
2013/14,Man United,Michael Carrick,Defensive Midfield
2013/14,Man United,Nani,Left Winger
2013/14,Man United,Nemanja Vidic‎,Centre-Back
2013/14,Man United,Patrice Evra,Left-Back
2013/14,Man United,Phil Jones,Centre-Back
2013/14,Man United,Rafael,Right-Back
2013/14,Man United,Rio Ferdinand,Centre-Back
2013/14,Man United,Robin van Persie,Centre-Forward
2013/14,Man United,Ryan Giggs,Left Midfield
2013/14,Man United,Shinji Kagawa,Attacking Midfield
2013/14,Man United,Tom Cleverley,Central Midfield
2013/14,Man United,Tom Lawrence,Attacking Midfield
2013/14,Man United,Wayne Rooney,Centre-Forward
2013/14,Man United,Wilfried Zaha,Left Winger
2013/14,Man United,Ángelo Henríquez,Centre-Forward
2013/14,Newcastle,Adam Armstrong,Centre-Forward
2013/14,Newcastle,Cheik Tioté,Defensive Midfield
2013/14,Newcastle,Conor Newton,Central Midfield
2013/14,Newcastle,Curtis Good,Centre-Back
2013/14,Newcastle,Dan Gosling,Central Midfield
2013/14,Newcastle,Davide Santon,Left-Back
2013/14,Newcastle,Fabricio Coloccini,Centre-Back
2013/14,Newcastle,Gabriel Obertan,Right Winger
2013/14,Newcastle,Gaël Bigirimana,Defensive Midfield
2013/14,Newcastle,Haris Vuckic,Second Striker
2013/14,Newcastle,Hatem Ben Arfa,Attacking Midfield
2013/14,Newcastle,Jonás Gutiérrez,Left Midfield
2013/14,Newcastle,Loïc Rémy,Centre-Forward
2013/14,Newcastle,Luuk de Jong,Centre-Forward
2013/14,Newcastle,Mapou Yanga-Mbiwa,Centre-Back
2013/14,Newcastle,Massadio Haïdara,Left-Back
2013/14,Newcastle,Mathieu Debuchy,Right-Back
2013/14,Newcastle,Mehdi Abeid,Central Midfield
2013/14,Newcastle,Mike Williamson,Centre-Back
2013/14,Newcastle,Moussa Sissoko,Central Midfield
2013/14,Newcastle,Papiss Demba Cissé,Centre-Forward
2013/14,Newcastle,Paul Dummett,Left-Back
2013/14,Newcastle,Rob Elliot,Goalkeeper
2013/14,Newcastle,Romain Amalfitano,Central Midfield
2013/14,Newcastle,Ryan Taylor,Right-Back
2013/14,Newcastle,Sammy Ameobi,Left Winger
2013/14,Newcastle,Shola Ameobi,Centre-Forward
2013/14,Newcastle,Steven Taylor,Centre-Back
2013/14,Newcastle,Sylvain Marveaux,Attacking Midfield
2013/14,Newcastle,Tim Krul,Goalkeeper
2013/14,Newcastle,Vurnon Anita,Defensive Midfield
2013/14,Newcastle,Yoan Gouffran,Left Winger
2013/14,Newcastle,Yohan Cabaye,Central Midfield
2013/14,Norwich,Alexander Tettey,Defensive Midfield
2013/14,Norwich,Anthony Pilkington,Left Winger
2013/14,Norwich,Bradley Johnson,Central Midfield
2013/14,Norwich,Carlo Nash,Goalkeeper
2013/14,Norwich,David Fox,Central Midfield
2013/14,Norwich,Elliott Bennett,Right Midfield
2013/14,Norwich,Gary Hooper,Centre-Forward
2013/14,Norwich,Jacob Murphy,Right Winger
2013/14,Norwich,Jamar Loza,Centre-Forward
2013/14,Norwich,Javier Garrido,Left-Back
2013/14,Norwich,Johan Elmander,Centre-Forward
2013/14,Norwich,John Ruddy,Goalkeeper
2013/14,Norwich,Jonathan Howson,Central Midfield
2013/14,Norwich,Jonás Gutiérrez,Left Midfield
2013/14,Norwich,Joseph Yobo,Centre-Back
2013/14,Norwich,Josh Murphy,Left Winger
2013/14,Norwich,Leroy Fer,Defensive Midfield
2013/14,Norwich,Luciano Becchio,Centre-Forward
2013/14,Norwich,Mark Bunn,Goalkeeper
2013/14,Norwich,Martin Olsson,Left-Back
2013/14,Norwich,Michael Turner,Centre-Back
2013/14,Norwich,Nathan Redmond,Right Winger
2013/14,Norwich,Ricky van Wolfswinkel,Centre-Forward
2013/14,Norwich,Robert Snodgrass,Right Winger
2013/14,Norwich,Russell Martin,Centre-Back
2013/14,Norwich,Ryan Bennett,Centre-Back
2013/14,Norwich,Steven Whittaker,Right-Back
2013/14,Norwich,Sébastien Bassong,Centre-Back
2013/14,Norwich,Wes Hoolahan,Attacking Midfield
2013/14,Southampton,Adam Lallana,Attacking Midfield
2013/14,Southampton,Artur Boruc,Goalkeeper
2013/14,Southampton,Billy Sharp,Centre-Forward
2013/14,Southampton,Calum Chambers,Centre-Back
2013/14,Southampton,Daniel Osvaldo,Centre-Forward
2013/14,Southampton,Danny Fox,Left-Back
2013/14,Southampton,Dejan Lovren,Centre-Back
2013/14,Southampton,Emmanuel Mayuka,Centre-Forward
2013/14,Southampton,Gastón Ramírez,Central Midfield
2013/14,Southampton,Guly,Attacking Midfield
2013/14,Southampton,Harrison Reed,Central Midfield
2013/14,Southampton,Jack Cork,Defensive Midfield
2013/14,Southampton,Jack Stephens,Centre-Back
2013/14,Southampton,Jake Sinclair,Right Winger
2013/14,Southampton,James Ward-Prowse,Central Midfield
2013/14,Southampton,Jay Rodríguez,Centre-Forward
2013/14,Southampton,Jos Hooiveld,Centre-Back
2013/14,Southampton,José Fonte,Centre-Back
2013/14,Southampton,Kelvin Davis,Goalkeeper
2013/14,Southampton,Lloyd Isgrove,Right Winger
2013/14,Southampton,Luke Shaw,Left-Back
2013/14,Southampton,Maya Yoshida,Centre-Back
2013/14,Southampton,Morgan Schneiderlin,Defensive Midfield
2013/14,Southampton,Nathaniel Clyne,Right-Back
2013/14,Southampton,Omar Rowe,Left Midfield
2013/14,Southampton,Paulo Gazzaniga,Goalkeeper
2013/14,Southampton,Rickie Lambert,Centre-Forward
2013/14,Southampton,Sam Gallagher,Centre-Forward
2013/14,Southampton,Sam McQueen,Left-Back
2013/14,Southampton,Steven Davis,Central Midfield
2013/14,Southampton,Tadanari Lee,Centre-Forward
2013/14,Southampton,Victor Wanyama,Defensive Midfield
2013/14,Stoke,Andy Wilkinson,Right-Back
2013/14,Stoke,Asmir Begovic,Goalkeeper
2013/14,Stoke,Brek Shea,Left Midfield
2013/14,Stoke,Cameron Jerome,Centre-Forward
2013/14,Stoke,Charlie Adam,Central Midfield
2013/14,Stoke,Erik Pieters,Left-Back
2013/14,Stoke,Geoff Cameron,Centre-Back
2013/14,Stoke,Glenn Whelan,Defensive Midfield
2013/14,Stoke,Jack Butland,Goalkeeper
2013/14,Stoke,Jermaine Pennant,Right Winger
2013/14,Stoke,John Guidetti,Centre-Forward
2013/14,Stoke,Jonathan Walters,Right Winger
2013/14,Stoke,Juan Agudelo,Centre-Forward
2013/14,Stoke,Kenwyne Jones,Centre-Forward
2013/14,Stoke,Lucas Dawson,Central Midfield
2013/14,Stoke,Marc Muniesa,Centre-Back
2013/14,Stoke,Marc Wilson,Centre-Back
2013/14,Stoke,Marko Arnautovic,Centre-Forward
2013/14,Stoke,Matthew Etherington,Left Midfield
2013/14,Stoke,Oussama Assaidi,Left Winger
2013/14,Stoke,Peter Crouch,Centre-Forward
2013/14,Stoke,Peter Odemwingie,Centre-Forward
2013/14,Stoke,Robert Huth,Centre-Back
2013/14,Stoke,Ryan Shawcross,Centre-Back
2013/14,Stoke,Ryan Shotton,Centre-Back
2013/14,Stoke,Stephen Ireland,Attacking Midfield
2013/14,Stoke,Steven Nzonzi,Defensive Midfield
2013/14,Stoke,Thomas Sörensen,Goalkeeper
2013/14,Stoke,Wilson Palacios,Defensive Midfield
2013/14,Sunderland,Adam Johnson,Right Winger
2013/14,Sunderland,Alfred N'Diaye,Defensive Midfield
2013/14,Sunderland,Andrea Dossena,Left Midfield
2013/14,Sunderland,Cabral,Defensive Midfield
2013/14,Sunderland,Carlos Cuéllar,Centre-Back
2013/14,Sunderland,Charalampos Mavrias,Right-Back
2013/14,Sunderland,Connor Wickham,Centre-Forward
2013/14,Sunderland,Craig Gardner,Central Midfield
2013/14,Sunderland,David Moberg Karlsson,Right Winger
2013/14,Sunderland,David Vaughan,Defensive Midfield
2013/14,Sunderland,Dong-won Ji,Centre-Forward
2013/14,Sunderland,Duncan Watmore,Right Winger
2013/14,Sunderland,El-Hadji Ba,Central Midfield
2013/14,Sunderland,Emanuele Giaccherini,Left Midfield
2013/14,Sunderland,Fabio Borini,Centre-Forward
2013/14,Sunderland,Ignacio Scocco,Centre-Forward
2013/14,Sunderland,Jack Colback,Defensive Midfield
2013/14,Sunderland,John O'Shea,Centre-Back
2013/14,Sunderland,Jordan Pickford,Goalkeeper
2013/14,Sunderland,Jozy Altidore,Centre-Forward
2013/14,Sunderland,Keiren Westwood,Goalkeeper
2013/14,Sunderland,Lee Cattermole,Defensive Midfield
2013/14,Sunderland,Liam Bridcutt,Defensive Midfield
2013/14,Sunderland,Liam Marrs,Right-Back
2013/14,Sunderland,Marcos Alonso,Centre-Back
2013/14,Sunderland,Modibo Diakité,Centre-Back
2013/14,Sunderland,Ondrej Celustka,Centre-Back
2013/14,Sunderland,Phil Bardsley,Right-Back
2013/14,Sunderland,Santiago Vergini,Centre-Back
2013/14,Sunderland,Sebastian Larsson,Central Midfield
2013/14,Sunderland,Steven Fletcher,Centre-Forward
2013/14,Sunderland,Stéphane Sessègnon,Attacking Midfield
2013/14,Sunderland,Sung-yueng Ki,Defensive Midfield
2013/14,Sunderland,Valentin Roberge,Centre-Back
2013/14,Sunderland,Vito Mannone,Goalkeeper
2013/14,Sunderland,Wes Brown,Centre-Back
2013/14,Sunderland,Óscar Ustari,Goalkeeper
2013/14,Swansea,Alan Tate,Centre-Back
2013/14,Swansea,Alejandro Pozuelo,Attacking Midfield
2013/14,Swansea,Ashley Williams,Centre-Back
2013/14,Swansea,Ben Davies,Centre-Back
2013/14,Swansea,Chico Flores,Centre-Back
2013/14,Swansea,David N'Gog,Centre-Forward
2013/14,Swansea,Dwight Tiendalli,Right-Back
2013/14,Swansea,Garry Monk,Centre-Back
2013/14,Swansea,Gerhard Tremmel,Goalkeeper
2013/14,Swansea,Jay Fulton,Central Midfield
2013/14,Swansea,Jazz Richards,Right-Back
2013/14,Swansea,Jonathan de Guzmán,Central Midfield
2013/14,Swansea,Jonjo Shelvey,Central Midfield
2013/14,Swansea,Jordi Amat,Centre-Back
2013/14,Swansea,José Alberto Cañas,Defensive Midfield
2013/14,Swansea,Kyle Bartley,Centre-Back
2013/14,Swansea,Leon Britton,Central Midfield
2013/14,Swansea,Leroy Lita,Centre-Forward
2013/14,Swansea,Marvin Emnes,Centre-Forward
2013/14,Swansea,Michel Vorm,Goalkeeper
2013/14,Swansea,Michu,Second Striker
2013/14,Swansea,Nathan Dyer,Right Winger
2013/14,Swansea,Neil Taylor,Left-Back
2013/14,Swansea,Pablo Hernández,Right Winger
2013/14,Swansea,Roland Lamah,Left Winger
2013/14,Swansea,Rory Donnelly,Centre-Forward
2013/14,Swansea,Sung-yueng Ki,Defensive Midfield
2013/14,Swansea,Wayne Routledge,Left Winger
2013/14,Swansea,Wilfried Bony,Centre-Forward
2013/14,Swansea,Álvaro Vázquez,Centre-Forward
2013/14,Swansea,Ángel Rangel,Right-Back
2013/14,Tottenham,Aaron Lennon,Right Winger
2013/14,Tottenham,Alex Pritchard,Attacking Midfield
2013/14,Tottenham,Andros Townsend,Right Winger
2013/14,Tottenham,Brad Friedel,Goalkeeper
2013/14,Tottenham,Christian Eriksen,Attacking Midfield
2013/14,Tottenham,Danny Rose,Left-Back
2013/14,Tottenham,Emmanuel Adebayor,Centre-Forward
2013/14,Tottenham,Erik Lamela,Right Winger
2013/14,Tottenham,Gylfi Sigurdsson,Attacking Midfield
2013/14,Tottenham,Harry Kane,Centre-Forward
2013/14,Tottenham,Heurelho Gomes,Goalkeeper
2013/14,Tottenham,Hugo Lloris,Goalkeeper
2013/14,Tottenham,Iago Falque,Right Winger
2013/14,Tottenham,Jan Vertonghen,Centre-Back
2013/14,Tottenham,Jermain Defoe,Centre-Forward
2013/14,Tottenham,Josh Onomah,Central Midfield
2013/14,Tottenham,Kenny McEvoy,Right Winger
2013/14,Tottenham,Kyle Naughton,Right-Back
2013/14,Tottenham,Kyle Walker,Right-Back
2013/14,Tottenham,Laste Dombaxe,Central Midfield
2013/14,Tottenham,Lewis Holtby,Central Midfield
2013/14,Tottenham,Michael Dawson,Centre-Back
2013/14,Tottenham,Milos Veljkovic,Centre-Back
2013/14,Tottenham,Mousa Dembélé,Central Midfield
2013/14,Tottenham,Nabil Bentaleb,Defensive Midfield
2013/14,Tottenham,Nacer Chadli,Left Winger
2013/14,Tottenham,Paulinho,Central Midfield
2013/14,Tottenham,Roberto Soldado,Centre-Forward
2013/14,Tottenham,Ryan Fredericks,Right-Back
2013/14,Tottenham,Sandro,Central Midfield
2013/14,Tottenham,Shaq Coulthirst,Centre-Forward
2013/14,Tottenham,Tom Carroll,Central Midfield
2013/14,Tottenham,Vlad Chiricheș,Defensive Midfield
2013/14,Tottenham,Younès Kaboul,Centre-Back
2013/14,Tottenham,Zeki Fryers,Left-Back
2013/14,Tottenham,Étienne Capoue,Defensive Midfield
2013/14,West Brom,Ben Foster,Goalkeeper
2013/14,West Brom,Billy Jones,Right-Back
2013/14,West Brom,Boaz Myhill,Goalkeeper
2013/14,West Brom,Cameron Gayle,Right-Back
2013/14,West Brom,Chris Brunt,Central Midfield
2013/14,West Brom,Claudio Yacob,Defensive Midfield
2013/14,West Brom,Craig Dawson,Centre-Back
2013/14,West Brom,Diego Lugano,Centre-Back
2013/14,West Brom,Gareth McAuley,Centre-Back
2013/14,West Brom,George Thorne,Central Midfield
2013/14,West Brom,Goran Popov,Left-Back
2013/14,West Brom,Graham Dorrans,Central Midfield
2013/14,West Brom,James Morrison,Central Midfield
2013/14,West Brom,Jonas Olsson,Centre-Back
2013/14,West Brom,Liam O'Neil,Defensive Midfield
2013/14,West Brom,Liam Ridgewell,Centre-Back
2013/14,West Brom,Luke Daniels,Goalkeeper
2013/14,West Brom,Markus Rosenberg,Centre-Forward
2013/14,West Brom,Matej Vydra,Centre-Forward
2013/14,West Brom,Morgan Amalfitano,Right Midfield
2013/14,West Brom,Nicolas Anelka,Centre-Forward
2013/14,West Brom,Saido Berahino,Centre-Forward
2013/14,West Brom,Scott Sinclair,Left Winger
2013/14,West Brom,Shane Long,Centre-Forward
2013/14,West Brom,Steven Reid,Right-Back
2013/14,West Brom,Stéphane Sessègnon,Attacking Midfield
2013/14,West Brom,Thievy Bifouma,Left Winger
2013/14,West Brom,Victor Anichebe,Centre-Forward
2013/14,West Brom,Youssouf Mulumbu,Defensive Midfield
2013/14,West Brom,Zoltán Gera,Attacking Midfield
2013/14,West Ham,Abdul Razak,Central Midfield
2013/14,West Ham,Adrián San Miguel,Goalkeeper
2013/14,West Ham,Alou Diarra,Defensive Midfield
2013/14,West Ham,Andy Carroll,Centre-Forward
2013/14,West Ham,Antonio Nocerino,Central Midfield
2013/14,West Ham,Blair Turgott,Right Winger
2013/14,West Ham,Callum Driver,Right-Back
2013/14,West Ham,Carlton Cole,Centre-Forward
2013/14,West Ham,Dan Potts,Centre-Back
2013/14,West Ham,Danny Whitehead,Central Midfield
2013/14,West Ham,Elliot Lee,Attacking Midfield
2013/14,West Ham,George McCartney,Left-Back
2013/14,West Ham,George Moncur,Central Midfield
2013/14,West Ham,Guy Demel,Right-Back
2013/14,West Ham,Jack Collison,Central Midfield
2013/14,West Ham,James Collins,Centre-Back
2013/14,West Ham,James Tomkins,Centre-Back
2013/14,West Ham,Joe Cole,Attacking Midfield
2013/14,West Ham,Joey O'Brien,Right-Back
2013/14,West Ham,Jordan Spence,Right-Back
2013/14,West Ham,Jussi Jääskeläinen,Goalkeeper
2013/14,West Ham,Kevin Nolan,Attacking Midfield
2013/14,West Ham,Leo Chambers,Centre-Back
2013/14,West Ham,Marco Borriello,Centre-Forward
2013/14,West Ham,Mark Noble,Central Midfield
2013/14,West Ham,Matt Jarvis,Left Winger
2013/14,West Ham,Matthew Taylor,Left Midfield
2013/14,West Ham,Matthias Fanimo,Right Winger
2013/14,West Ham,Mladen Petric,Centre-Forward
2013/14,West Ham,Modibo Maïga,Centre-Forward
2013/14,West Ham,Mohamed Diamé,Central Midfield
2013/14,West Ham,Pablo Armero,Left Midfield
2013/14,West Ham,Pelly Ruddock Mpanzu,Defensive Midfield
2013/14,West Ham,Raphael Spiegel,Goalkeeper
2013/14,West Ham,Ravel Morrison,Attacking Midfield
2013/14,West Ham,Reece Burke,Centre-Back
2013/14,West Ham,Ricardo Vaz Tê,Right Winger
2013/14,West Ham,Roger Johnson,Centre-Back
2013/14,West Ham,Răzvan Raț,Left-Back
2013/14,West Ham,Sebastian Lletget,Central Midfield
2013/14,West Ham,Stephen Henderson,Goalkeeper
2013/14,West Ham,Stewart Downing,Left Midfield
2013/14,West Ham,Winston Reid,Centre-Back
2014/15,Arsenal,Aaron Ramsey,Central Midfield
2014/15,Arsenal,Abou Diaby,Central Midfield
2014/15,Arsenal,Ainsley Maitland-Niles,Right-Back
2014/15,Arsenal,Alex Iwobi,Left Winger
2014/15,Arsenal,Alex Oxlade-Chamberlain,Central Midfield
2014/15,Arsenal,Alexis Sánchez,Second Striker
2014/15,Arsenal,Calum Chambers,Centre-Back
2014/15,Arsenal,Carl Jenkinson,Right-Back
2014/15,Arsenal,Chuba Akpom,Centre-Forward
2014/15,Arsenal,Danny Welbeck,Centre-Forward
2014/15,Arsenal,David Ospina,Goalkeeper
2014/15,Arsenal,Emiliano Martínez,Goalkeeper
2014/15,Arsenal,Francis Coquelin,Defensive Midfield
2014/15,Arsenal,Gabriel Paulista,Centre-Back
2014/15,Arsenal,Gedion Zelalem,Defensive Midfield
2014/15,Arsenal,Glen Kamara,Central Midfield
2014/15,Arsenal,Héctor Bellerín,Right-Back
2014/15,Arsenal,Ignasi Miquel,Centre-Back
2014/15,Arsenal,Isaac Hayden,Defensive Midfield
2014/15,Arsenal,Jack Wilshere,Central Midfield
2014/15,Arsenal,Joel Campbell,Second Striker
2014/15,Arsenal,Kieran Gibbs,Left-Back
2014/15,Arsenal,Laurent Koscielny,Centre-Back
2014/15,Arsenal,Lukas Podolski,Centre-Forward
2014/15,Arsenal,Mathieu Debuchy,Right-Back
2014/15,Arsenal,Mathieu Flamini,Defensive Midfield
2014/15,Arsenal,Matt Macey,Goalkeeper
2014/15,Arsenal,Mesut Özil,Attacking Midfield
2014/15,Arsenal,Mikel Arteta,Central Midfield
2014/15,Arsenal,Nacho Monreal,Left-Back
2014/15,Arsenal,Olivier Giroud,Centre-Forward
2014/15,Arsenal,Per Mertesacker,Centre-Back
2014/15,Arsenal,Ryan Huddart,Goalkeeper
2014/15,Arsenal,Santi Cazorla,Central Midfield
2014/15,Arsenal,Semi Ajayi,Centre-Back
2014/15,Arsenal,Serge Gnabry,Second Striker
2014/15,Arsenal,Stefan O'Connor,Centre-Back
2014/15,Arsenal,Theo Walcott,Right Winger
2014/15,Arsenal,Tomas Rosicky,Attacking Midfield
2014/15,Arsenal,Wellington Silva,Right Winger
2014/15,Arsenal,Wojciech Szczesny,Goalkeeper
2014/15,Arsenal,Yaya Sanogo,Centre-Forward
2014/15,Aston Villa,Alan Hutton,Right-Back
2014/15,Aston Villa,Aly Cissokho,Centre-Back
2014/15,Aston Villa,Andre Green,Left Winger
2014/15,Aston Villa,Andreas Weimann,Centre-Forward
2014/15,Aston Villa,Ashley Westwood,Defensive Midfield
2014/15,Aston Villa,Brad Guzan,Goalkeeper
2014/15,Aston Villa,Callum Robinson,Centre-Forward
2014/15,Aston Villa,Carles Gil,Attacking Midfield
2014/15,Aston Villa,Carlos Sánchez,Defensive Midfield
2014/15,Aston Villa,Charles N'Zogbia,Right Winger
2014/15,Aston Villa,Chris Herd,Defensive Midfield
2014/15,Aston Villa,Christian Benteke,Centre-Forward
2014/15,Aston Villa,Ciaran Clark,Centre-Back
2014/15,Aston Villa,Darren Bent,Centre-Forward
2014/15,Aston Villa,Enda Stevens,Left-Back
2014/15,Aston Villa,Fabian Delph,Central Midfield
2014/15,Aston Villa,Gabriel Agbonlahor,Centre-Forward
2014/15,Aston Villa,Gary Gardner,Central Midfield
2014/15,Aston Villa,Graham Burke,Second Striker
2014/15,Aston Villa,Jack Grealish,Left Winger
2014/15,Aston Villa,Jed Steer,Goalkeeper
2014/15,Aston Villa,Joe Bennett,Left-Back
2014/15,Aston Villa,Joe Cole,Attacking Midfield
2014/15,Aston Villa,Jores Okore,Centre-Back
2014/15,Aston Villa,Karim El Ahmadi,Defensive Midfield
2014/15,Aston Villa,Kieran Richardson,Left-Back
2014/15,Aston Villa,Leandro Bacuna,Central Midfield
2014/15,Aston Villa,Lewis Kinsella,Left-Back
2014/15,Aston Villa,Libor Kozák,Centre-Forward
2014/15,Aston Villa,Matthew Lowton,Right-Back
2014/15,Aston Villa,Nathan Baker,Centre-Back
2014/15,Aston Villa,Philippe Senderos,Centre-Back
2014/15,Aston Villa,Riccardo Calder,Left-Back
2014/15,Aston Villa,Ron Vlaar,Centre-Back
2014/15,Aston Villa,Rushian Hepburn-Murphy,Centre-Forward
2014/15,Aston Villa,Scott Sinclair,Left Winger
2014/15,Aston Villa,Shay Given,Goalkeeper
2014/15,Aston Villa,Tom Cleverley,Central Midfield
2014/15,Burnley FC,Alex Cisak,Goalkeeper
2014/15,Burnley FC,Ashley Barnes,Centre-Forward
2014/15,Burnley FC,Ben Mee,Centre-Back
2014/15,Burnley FC,Cameron Dummigan,Right-Back
2014/15,Burnley FC,Danny Ings,Centre-Forward
2014/15,Burnley FC,Danny Lafferty,Left-Back
2014/15,Burnley FC,David Jones,Central Midfield
2014/15,Burnley FC,Dean Marney,Central Midfield
2014/15,Burnley FC,Fredrik Ulvestad,Defensive Midfield
2014/15,Burnley FC,George Boyd,Left Winger
2014/15,Burnley FC,Jason Gilchrist,Centre-Forward
2014/15,Burnley FC,Jason Shackell,Centre-Back
2014/15,Burnley FC,Kevin Long,Centre-Back
2014/15,Burnley FC,Kieran Trippier,Right-Back
2014/15,Burnley FC,Lukas Jutkiewicz,Centre-Forward
2014/15,Burnley FC,Luke O'Neill,Right-Back
2014/15,Burnley FC,Marvin Sordell,Centre-Forward
2014/15,Burnley FC,Matt Gilks,Goalkeeper
2014/15,Burnley FC,Matthew Taylor,Left Midfield
2014/15,Burnley FC,Michael Duff,Centre-Back
2014/15,Burnley FC,Michael Keane,Centre-Back
2014/15,Burnley FC,Michael Kightly,Left Winger
2014/15,Burnley FC,Nathaniel Chalobah,Defensive Midfield
2014/15,Burnley FC,Ross Wallace,Right Midfield
2014/15,Burnley FC,Sam Vokes,Centre-Forward
2014/15,Burnley FC,Scott Arfield,Central Midfield
2014/15,Burnley FC,Stephen Ward,Left-Back
2014/15,Burnley FC,Steven Hewitt,Central Midfield
2014/15,Burnley FC,Steven Reid,Right-Back
2014/15,Burnley FC,Tom Heaton,Goalkeeper
2014/15,Chelsea,Andreas Christensen,Centre-Back
2014/15,Chelsea,André Schürrle,Left Winger
2014/15,Chelsea,Branislav Ivanovic,Right-Back
2014/15,Chelsea,Cesc Fàbregas,Central Midfield
2014/15,Chelsea,Christian Atsu,Left Winger
2014/15,Chelsea,César Azpilicueta,Centre-Back
2014/15,Chelsea,Didier Drogba,Centre-Forward
2014/15,Chelsea,Diego Costa,Centre-Forward
2014/15,Chelsea,Dominic Solanke,Centre-Forward
2014/15,Chelsea,Eden Hazard,Left Winger
2014/15,Chelsea,Fernando Torres,Centre-Forward
2014/15,Chelsea,Filipe Luís,Left-Back
2014/15,Chelsea,Gary Cahill,Centre-Back
2014/15,Chelsea,Izzy Brown,Left Winger
2014/15,Chelsea,Jamal Blackman,Goalkeeper
2014/15,Chelsea,John Obi Mikel,Defensive Midfield
2014/15,Chelsea,John Terry,Centre-Back
2014/15,Chelsea,Juan Cuadrado,Right Midfield
2014/15,Chelsea,Jérémie Boga,Left Winger
2014/15,Chelsea,Kenneth Omeruo,Centre-Back
2014/15,Chelsea,Kurt Zouma,Centre-Back
2014/15,Chelsea,Lewis Baker,Central Midfield
2014/15,Chelsea,Loïc Rémy,Centre-Forward
2014/15,Chelsea,Mark Schwarzer,Goalkeeper
2014/15,Chelsea,Mitchell Beeney,Goalkeeper
2014/15,Chelsea,Mohamed Salah,Right Winger
2014/15,Chelsea,Nathan Aké,Centre-Back
2014/15,Chelsea,Nathaniel Chalobah,Defensive Midfield
2014/15,Chelsea,Nemanja Matić,Defensive Midfield
2014/15,Chelsea,Oscar,Attacking Midfield
2014/15,Chelsea,Patrick Bamford,Centre-Forward
2014/15,Chelsea,Petr Cech,Goalkeeper
2014/15,Chelsea,Ramires,Central Midfield
2014/15,Chelsea,Ruben Loftus-Cheek,Central Midfield
2014/15,Chelsea,Thibaut Courtois,Goalkeeper
2014/15,Chelsea,Tomas Kalas,Centre-Back
2014/15,Chelsea,Victor Moses,Right Winger
2014/15,Chelsea,Willian,Left Winger
2014/15,Crystal Palace,Adlène Guédioura,Defensive Midfield
2014/15,Crystal Palace,Adrian Mariappa,Centre-Back
2014/15,Crystal Palace,Andy Johnson,Centre-Forward
2014/15,Crystal Palace,Barry Bannan,Central Midfield
2014/15,Crystal Palace,Brede Hangeland,Centre-Back
2014/15,Crystal Palace,Chris Kettings,Goalkeeper
2014/15,Crystal Palace,Chung-yong Lee,Right Winger
2014/15,Crystal Palace,Damien Delaney,Centre-Back
2014/15,Crystal Palace,Dwight Gayle,Centre-Forward
2014/15,Crystal Palace,Fraizer Campbell,Centre-Forward
2014/15,Crystal Palace,Glenn Murray,Centre-Forward
2014/15,Crystal Palace,Hiram Boateng,Central Midfield
2014/15,Crystal Palace,Jake Gray,Central Midfield
2014/15,Crystal Palace,James McArthur,Central Midfield
2014/15,Crystal Palace,Jason Puncheon,Central Midfield
2014/15,Crystal Palace,Jerome Binnom-Williams,Left-Back
2014/15,Crystal Palace,Jerome Thomas,Left Winger
2014/15,Crystal Palace,Joe Ledley,Central Midfield
2014/15,Crystal Palace,Joel Ward,Right-Back
2014/15,Crystal Palace,Jonny Williams,Attacking Midfield
2014/15,Crystal Palace,Jordon Mutch,Central Midfield
2014/15,Crystal Palace,Julián Speroni,Goalkeeper
2014/15,Crystal Palace,Kevin Doyle,Centre-Forward
2014/15,Crystal Palace,Kwesi Appiah,Centre-Forward
2014/15,Crystal Palace,Lewis Price,Goalkeeper
2014/15,Crystal Palace,Marouane Chamakh,Centre-Forward
2014/15,Crystal Palace,Martin Kelly,Right-Back
2014/15,Crystal Palace,Mile Jedinak,Defensive Midfield
2014/15,Crystal Palace,Owen Garvan,Central Midfield
2014/15,Crystal Palace,Pape Souaré,Left-Back
2014/15,Crystal Palace,Patrick McCarthy,Centre-Back
2014/15,Crystal Palace,Peter Ramage,Centre-Back
2014/15,Crystal Palace,Scott Dann,Centre-Back
2014/15,Crystal Palace,Shola Ameobi,Centre-Forward
2014/15,Crystal Palace,Stephen Dobbie,Centre-Forward
2014/15,Crystal Palace,Stuart O'Keefe,Central Midfield
2014/15,Crystal Palace,Sullay Kaikai,Left Winger
2014/15,Crystal Palace,Wayne Hennessey,Goalkeeper
2014/15,Crystal Palace,Wilfried Zaha,Left Winger
2014/15,Crystal Palace,Yannick Bolasie,Centre-Forward
2014/15,Crystal Palace,Yaya Sanogo,Centre-Forward
2014/15,Crystal Palace,Zeki Fryers,Left-Back
2014/15,Everton,Aaron Lennon,Right Winger
2014/15,Everton,Aiden McGeady,Left Winger
2014/15,Everton,Antolín Alcaraz,Centre-Back
2014/15,Everton,Arouna Koné,Centre-Forward
2014/15,Everton,Brendan Galloway,Centre-Back
2014/15,Everton,Bryan Oviedo,Left-Back
2014/15,Everton,Chris Long,Centre-Forward
2014/15,Everton,Christian Atsu,Left Winger
2014/15,Everton,Conor Grant,Central Midfield
2014/15,Everton,Conor McAleny,Centre-Forward
2014/15,Everton,Courtney Duffus,Centre-Forward
2014/15,Everton,Darron Gibson,Central Midfield
2014/15,Everton,Francisco Júnior,Central Midfield
2014/15,Everton,Gareth Barry,Defensive Midfield
2014/15,Everton,Gethin Jones,Right-Back
2014/15,Everton,James McCarthy,Central Midfield
2014/15,Everton,Joe Williams,Central Midfield
2014/15,Everton,Joel Robles,Goalkeeper
2014/15,Everton,John Lundstram,Defensive Midfield
2014/15,Everton,John Stones,Centre-Back
2014/15,Everton,Jonjoe Kenny,Right-Back
2014/15,Everton,Kevin Mirallas,Right Winger
2014/15,Everton,Kieran Dowell,Attacking Midfield
2014/15,Everton,Leighton Baines,Left-Back
2014/15,Everton,Leon Osman,Central Midfield
2014/15,Everton,Luke Garbutt,Left-Back
2014/15,Everton,Muhamed Besic,Defensive Midfield
2014/15,Everton,Phil Jagielka,Centre-Back
2014/15,Everton,Romelu Lukaku,Centre-Forward
2014/15,Everton,Ross Barkley,Central Midfield
2014/15,Everton,Russell Griffiths,Goalkeeper
2014/15,Everton,Ryan Ledson,Central Midfield
2014/15,Everton,Samuel Eto'o,Centre-Forward
2014/15,Everton,Steven Naismith,Second Striker
2014/15,Everton,Steven Pienaar,Left Midfield
2014/15,Everton,Sylvain Distin,Centre-Back
2014/15,Everton,Séamus Coleman,Right-Back
2014/15,Everton,Tim Howard,Goalkeeper
2014/15,Everton,Tony Hibbert,Right-Back
2014/15,Everton,Tyias Browning,Centre-Back
2014/15,Hull,Abel Hernández,Centre-Forward
2014/15,Hull,Ahmed El Mohamady,Right-Back
2014/15,Hull,Alex Bruce,Centre-Back
2014/15,Hull,Allan McGregor,Goalkeeper
2014/15,Hull,Andrew Robertson,Left-Back
2014/15,Hull,Calaum Jahraldo-Martin,Right Winger
2014/15,Hull,Conor Townsend,Left-Back
2014/15,Hull,Curtis Davies,Centre-Back
2014/15,Hull,Dame N'Doye,Centre-Forward
2014/15,Hull,David Meyler,Central Midfield
2014/15,Hull,Eldin Jakupović,Goalkeeper
2014/15,Hull,Gastón Ramírez,Central Midfield
2014/15,Hull,George Boyd,Left Winger
2014/15,Hull,Harry Maguire,Centre-Back
2014/15,Hull,Hatem Ben Arfa,Attacking Midfield
2014/15,Hull,Jake Livermore,Defensive Midfield
2014/15,Hull,James Chester,Centre-Back
2014/15,Hull,Joe Dudgeon,Left-Back
2014/15,Hull,Liam Rosenior,Right-Back
2014/15,Hull,Mark Oxley,Goalkeeper
2014/15,Hull,Maynor Figueroa,Left-Back
2014/15,Hull,Michael Dawson,Centre-Back
2014/15,Hull,Mohamed Diamé,Central Midfield
2014/15,Hull,Nikica Jelavic,Centre-Forward
2014/15,Hull,Paul McShane,Centre-Back
2014/15,Hull,Robbie Brady,Left Midfield
2014/15,Hull,Robert Snodgrass,Right Winger
2014/15,Hull,Rory Watson,Goalkeeper
2014/15,Hull,Shane Long,Centre-Forward
2014/15,Hull,Sone Aluko,Right Winger
2014/15,Hull,Stephen Quinn,Central Midfield
2014/15,Hull,Steve Harper,Goalkeeper
2014/15,Hull,Tom Huddlestone,Defensive Midfield
2014/15,Hull,Tom Ince,Right Winger
2014/15,Hull,Yannick Sagbo,Centre-Forward
2014/15,Leicester,Adam Smith,Goalkeeper
2014/15,Leicester,Andrej Kramaric,Second Striker
2014/15,Leicester,Andy King,Central Midfield
2014/15,Leicester,Anthony Knockaert,Right Winger
2014/15,Leicester,Ben Hamer,Goalkeeper
2014/15,Leicester,Chris Wood,Centre-Forward
2014/15,Leicester,Conrad Logan,Goalkeeper
2014/15,Leicester,Danny Drinkwater,Central Midfield
2014/15,Leicester,Danny Simpson,Right-Back
2014/15,Leicester,David Nugent,Centre-Forward
2014/15,Leicester,Dean Hammond,Central Midfield
2014/15,Leicester,Esteban Cambiasso,Defensive Midfield
2014/15,Leicester,Gary Taylor-Fletcher,Right Winger
2014/15,Leicester,Jack Barmby,Left Midfield
2014/15,Leicester,James Pearson,Right-Back
2014/15,Leicester,Jamie Vardy,Centre-Forward
2014/15,Leicester,Jeffrey Schlupp,Left Midfield
2014/15,Leicester,Kasper Schmeichel,Goalkeeper
2014/15,Leicester,Leonardo Ulloa,Centre-Forward
2014/15,Leicester,Liam Moore,Centre-Back
2014/15,Leicester,Marc Albrighton,Right Midfield
2014/15,Leicester,Marcin Wasilewski,Centre-Back
2014/15,Leicester,Mark Schwarzer,Goalkeeper
2014/15,Leicester,Matthew Upson,Centre-Back
2014/15,Leicester,Matty James,Central Midfield
2014/15,Leicester,Michael Cain,Central Midfield
2014/15,Leicester,Nick Powell,Attacking Midfield
2014/15,Leicester,Paul Gallagher,Central Midfield
2014/15,Leicester,Paul Konchesky,Left-Back
2014/15,Leicester,Ritchie De Laet,Right-Back
2014/15,Leicester,Riyad Mahrez,Right Winger
2014/15,Leicester,Robert Huth,Centre-Back
2014/15,Leicester,Ryan Watson,Defensive Midfield
2014/15,Leicester,Tom Hopper,Centre-Forward
2014/15,Leicester,Tom Lawrence,Attacking Midfield
2014/15,Leicester,Wes Morgan,Centre-Back
2014/15,Leicester,Zoumana Bakayogo,Left-Back
2014/15,Liverpool,Adam Lallana,Attacking Midfield
2014/15,Liverpool,Alberto Moreno,Left-Back
2014/15,Liverpool,Andre Wisdom,Right-Back
2014/15,Liverpool,Brad Jones,Goalkeeper
2014/15,Liverpool,Cameron Brannagan,Central Midfield
2014/15,Liverpool,Daniel Sturridge,Centre-Forward
2014/15,Liverpool,Danny Ward,Goalkeeper
2014/15,Liverpool,Dejan Lovren,Centre-Back
2014/15,Liverpool,Emre Can,Centre-Back
2014/15,Liverpool,Fabio Borini,Centre-Forward
2014/15,Liverpool,Glen Johnson,Right-Back
2014/15,Liverpool,Javier Manquillo,Right-Back
2014/15,Liverpool,Jerome Sinclair,Centre-Forward
2014/15,Liverpool,Joe Allen,Central Midfield
2014/15,Liverpool,Jon Flanagan,Right-Back
2014/15,Liverpool,Jordan Henderson,Defensive Midfield
2014/15,Liverpool,Jordan Rossiter,Defensive Midfield
2014/15,Liverpool,Jordon Ibe,Right Winger
2014/15,Liverpool,José Enrique,Left-Back
2014/15,Liverpool,João Carlos Teixeira,Attacking Midfield
2014/15,Liverpool,Kolo Touré,Centre-Back
2014/15,Liverpool,Lazar Markovic,Right Winger
2014/15,Liverpool,Lucas Leiva,Defensive Midfield
2014/15,Liverpool,MJ Williams,Defensive Midfield
2014/15,Liverpool,Mamadou Sakho,Centre-Back
2014/15,Liverpool,Mario Balotelli,Centre-Forward
2014/15,Liverpool,Martin Skrtel,Centre-Back
2014/15,Liverpool,Philippe Coutinho,Attacking Midfield
2014/15,Liverpool,Raheem Sterling,Right Winger
2014/15,Liverpool,Rickie Lambert,Centre-Forward
2014/15,Liverpool,Sebastián Coates,Centre-Back
2014/15,Liverpool,Sheyi Ojo,Right Winger
2014/15,Liverpool,Simon Mignolet,Goalkeeper
2014/15,Liverpool,Steven Gerrard,Central Midfield
2014/15,Liverpool,Suso,Right Winger
2014/15,Man City,Aleksandar Kolarov,Left-Back
2014/15,Man City,Angeliño,Left-Back
2014/15,Man City,Bacary Sagna,Right-Back
2014/15,Man City,Bersant Celina,Attacking Midfield
2014/15,Man City,Bruno Zuculini,Defensive Midfield
2014/15,Man City,David Silva,Attacking Midfield
2014/15,Man City,Dedryck Boyata,Centre-Back
2014/15,Man City,Edin Dzeko,Centre-Forward
2014/15,Man City,Eliaquim Mangala,Centre-Back
2014/15,Man City,Fernandinho,Defensive Midfield
2014/15,Man City,Fernando,Defensive Midfield
2014/15,Man City,Frank Lampard,Central Midfield
2014/15,Man City,Gaël Clichy,Left-Back
2014/15,Man City,George Glendon,Central Midfield
2014/15,Man City,James Milner,Central Midfield
2014/15,Man City,Jesús Navas,Right Midfield
2014/15,Man City,Joe Hart,Goalkeeper
2014/15,Man City,José Pozo,Attacking Midfield
2014/15,Man City,Karim Rekik,Centre-Back
2014/15,Man City,Martín Demichelis,Centre-Back
2014/15,Man City,Matija Nastasić,Centre-Back
2014/15,Man City,Micah Richards,Right-Back
2014/15,Man City,Pablo Zabaleta,Right-Back
2014/15,Man City,Richard Wright,Goalkeeper
2014/15,Man City,Samir Nasri,Attacking Midfield
2014/15,Man City,Scott Sinclair,Left Winger
2014/15,Man City,Sergio Agüero,Centre-Forward
2014/15,Man City,Sinan Bytyqi,Attacking Midfield
2014/15,Man City,Stevan Jovetić,Second Striker
2014/15,Man City,Thierry Ambrose,Centre-Forward
2014/15,Man City,Vincent Kompany,Centre-Back
2014/15,Man City,Wilfried Bony,Centre-Forward
2014/15,Man City,Willy Caballero,Goalkeeper
2014/15,Man City,Yaya Touré,Central Midfield
2014/15,Man United,Adnan Januzaj,Right Winger
2014/15,Man United,Ander Herrera,Central Midfield
2014/15,Man United,Anders Lindegaard,Goalkeeper
2014/15,Man United,Anderson,Central Midfield
2014/15,Man United,Andreas Pereira,Central Midfield
2014/15,Man United,Antonio Valencia,Right-Back
2014/15,Man United,Ashley Young,Right-Back
2014/15,Man United,Ben Amos,Goalkeeper
2014/15,Man United,Chicharito,Centre-Forward
2014/15,Man United,Chris Smalling,Centre-Back
2014/15,Man United,Daley Blind,Centre-Back
2014/15,Man United,Danny Welbeck,Centre-Forward
2014/15,Man United,Darren Fletcher,Central Midfield
2014/15,Man United,David de Gea,Goalkeeper
2014/15,Man United,James Wilson,Centre-Forward
2014/15,Man United,Jesse Lingard,Attacking Midfield
2014/15,Man United,Jonny Evans,Centre-Back
2014/15,Man United,Juan Mata,Attacking Midfield
2014/15,Man United,Luke Shaw,Left-Back
2014/15,Man United,Marcos Rojo,Centre-Back
2014/15,Man United,Marnick Vermijl,Left-Back
2014/15,Man United,Marouane Fellaini,Central Midfield
2014/15,Man United,Michael Carrick,Defensive Midfield
2014/15,Man United,Michael Keane,Centre-Back
2014/15,Man United,Nani,Left Winger
2014/15,Man United,Nick Powell,Attacking Midfield
2014/15,Man United,Paddy McNair,Centre-Back
2014/15,Man United,Phil Jones,Centre-Back
2014/15,Man United,Radamel Falcao,Centre-Forward
2014/15,Man United,Rafael,Right-Back
2014/15,Man United,Reece James,Left-Back
2014/15,Man United,Robin van Persie,Centre-Forward
2014/15,Man United,Saidy Janko,Right-Back
2014/15,Man United,Sam Johnstone,Goalkeeper
2014/15,Man United,Shinji Kagawa,Attacking Midfield
2014/15,Man United,Tom Cleverley,Central Midfield
2014/15,Man United,Tom Thorpe,Centre-Back
2014/15,Man United,Tyler Blackett,Centre-Back
2014/15,Man United,Víctor Valdés,Goalkeeper
2014/15,Man United,Wayne Rooney,Centre-Forward
2014/15,Man United,Wilfried Zaha,Left Winger
2014/15,Man United,Will Keane,Centre-Forward
2014/15,Man United,Ángel Di María,Right Winger
2014/15,Newcastle,Adam Armstrong,Centre-Forward
2014/15,Newcastle,Adam Campbell,Left Winger
2014/15,Newcastle,Alex Gilliead,Central Midfield
2014/15,Newcastle,Ayoze Pérez,Centre-Forward
2014/15,Newcastle,Callum Roberts,Right Winger
2014/15,Newcastle,Cheik Tioté,Defensive Midfield
2014/15,Newcastle,Curtis Good,Centre-Back
2014/15,Newcastle,Daryl Janmaat,Right-Back
2014/15,Newcastle,Davide Santon,Left-Back
2014/15,Newcastle,Emmanuel Rivière,Centre-Forward
2014/15,Newcastle,Fabricio Coloccini,Centre-Back
2014/15,Newcastle,Facundo Ferreyra,Centre-Forward
2014/15,Newcastle,Freddie Woodman,Goalkeeper
2014/15,Newcastle,Gabriel Obertan,Right Winger
2014/15,Newcastle,Gaël Bigirimana,Defensive Midfield
2014/15,Newcastle,Haris Vuckic,Second Striker
2014/15,Newcastle,Jack Colback,Defensive Midfield
2014/15,Newcastle,Jak Alnwick,Goalkeeper
2014/15,Newcastle,Jamaal Lascelles,Centre-Back
2014/15,Newcastle,Jamie Sterry,Right-Back
2014/15,Newcastle,Jonás Gutiérrez,Left Midfield
2014/15,Newcastle,Karl Darlow,Goalkeeper
2014/15,Newcastle,Lubomir Satka,Centre-Back
2014/15,Newcastle,Massadio Haïdara,Left-Back
2014/15,Newcastle,Mehdi Abeid,Central Midfield
2014/15,Newcastle,Mike Williamson,Centre-Back
2014/15,Newcastle,Moussa Sissoko,Central Midfield
2014/15,Newcastle,Olivier Kemen,Central Midfield
2014/15,Newcastle,Papiss Demba Cissé,Centre-Forward
2014/15,Newcastle,Paul Dummett,Left-Back
2014/15,Newcastle,Remie Streete,Centre-Back
2014/15,Newcastle,Rob Elliot,Goalkeeper
2014/15,Newcastle,Rolando Aarons,Left Winger
2014/15,Newcastle,Ryan Taylor,Right-Back
2014/15,Newcastle,Rémy Cabella,Attacking Midfield
2014/15,Newcastle,Sammy Ameobi,Left Winger
2014/15,Newcastle,Shane Ferguson,Left Midfield
2014/15,Newcastle,Siem de Jong,Attacking Midfield
2014/15,Newcastle,Steven Taylor,Centre-Back
2014/15,Newcastle,Tim Krul,Goalkeeper
2014/15,Newcastle,Vurnon Anita,Defensive Midfield
2014/15,Newcastle,Yoan Gouffran,Left Winger
2014/15,QPR,Aaron Mitchell,Central Midfield
2014/15,QPR,Adel Taarabt,Central Midfield
2014/15,QPR,Alejandro Faurlín,Central Midfield
2014/15,QPR,Alex McCarthy,Goalkeeper
2014/15,QPR,Armand Traoré,Left-Back
2014/15,QPR,Bobby Zamora,Centre-Forward
2014/15,QPR,Brandon Comley,Defensive Midfield
2014/15,QPR,Brian Murphy,Goalkeeper
2014/15,QPR,Bruno Andrade,Left Winger
2014/15,QPR,Charlie Austin,Centre-Forward
2014/15,QPR,Clint Hill,Centre-Back
2014/15,QPR,Cole Kpekawa,Centre-Back
2014/15,QPR,Danny Simpson,Right-Back
2014/15,QPR,Darnell Furlong,Right-Back
2014/15,QPR,Eduardo Vargas,Centre-Forward
2014/15,QPR,Frankie Sutherland,Right Midfield
2014/15,QPR,Jack Robinson,Centre-Back
2014/15,QPR,Joey Barton,Central Midfield
2014/15,QPR,Jordon Mutch,Central Midfield
2014/15,QPR,Junior Hoilett,Left Winger
2014/15,QPR,Karl Henry,Defensive Midfield
2014/15,QPR,Leroy Fer,Defensive Midfield
2014/15,QPR,Loïc Rémy,Centre-Forward
2014/15,QPR,Matt Phillips,Right Winger
2014/15,QPR,Mauricio Isla,Right-Back
2014/15,QPR,Mauro Zárate,Centre-Forward
2014/15,QPR,Max Ehmer,Centre-Back
2014/15,QPR,Michael Doughty,Central Midfield
2014/15,QPR,Michael Harriman,Centre-Back
2014/15,QPR,Michael Petrasso,Right Midfield
2014/15,QPR,Nedum Onuoha,Centre-Back
2014/15,QPR,Niko Kranjcar,Attacking Midfield
2014/15,QPR,Reece Grego-Cox,Right Midfield
2014/15,QPR,Richard Dunne,Centre-Back
2014/15,QPR,Rio Ferdinand,Centre-Back
2014/15,QPR,Rob Green,Goalkeeper
2014/15,QPR,Samba Diakité,Defensive Midfield
2014/15,QPR,Sandro,Central Midfield
2014/15,QPR,Seok-yeong Yun,Left-Back
2014/15,QPR,Shaun Wright-Phillips,Right Winger
2014/15,QPR,Steven Caulker,Centre-Back
2014/15,Southampton,Artur Boruc,Goalkeeper
2014/15,Southampton,Dominic Gape,Defensive Midfield
2014/15,Southampton,Dušan Tadić,Right Winger
2014/15,Southampton,Eljero Elia,Left Winger
2014/15,Southampton,Emmanuel Mayuka,Centre-Forward
2014/15,Southampton,Filip Djuricic,Attacking Midfield
2014/15,Southampton,Florin Gardoș,Centre-Back
2014/15,Southampton,Fraser Forster,Goalkeeper
2014/15,Southampton,Gastón Ramírez,Central Midfield
2014/15,Southampton,Graziano Pellè,Centre-Forward
2014/15,Southampton,Harrison Reed,Central Midfield
2014/15,Southampton,Jack Cork,Defensive Midfield
2014/15,Southampton,Jack Stephens,Centre-Back
2014/15,Southampton,Jake Flannigan,Defensive Midfield
2014/15,Southampton,Jake Hesketh,Attacking Midfield
2014/15,Southampton,James Ward-Prowse,Central Midfield
2014/15,Southampton,Jason McCarthy,Right-Back
2014/15,Southampton,Jay Rodríguez,Centre-Forward
2014/15,Southampton,Jos Hooiveld,Centre-Back
2014/15,Southampton,José Fonte,Centre-Back
2014/15,Southampton,Kelvin Davis,Goalkeeper
2014/15,Southampton,Lloyd Isgrove,Right Winger
2014/15,Southampton,Matt Targett,Left-Back
2014/15,Southampton,Maya Yoshida,Centre-Back
2014/15,Southampton,Morgan Schneiderlin,Defensive Midfield
2014/15,Southampton,Nathaniel Clyne,Right-Back
2014/15,Southampton,Paulo Gazzaniga,Goalkeeper
2014/15,Southampton,Ryan Bertrand,Left-Back
2014/15,Southampton,Ryan Seager,Centre-Forward
2014/15,Southampton,Sadio Mané,Left Winger
2014/15,Southampton,Sam Gallagher,Centre-Forward
2014/15,Southampton,Sam McQueen,Left-Back
2014/15,Southampton,Saphir Taïder,Central Midfield
2014/15,Southampton,Shane Long,Centre-Forward
2014/15,Southampton,Steven Davis,Central Midfield
2014/15,Southampton,Toby Alderweireld,Centre-Back
2014/15,Southampton,Victor Wanyama,Defensive Midfield
2014/15,Stoke,Adam Thomas,Right Winger
2014/15,Stoke,Andy Wilkinson,Right-Back
2014/15,Stoke,Asmir Begovic,Goalkeeper
2014/15,Stoke,Bojan Krkic,Second Striker
2014/15,Stoke,Charlie Adam,Central Midfield
2014/15,Stoke,Dionatan Teixeira,Centre-Back
2014/15,Stoke,Erik Pieters,Left-Back
2014/15,Stoke,Geoff Cameron,Centre-Back
2014/15,Stoke,Glenn Whelan,Defensive Midfield
2014/15,Stoke,Jack Butland,Goalkeeper
2014/15,Stoke,Jamie Ness,Central Midfield
2014/15,Stoke,Jonathan Walters,Right Winger
2014/15,Stoke,Mame Diouf,Centre-Forward
2014/15,Stoke,Marc Muniesa,Centre-Back
2014/15,Stoke,Marc Wilson,Centre-Back
2014/15,Stoke,Marko Arnautovic,Centre-Forward
2014/15,Stoke,Oliver Shenton,Central Midfield
2014/15,Stoke,Oussama Assaidi,Left Winger
2014/15,Stoke,Peter Crouch,Centre-Forward
2014/15,Stoke,Peter Odemwingie,Centre-Forward
2014/15,Stoke,Phil Bardsley,Right-Back
2014/15,Stoke,Philipp Wollscheid,Centre-Back
2014/15,Stoke,Robert Huth,Centre-Back
2014/15,Stoke,Ryan Shawcross,Centre-Back
2014/15,Stoke,Stephen Ireland,Attacking Midfield
2014/15,Stoke,Steve Sidwell,Central Midfield
2014/15,Stoke,Steven Nzonzi,Defensive Midfield
2014/15,Stoke,Thomas Sörensen,Goalkeeper
2014/15,Stoke,Victor Moses,Right Winger
2014/15,Stoke,Wilson Palacios,Defensive Midfield
2014/15,Sunderland,Adam Johnson,Right Winger
2014/15,Sunderland,Anthony Réveillère,Right-Back
2014/15,Sunderland,Billy Jones,Right-Back
2014/15,Sunderland,Cabral,Defensive Midfield
2014/15,Sunderland,Charalampos Mavrias,Right-Back
2014/15,Sunderland,Connor Wickham,Centre-Forward
2014/15,Sunderland,Costel Pantilimon,Goalkeeper
2014/15,Sunderland,Danny Graham,Centre-Forward
2014/15,Sunderland,Duncan Watmore,Right Winger
2014/15,Sunderland,Emanuele Giaccherini,Left Midfield
2014/15,Sunderland,George Honeyman,Attacking Midfield
2014/15,Sunderland,Jack Rodwell,Centre-Back
2014/15,Sunderland,Jermain Defoe,Centre-Forward
2014/15,Sunderland,John O'Shea,Centre-Back
2014/15,Sunderland,Jordan Pickford,Goalkeeper
2014/15,Sunderland,Jordi Gómez,Central Midfield
2014/15,Sunderland,Jozy Altidore,Centre-Forward
2014/15,Sunderland,Lee Cattermole,Defensive Midfield
2014/15,Sunderland,Liam Agnew,Central Midfield
2014/15,Sunderland,Liam Bridcutt,Defensive Midfield
2014/15,Sunderland,Maksymilian Stryjek,Goalkeeper
2014/15,Sunderland,Mikael Mandron,Centre-Forward
2014/15,Sunderland,Patrick van Aanholt,Left-Back
2014/15,Sunderland,Ricardo Álvarez,Central Midfield
2014/15,Sunderland,Santiago Vergini,Centre-Back
2014/15,Sunderland,Sebastian Larsson,Central Midfield
2014/15,Sunderland,Sebastián Coates,Centre-Back
2014/15,Sunderland,Steven Fletcher,Centre-Forward
2014/15,Sunderland,Tom Beadling,Centre-Back
2014/15,Sunderland,Tommy Robson,Left-Back
2014/15,Sunderland,Valentin Roberge,Centre-Back
2014/15,Sunderland,Vito Mannone,Goalkeeper
2014/15,Sunderland,Wes Brown,Centre-Back
2014/15,Sunderland,Will Buckley,Right Winger
2014/15,Swansea,Adam King,Central Midfield
2014/15,Swansea,Alan Tate,Centre-Back
2014/15,Swansea,Ashley Williams,Centre-Back
2014/15,Swansea,Bafétimbi Gomis,Centre-Forward
2014/15,Swansea,David Cornell,Goalkeeper
2014/15,Swansea,Dwight Tiendalli,Right-Back
2014/15,Swansea,Federico Fernández,Centre-Back
2014/15,Swansea,Gerhard Tremmel,Goalkeeper
2014/15,Swansea,Gylfi Sigurdsson,Attacking Midfield
2014/15,Swansea,Jack Cork,Defensive Midfield
2014/15,Swansea,Jay Fulton,Central Midfield
2014/15,Swansea,Jazz Richards,Right-Back
2014/15,Swansea,Jefferson Montero,Left Winger
2014/15,Swansea,Jonjo Shelvey,Central Midfield
2014/15,Swansea,Jordi Amat,Centre-Back
2014/15,Swansea,Josh Sheehan,Central Midfield
2014/15,Swansea,Kenji Gorré,Left Winger
2014/15,Swansea,Kyle Bartley,Centre-Back
2014/15,Swansea,Kyle Naughton,Right-Back
2014/15,Swansea,Leon Britton,Central Midfield
2014/15,Swansea,Liam Shephard,Right-Back
2014/15,Swansea,Lukasz Fabianski,Goalkeeper
2014/15,Swansea,Marvin Emnes,Centre-Forward
2014/15,Swansea,Matt Grimes,Defensive Midfield
2014/15,Swansea,Modou Barrow,Left Winger
2014/15,Swansea,Nathan Dyer,Right Winger
2014/15,Swansea,Neil Taylor,Left-Back
2014/15,Swansea,Nélson Oliveira,Centre-Forward
2014/15,Swansea,Raheem Hanley,Left-Back
2014/15,Swansea,Rory Donnelly,Centre-Forward
2014/15,Swansea,Stephen Kingsley,Left-Back
2014/15,Swansea,Sung-yueng Ki,Defensive Midfield
2014/15,Swansea,Tom Carroll,Central Midfield
2014/15,Swansea,Wayne Routledge,Left Winger
2014/15,Swansea,Wilfried Bony,Centre-Forward
2014/15,Swansea,Ángel Rangel,Right-Back
2014/15,Tottenham,Aaron Lennon,Right Winger
2014/15,Tottenham,Alex Pritchard,Attacking Midfield
2014/15,Tottenham,Andros Townsend,Right Winger
2014/15,Tottenham,Ben Davies,Centre-Back
2014/15,Tottenham,Benjamin Stambouli,Defensive Midfield
2014/15,Tottenham,Bongani Khumalo,Centre-Back
2014/15,Tottenham,Brad Friedel,Goalkeeper
2014/15,Tottenham,Christian Eriksen,Attacking Midfield
2014/15,Tottenham,Cristian Ceballos,Attacking Midfield
2014/15,Tottenham,Danny Rose,Left-Back
2014/15,Tottenham,DeAndre Yedlin,Right-Back
2014/15,Tottenham,Dele Alli,Attacking Midfield
2014/15,Tottenham,Dominic Ball,Defensive Midfield
2014/15,Tottenham,Emmanuel Adebayor,Centre-Forward
2014/15,Tottenham,Eric Dier,Centre-Back
2014/15,Tottenham,Erik Lamela,Right Winger
2014/15,Tottenham,Federico Fazio,Centre-Back
2014/15,Tottenham,Grant Hall,Centre-Back
2014/15,Tottenham,Harry Kane,Centre-Forward
2014/15,Tottenham,Harry Winks,Defensive Midfield
2014/15,Tottenham,Hugo Lloris,Goalkeeper
2014/15,Tottenham,Jan Vertonghen,Centre-Back
2014/15,Tottenham,Jordan Archer,Goalkeeper
2014/15,Tottenham,Josh Onomah,Central Midfield
2014/15,Tottenham,Kyle Naughton,Right-Back
2014/15,Tottenham,Kyle Walker,Right-Back
2014/15,Tottenham,Lewis Holtby,Central Midfield
2014/15,Tottenham,Luke McGee,Goalkeeper
2014/15,Tottenham,Michael Dawson,Centre-Back
2014/15,Tottenham,Michel Vorm,Goalkeeper
2014/15,Tottenham,Milos Veljkovic,Centre-Back
2014/15,Tottenham,Mousa Dembélé,Central Midfield
2014/15,Tottenham,Nabil Bentaleb,Defensive Midfield
2014/15,Tottenham,Nacer Chadli,Left Winger
2014/15,Tottenham,Paulinho,Central Midfield
2014/15,Tottenham,Roberto Soldado,Centre-Forward
2014/15,Tottenham,Ryan Mason,Central Midfield
2014/15,Tottenham,Sandro,Central Midfield
2014/15,Tottenham,Tom Carroll,Central Midfield
2014/15,Tottenham,Vlad Chiricheș,Defensive Midfield
2014/15,Tottenham,Younès Kaboul,Centre-Back
2014/15,Tottenham,Étienne Capoue,Defensive Midfield
2014/15,West Brom,Adil Nabi,Attacking Midfield
2014/15,West Brom,Alex Palmer,Goalkeeper
2014/15,West Brom,Andre Wisdom,Right-Back
2014/15,West Brom,Ben Foster,Goalkeeper
2014/15,West Brom,Boaz Myhill,Goalkeeper
2014/15,West Brom,Brown Ideye,Centre-Forward
2014/15,West Brom,Callum McManaman,Right Winger
2014/15,West Brom,Chris Baird,Defensive Midfield
2014/15,West Brom,Chris Brunt,Central Midfield
2014/15,West Brom,Claudio Yacob,Defensive Midfield
2014/15,West Brom,Craig Dawson,Centre-Back
2014/15,West Brom,Craig Gardner,Central Midfield
2014/15,West Brom,Cristian Gamboa,Right-Back
2014/15,West Brom,Darren Fletcher,Central Midfield
2014/15,West Brom,Donervon Daniels,Centre-Back
2014/15,West Brom,Gareth McAuley,Centre-Back
2014/15,West Brom,Georgios Samaras,Left Winger
2014/15,West Brom,Graham Dorrans,Central Midfield
2014/15,West Brom,Jack Rose,Goalkeeper
2014/15,West Brom,James Morrison,Central Midfield
2014/15,West Brom,Jason Davidson,Left-Back
2014/15,West Brom,Joleon Lescott,Centre-Back
2014/15,West Brom,Jonas Olsson,Centre-Back
2014/15,West Brom,Kemar Roofe,Centre-Forward
2014/15,West Brom,Liam O'Neil,Defensive Midfield
2014/15,West Brom,Luke Daniels,Goalkeeper
2014/15,West Brom,Saido Berahino,Centre-Forward
2014/15,West Brom,Sebastián Blanco,Attacking Midfield
2014/15,West Brom,Stéphane Sessègnon,Attacking Midfield
2014/15,West Brom,Sébastien Pocognoli,Left-Back
2014/15,West Brom,Tyler Roberts,Second Striker
2014/15,West Brom,Varela,Left Winger
2014/15,West Brom,Victor Anichebe,Centre-Forward
2014/15,West Brom,Youssouf Mulumbu,Defensive Midfield
2014/15,West Ham,Aaron Cresswell,Left-Back
2014/15,West Ham,Adrián San Miguel,Goalkeeper
2014/15,West Ham,Alex Song,Defensive Midfield
2014/15,West Ham,Andy Carroll,Centre-Forward
2014/15,West Ham,Carl Jenkinson,Right-Back
2014/15,West Ham,Carlton Cole,Centre-Forward
2014/15,West Ham,Cheikhou Kouyaté,Defensive Midfield
2014/15,West Ham,Dan Potts,Centre-Back
2014/15,West Ham,Diafra Sakho,Centre-Forward
2014/15,West Ham,Diego Poyet,Central Midfield
2014/15,West Ham,Doneil Henry,Centre-Back
2014/15,West Ham,Elliot Lee,Attacking Midfield
2014/15,West Ham,Emmanuel Onariase,Centre-Back
2014/15,West Ham,Enner Valencia,Centre-Forward
2014/15,West Ham,Guy Demel,Right-Back
2014/15,West Ham,James Collins,Centre-Back
2014/15,West Ham,James Tomkins,Centre-Back
2014/15,West Ham,Joey O'Brien,Right-Back
2014/15,West Ham,Josh Cullen,Central Midfield
2014/15,West Ham,Jussi Jääskeläinen,Goalkeeper
2014/15,West Ham,Kevin Nolan,Attacking Midfield
2014/15,West Ham,Lewis Page,Left-Back
2014/15,West Ham,Mark Noble,Central Midfield
2014/15,West Ham,Matt Jarvis,Left Winger
2014/15,West Ham,Mauro Zárate,Centre-Forward
2014/15,West Ham,Mohamed Diamé,Central Midfield
2014/15,West Ham,Morgan Amalfitano,Right Midfield
2014/15,West Ham,Nenê,Attacking Midfield
2014/15,West Ham,Raphael Spiegel,Goalkeeper
2014/15,West Ham,Ravel Morrison,Attacking Midfield
2014/15,West Ham,Reece Burke,Centre-Back
2014/15,West Ham,Reece Oxford,Centre-Back
2014/15,West Ham,Ricardo Vaz Tê,Right Winger
2014/15,West Ham,Sebastian Lletget,Central Midfield
2014/15,West Ham,Stewart Downing,Left Midfield
2014/15,West Ham,Winston Reid,Centre-Back
2015/16,AFC Bournemouth,Adam Federici,Goalkeeper
2015/16,AFC Bournemouth,Adam Smith,Right-Back
2015/16,AFC Bournemouth,Andrew Surman,Central Midfield
2015/16,AFC Bournemouth,Artur Boruc,Goalkeeper
2015/16,AFC Bournemouth,Baily Cargill,Centre-Back
2015/16,AFC Bournemouth,Benik Afobe,Centre-Forward
2015/16,AFC Bournemouth,Callum Buckley,Left-Back
2015/16,AFC Bournemouth,Callum Wilson,Centre-Forward
2015/16,AFC Bournemouth,Charlie Daniels,Left-Back
2015/16,AFC Bournemouth,Christian Atsu,Left Winger
2015/16,AFC Bournemouth,Corey Jordan,Centre-Back
2015/16,AFC Bournemouth,Dan Gosling,Central Midfield
2015/16,AFC Bournemouth,Elliott Ward,Centre-Back
2015/16,AFC Bournemouth,Eunan O'Kane,Central Midfield
2015/16,AFC Bournemouth,Filippo Costa,Left Midfield
2015/16,AFC Bournemouth,Glenn Murray,Centre-Forward
2015/16,AFC Bournemouth,Harry Arter,Central Midfield
2015/16,AFC Bournemouth,Harry Cornick,Centre-Forward
2015/16,AFC Bournemouth,Jack Simpson,Centre-Back
2015/16,AFC Bournemouth,Jayden Stockley,Centre-Forward
2015/16,AFC Bournemouth,Joe Bennett,Left-Back
2015/16,AFC Bournemouth,Joe Quigley,Centre-Forward
2015/16,AFC Bournemouth,Jordan Green,Right Winger
2015/16,AFC Bournemouth,Jordan Holmes,Goalkeeper
2015/16,AFC Bournemouth,Jordan Lee,Right-Back
2015/16,AFC Bournemouth,Josh Wakefield,Central Midfield
2015/16,AFC Bournemouth,Joshua King,Centre-Forward
2015/16,AFC Bournemouth,Juan Iturbe,Second Striker
2015/16,AFC Bournemouth,Junior Stanislas,Left Winger
2015/16,AFC Bournemouth,Lee Tomlin,Second Striker
2015/16,AFC Bournemouth,Lewis Grabban,Centre-Forward
2015/16,AFC Bournemouth,Marc Pugh,Left Winger
2015/16,AFC Bournemouth,Marius Adamonis,Goalkeeper
2015/16,AFC Bournemouth,Matt Butcher,Defensive Midfield
2015/16,AFC Bournemouth,Matt Ritchie,Right Midfield
2015/16,AFC Bournemouth,Max Gradel,Left Winger
2015/16,AFC Bournemouth,Rhoys Wiggins,Left-Back
2015/16,AFC Bournemouth,Ryan Allsop,Goalkeeper
2015/16,AFC Bournemouth,Ryan Fraser,Left Winger
2015/16,AFC Bournemouth,Sam Surridge,Centre-Forward
2015/16,AFC Bournemouth,Shaun MacDonald,Centre-Back
2015/16,AFC Bournemouth,Simon Francis,Right-Back
2015/16,AFC Bournemouth,Steve Cook,Centre-Back
2015/16,AFC Bournemouth,Stéphane Zubar,Centre-Back
2015/16,AFC Bournemouth,Sylvain Distin,Centre-Back
2015/16,AFC Bournemouth,Tokelo Rantie,Centre-Forward
2015/16,AFC Bournemouth,Tommy Elphick,Centre-Back
2015/16,AFC Bournemouth,Tyrone Mings,Centre-Back
2015/16,AFC Bournemouth,Yann Kermorgant,Centre-Forward
2015/16,Arsenal,Aaron Ramsey,Central Midfield
2015/16,Arsenal,Alex Iwobi,Left Winger
2015/16,Arsenal,Alex Oxlade-Chamberlain,Central Midfield
2015/16,Arsenal,Alexis Sánchez,Second Striker
2015/16,Arsenal,Ben Sheaf,Defensive Midfield
2015/16,Arsenal,Calum Chambers,Centre-Back
2015/16,Arsenal,Carl Jenkinson,Right-Back
2015/16,Arsenal,Chris Willock,Left Winger
2015/16,Arsenal,Chuba Akpom,Centre-Forward
2015/16,Arsenal,Danny Welbeck,Centre-Forward
2015/16,Arsenal,David Ospina,Goalkeeper
2015/16,Arsenal,Emiliano Martínez,Goalkeeper
2015/16,Arsenal,Francis Coquelin,Defensive Midfield
2015/16,Arsenal,Gabriel Paulista,Centre-Back
2015/16,Arsenal,Glen Kamara,Central Midfield
2015/16,Arsenal,Héctor Bellerín,Right-Back
2015/16,Arsenal,Isaac Hayden,Defensive Midfield
2015/16,Arsenal,Ismaël Bennacer,Defensive Midfield
2015/16,Arsenal,Jack Wilshere,Central Midfield
2015/16,Arsenal,Jeff Reine-Adélaïde,Attacking Midfield
2015/16,Arsenal,Joel Campbell,Second Striker
2015/16,Arsenal,Jon Toral,Attacking Midfield
2015/16,Arsenal,Kieran Gibbs,Left-Back
2015/16,Arsenal,Krystian Bielik,Centre-Back
2015/16,Arsenal,Laurent Koscielny,Centre-Back
2015/16,Arsenal,Mathieu Debuchy,Right-Back
2015/16,Arsenal,Mathieu Flamini,Defensive Midfield
2015/16,Arsenal,Matt Macey,Goalkeeper
2015/16,Arsenal,Mesut Özil,Attacking Midfield
2015/16,Arsenal,Mikel Arteta,Central Midfield
2015/16,Arsenal,Mohamed Elneny,Defensive Midfield
2015/16,Arsenal,Nacho Monreal,Left-Back
2015/16,Arsenal,Olivier Giroud,Centre-Forward
2015/16,Arsenal,Per Mertesacker,Centre-Back
2015/16,Arsenal,Petr Cech,Goalkeeper
2015/16,Arsenal,Santi Cazorla,Central Midfield
2015/16,Arsenal,Serge Gnabry,Second Striker
2015/16,Arsenal,Theo Walcott,Right Winger
2015/16,Arsenal,Tomas Rosicky,Attacking Midfield
2015/16,Arsenal,Wellington Silva,Right Winger
2015/16,Arsenal,Yaya Sanogo,Centre-Forward
2015/16,Aston Villa,Adama Traoré,Right Winger
2015/16,Aston Villa,Alan Hutton,Right-Back
2015/16,Aston Villa,Aly Cissokho,Centre-Back
2015/16,Aston Villa,Andre Green,Left Winger
2015/16,Aston Villa,Ashley Westwood,Defensive Midfield
2015/16,Aston Villa,Benjamin Siegrist,Goalkeeper
2015/16,Aston Villa,Brad Guzan,Goalkeeper
2015/16,Aston Villa,Bradley Watkins,Goalkeeper
2015/16,Aston Villa,Callum Robinson,Centre-Forward
2015/16,Aston Villa,Carles Gil,Attacking Midfield
2015/16,Aston Villa,Carlos Sánchez,Defensive Midfield
2015/16,Aston Villa,Charles N'Zogbia,Right Winger
2015/16,Aston Villa,Ciaran Clark,Centre-Back
2015/16,Aston Villa,Corey Blackett-Taylor,Left Winger
2015/16,Aston Villa,Easah Suliman,Centre-Back
2015/16,Aston Villa,Gabriel Agbonlahor,Centre-Forward
2015/16,Aston Villa,Gary Gardner,Central Midfield
2015/16,Aston Villa,Idrissa Gueye,Defensive Midfield
2015/16,Aston Villa,Jack Grealish,Left Winger
2015/16,Aston Villa,Janoi Donacien,Right-Back
2015/16,Aston Villa,Jed Steer,Goalkeeper
2015/16,Aston Villa,Jerell Sellars,Left Winger
2015/16,Aston Villa,Joe Bennett,Left-Back
2015/16,Aston Villa,Joe Cole,Attacking Midfield
2015/16,Aston Villa,Joleon Lescott,Centre-Back
2015/16,Aston Villa,Jordan Amavi,Left-Back
2015/16,Aston Villa,Jordan Ayew,Centre-Forward
2015/16,Aston Villa,Jordan Lyden,Central Midfield
2015/16,Aston Villa,Jordan Veretout,Central Midfield
2015/16,Aston Villa,Jores Okore,Centre-Back
2015/16,Aston Villa,José Crespo,Centre-Back
2015/16,Aston Villa,Keinan Davis,Centre-Forward
2015/16,Aston Villa,Kevin Toner,Centre-Back
2015/16,Aston Villa,Kieran Richardson,Left-Back
2015/16,Aston Villa,Leandro Bacuna,Central Midfield
2015/16,Aston Villa,Libor Kozák,Centre-Forward
2015/16,Aston Villa,Mark Bunn,Goalkeeper
2015/16,Aston Villa,Micah Richards,Right-Back
2015/16,Aston Villa,Nathan Baker,Centre-Back
2015/16,Aston Villa,Niall Mason,Centre-Back
2015/16,Aston Villa,Rudy Gestede,Centre-Forward
2015/16,Aston Villa,Rushian Hepburn-Murphy,Centre-Forward
2015/16,Aston Villa,Scott Sinclair,Left Winger
2015/16,Aston Villa,Tiago Ilori,Centre-Back
2015/16,Chelsea,Abdul Rahman Baba,Left-Back
2015/16,Chelsea,Alexandre Pato,Centre-Forward
2015/16,Chelsea,Asmir Begovic,Goalkeeper
2015/16,Chelsea,Bertrand Traoré,Right Winger
2015/16,Chelsea,Branislav Ivanovic,Right-Back
2015/16,Chelsea,Cesc Fàbregas,Central Midfield
2015/16,Chelsea,Charlie Colkett,Central Midfield
2015/16,Chelsea,César Azpilicueta,Centre-Back
2015/16,Chelsea,Diego Costa,Centre-Forward
2015/16,Chelsea,Eden Hazard,Left Winger
2015/16,Chelsea,Fikayo Tomori,Centre-Back
2015/16,Chelsea,Gary Cahill,Centre-Back
2015/16,Chelsea,Jake Clarke-Salter,Centre-Back
2015/16,Chelsea,Jamal Blackman,Goalkeeper
2015/16,Chelsea,John Obi Mikel,Defensive Midfield
2015/16,Chelsea,John Terry,Centre-Back
2015/16,Chelsea,Juan Cuadrado,Right Midfield
2015/16,Chelsea,Kasey Palmer,Attacking Midfield
2015/16,Chelsea,Kenedy,Left Winger
2015/16,Chelsea,Kurt Zouma,Centre-Back
2015/16,Chelsea,Loïc Rémy,Centre-Forward
2015/16,Chelsea,Lucas Piazón,Attacking Midfield
2015/16,Chelsea,Marco Amelia,Goalkeeper
2015/16,Chelsea,Matt Miazga,Centre-Back
2015/16,Chelsea,Michael Hector,Centre-Back
2015/16,Chelsea,Nathan Aké,Centre-Back
2015/16,Chelsea,Nemanja Matić,Defensive Midfield
2015/16,Chelsea,Ola Aina,Right-Back
2015/16,Chelsea,Oscar,Attacking Midfield
2015/16,Chelsea,Papy Djilobodji,Centre-Back
2015/16,Chelsea,Patrick Bamford,Centre-Forward
2015/16,Chelsea,Pedro,Right Winger
2015/16,Chelsea,Radamel Falcao,Centre-Forward
2015/16,Chelsea,Ramires,Central Midfield
2015/16,Chelsea,Ruben Loftus-Cheek,Central Midfield
2015/16,Chelsea,Tammy Abraham,Centre-Forward
2015/16,Chelsea,Thibaut Courtois,Goalkeeper
2015/16,Chelsea,Tomas Kalas,Centre-Back
2015/16,Chelsea,Victor Moses,Right Winger
2015/16,Chelsea,Willian,Left Winger
2015/16,Crystal Palace,Adrian Mariappa,Centre-Back
2015/16,Crystal Palace,Alex McCarthy,Goalkeeper
2015/16,Crystal Palace,Bakary Sako,Left Winger
2015/16,Crystal Palace,Brede Hangeland,Centre-Back
2015/16,Crystal Palace,Chung-yong Lee,Right Winger
2015/16,Crystal Palace,Connor Dymond,Defensive Midfield
2015/16,Crystal Palace,Connor Wickham,Centre-Forward
2015/16,Crystal Palace,Damien Delaney,Centre-Back
2015/16,Crystal Palace,Dwight Gayle,Centre-Forward
2015/16,Crystal Palace,Emmanuel Adebayor,Centre-Forward
2015/16,Crystal Palace,Fraizer Campbell,Centre-Forward
2015/16,Crystal Palace,Glenn Murray,Centre-Forward
2015/16,Crystal Palace,Hiram Boateng,Central Midfield
2015/16,Crystal Palace,Jake Gray,Central Midfield
2015/16,Crystal Palace,James McArthur,Central Midfield
2015/16,Crystal Palace,Jason Puncheon,Central Midfield
2015/16,Crystal Palace,Jerome Binnom-Williams,Left-Back
2015/16,Crystal Palace,Joe Ledley,Central Midfield
2015/16,Crystal Palace,Joel Ward,Right-Back
2015/16,Crystal Palace,Jonny Williams,Attacking Midfield
2015/16,Crystal Palace,Jordon Mutch,Central Midfield
2015/16,Crystal Palace,Julián Speroni,Goalkeeper
2015/16,Crystal Palace,Kwesi Appiah,Centre-Forward
2015/16,Crystal Palace,Luke Croll,Centre-Back
2015/16,Crystal Palace,Luke Dreher,Central Midfield
2015/16,Crystal Palace,Marouane Chamakh,Centre-Forward
2015/16,Crystal Palace,Martin Kelly,Right-Back
2015/16,Crystal Palace,Mile Jedinak,Defensive Midfield
2015/16,Crystal Palace,Pape Souaré,Left-Back
2015/16,Crystal Palace,Patrick Bamford,Centre-Forward
2015/16,Crystal Palace,Patrick McCarthy,Centre-Back
2015/16,Crystal Palace,Scott Dann,Centre-Back
2015/16,Crystal Palace,Sullay Kaikai,Left Winger
2015/16,Crystal Palace,Wayne Hennessey,Goalkeeper
2015/16,Crystal Palace,Wilfried Zaha,Left Winger
2015/16,Crystal Palace,Yannick Bolasie,Centre-Forward
2015/16,Crystal Palace,Yohan Cabaye,Central Midfield
2015/16,Crystal Palace,Zeki Fryers,Left-Back
2015/16,Everton,Aaron Lennon,Right Winger
2015/16,Everton,Aiden McGeady,Left Winger
2015/16,Everton,Arouna Koné,Centre-Forward
2015/16,Everton,Brendan Galloway,Centre-Back
2015/16,Everton,Bryan Oviedo,Left-Back
2015/16,Everton,Callum Connolly,Centre-Back
2015/16,Everton,Conor Grant,Central Midfield
2015/16,Everton,Conor McAleny,Centre-Forward
2015/16,Everton,Darron Gibson,Central Midfield
2015/16,Everton,Felipe Mattioni,Right-Back
2015/16,Everton,Gareth Barry,Defensive Midfield
2015/16,Everton,Gerard Deulofeu,Centre-Forward
2015/16,Everton,James McCarthy,Central Midfield
2015/16,Everton,Jindrich Stanek,Goalkeeper
2015/16,Everton,Joel Robles,Goalkeeper
2015/16,Everton,John Stones,Centre-Back
2015/16,Everton,Jonjoe Kenny,Right-Back
2015/16,Everton,Kevin Mirallas,Right Winger
2015/16,Everton,Kieran Dowell,Attacking Midfield
2015/16,Everton,Leandro Rodríguez,Centre-Forward
2015/16,Everton,Leighton Baines,Left-Back
2015/16,Everton,Leon Osman,Central Midfield
2015/16,Everton,Luke Garbutt,Left-Back
2015/16,Everton,Mason Holgate,Centre-Back
2015/16,Everton,Matthew Pennington,Centre-Back
2015/16,Everton,Muhamed Besic,Defensive Midfield
2015/16,Everton,Oumar Niasse,Centre-Forward
2015/16,Everton,Phil Jagielka,Centre-Back
2015/16,Everton,Ramiro Funes Mori,Centre-Back
2015/16,Everton,Romelu Lukaku,Centre-Forward
2015/16,Everton,Ross Barkley,Central Midfield
2015/16,Everton,Steven Naismith,Second Striker
2015/16,Everton,Steven Pienaar,Left Midfield
2015/16,Everton,Séamus Coleman,Right-Back
2015/16,Everton,Tim Howard,Goalkeeper
2015/16,Everton,Tom Cleverley,Central Midfield
2015/16,Everton,Tom Davies,Central Midfield
2015/16,Everton,Tony Hibbert,Right-Back
2015/16,Everton,Tyias Browning,Centre-Back
2015/16,Leicester,Andrej Kramaric,Second Striker
2015/16,Leicester,André Olukanmi,Left Winger
2015/16,Leicester,Andy King,Central Midfield
2015/16,Leicester,Ben Chilwell,Left-Back
2015/16,Leicester,Ben Hamer,Goalkeeper
2015/16,Leicester,Christian Fuchs,Left-Back
2015/16,Leicester,Daniel Amartey,Centre-Back
2015/16,Leicester,Danny Drinkwater,Central Midfield
2015/16,Leicester,Danny Simpson,Right-Back
2015/16,Leicester,Dean Hammond,Central Midfield
2015/16,Leicester,Demarai Gray,Left Winger
2015/16,Leicester,Gökhan Inler,Defensive Midfield
2015/16,Leicester,Harry Panayiotou,Second Striker
2015/16,Leicester,Jacob Blyth,Centre-Forward
2015/16,Leicester,Jamie Vardy,Centre-Forward
2015/16,Leicester,Jeffrey Schlupp,Left Midfield
2015/16,Leicester,Jonny Maddison,Goalkeeper
2015/16,Leicester,Joseph Dodoo,Left Winger
2015/16,Leicester,Kasper Schmeichel,Goalkeeper
2015/16,Leicester,Leonardo Ulloa,Centre-Forward
2015/16,Leicester,Liam Moore,Centre-Back
2015/16,Leicester,Marc Albrighton,Right Midfield
2015/16,Leicester,Marcin Wasilewski,Centre-Back
2015/16,Leicester,Mark Schwarzer,Goalkeeper
2015/16,Leicester,Matty James,Central Midfield
2015/16,Leicester,N'Golo Kanté,Defensive Midfield
2015/16,Leicester,Nathan Dyer,Right Winger
2015/16,Leicester,Paul Konchesky,Left-Back
2015/16,Leicester,Ritchie De Laet,Right-Back
2015/16,Leicester,Riyad Mahrez,Right Winger
2015/16,Leicester,Robert Huth,Centre-Back
2015/16,Leicester,Shinji Okazaki,Centre-Forward
2015/16,Leicester,Tom Lawrence,Attacking Midfield
2015/16,Leicester,Wes Morgan,Centre-Back
2015/16,Leicester,Yohan Benalouane,Centre-Back
2015/16,Liverpool,Adam Lallana,Attacking Midfield
2015/16,Liverpool,Alberto Moreno,Left-Back
2015/16,Liverpool,Andre Wisdom,Right-Back
2015/16,Liverpool,Brad Smith,Left-Back
2015/16,Liverpool,Cameron Brannagan,Central Midfield
2015/16,Liverpool,Christian Benteke,Centre-Forward
2015/16,Liverpool,Connor Randall,Right-Back
2015/16,Liverpool,Conor Masterson,Centre-Back
2015/16,Liverpool,Dan Cleary,Centre-Back
2015/16,Liverpool,Daniel Sturridge,Centre-Forward
2015/16,Liverpool,Danny Ings,Centre-Forward
2015/16,Liverpool,Danny Ward,Goalkeeper
2015/16,Liverpool,Dejan Lovren,Centre-Back
2015/16,Liverpool,Divock Origi,Centre-Forward
2015/16,Liverpool,Emre Can,Centre-Back
2015/16,Liverpool,James Milner,Central Midfield
2015/16,Liverpool,Jerome Sinclair,Centre-Forward
2015/16,Liverpool,Joe Allen,Central Midfield
2015/16,Liverpool,Joe Gomez,Centre-Back
2015/16,Liverpool,Joe Maguire,Left-Back
2015/16,Liverpool,Jon Flanagan,Right-Back
2015/16,Liverpool,Jordan Henderson,Defensive Midfield
2015/16,Liverpool,Jordan Rossiter,Defensive Midfield
2015/16,Liverpool,Jordon Ibe,Right Winger
2015/16,Liverpool,José Enrique,Left-Back
2015/16,Liverpool,João Carlos Teixeira,Attacking Midfield
2015/16,Liverpool,Kevin Stewart,Defensive Midfield
2015/16,Liverpool,Kolo Touré,Centre-Back
2015/16,Liverpool,Lawrence Vigouroux,Goalkeeper
2015/16,Liverpool,Lucas Leiva,Defensive Midfield
2015/16,Liverpool,Mamadou Sakho,Centre-Back
2015/16,Liverpool,Martin Skrtel,Centre-Back
2015/16,Liverpool,Nathaniel Clyne,Right-Back
2015/16,Liverpool,Pedro Chirivella,Defensive Midfield
2015/16,Liverpool,Philippe Coutinho,Attacking Midfield
2015/16,Liverpool,Roberto Firmino,Centre-Forward
2015/16,Liverpool,Ryan Fulton,Goalkeeper
2015/16,Liverpool,Ryan Kent,Left Winger
2015/16,Liverpool,Sergi Canós,Left Winger
2015/16,Liverpool,Sheyi Ojo,Right Winger
2015/16,Liverpool,Simon Mignolet,Goalkeeper
2015/16,Liverpool,Steven Caulker,Centre-Back
2015/16,Liverpool,Tiago Ilori,Centre-Back
2015/16,Liverpool,Ádám Bogdán,Goalkeeper
2015/16,Man City,Aleix García,Central Midfield
2015/16,Man City,Aleksandar Kolarov,Left-Back
2015/16,Man City,Angeliño,Left-Back
2015/16,Man City,Bacary Sagna,Right-Back
2015/16,Man City,Bersant Celina,Attacking Midfield
2015/16,Man City,Brandon Barker,Left Winger
2015/16,Man City,Cameron Humphreys,Centre-Back
2015/16,Man City,David Faupala,Centre-Forward
2015/16,Man City,David Silva,Attacking Midfield
2015/16,Man City,Eliaquim Mangala,Centre-Back
2015/16,Man City,Fabian Delph,Central Midfield
2015/16,Man City,Fernandinho,Defensive Midfield
2015/16,Man City,Fernando,Defensive Midfield
2015/16,Man City,Gaël Clichy,Left-Back
2015/16,Man City,George Evans,Defensive Midfield
2015/16,Man City,George Glendon,Central Midfield
2015/16,Man City,James Horsfield,Right-Back
2015/16,Man City,Jason Denayer,Centre-Back
2015/16,Man City,Jesús Navas,Right Midfield
2015/16,Man City,Joe Hart,Goalkeeper
2015/16,Man City,Kelechi Iheanacho,Centre-Forward
2015/16,Man City,Kevin De Bruyne,Attacking Midfield
2015/16,Man City,Luke Brattan,Defensive Midfield
2015/16,Man City,Manu García,Attacking Midfield
2015/16,Man City,Martín Demichelis,Centre-Back
2015/16,Man City,Nicolás Otamendi,Centre-Back
2015/16,Man City,Pablo Maffeo,Right-Back
2015/16,Man City,Pablo Zabaleta,Right-Back
2015/16,Man City,Patrick Roberts,Right Winger
2015/16,Man City,Raheem Sterling,Right Winger
2015/16,Man City,Richard Wright,Goalkeeper
2015/16,Man City,Samir Nasri,Attacking Midfield
2015/16,Man City,Sergio Agüero,Centre-Forward
2015/16,Man City,Tosin Adarabioyo,Centre-Back
2015/16,Man City,Vincent Kompany,Centre-Back
2015/16,Man City,Wilfried Bony,Centre-Forward
2015/16,Man City,Willy Caballero,Goalkeeper
2015/16,Man City,Yaya Touré,Central Midfield
2015/16,Man United,Adnan Januzaj,Right Winger
2015/16,Man United,Ander Herrera,Central Midfield
2015/16,Man United,Andreas Pereira,Central Midfield
2015/16,Man United,Anthony Martial,Centre-Forward
2015/16,Man United,Antonio Valencia,Right-Back
2015/16,Man United,Ashley Young,Right-Back
2015/16,Man United,Axel Tuanzebe,Centre-Back
2015/16,Man United,Bastian Schweinsteiger,Central Midfield
2015/16,Man United,Cameron Borthwick-Jackson,Left-Back
2015/16,Man United,Chicharito,Centre-Forward
2015/16,Man United,Chris Smalling,Centre-Back
2015/16,Man United,Daley Blind,Centre-Back
2015/16,Man United,David de Gea,Goalkeeper
2015/16,Man United,Dean Henderson,Goalkeeper
2015/16,Man United,Donald Love,Right-Back
2015/16,Man United,Guillermo Varela,Right-Back
2015/16,Man United,James Weir,Central Midfield
2015/16,Man United,James Wilson,Centre-Forward
2015/16,Man United,Jesse Lingard,Attacking Midfield
2015/16,Man United,Joe Riley,Central Midfield
2015/16,Man United,Joe Rothwell,Central Midfield
2015/16,Man United,Joel Pereira,Goalkeeper
2015/16,Man United,Juan Mata,Attacking Midfield
2015/16,Man United,Luke Shaw,Left-Back
2015/16,Man United,Marcos Rojo,Centre-Back
2015/16,Man United,Marcus Rashford,Left Winger
2015/16,Man United,Marouane Fellaini,Central Midfield
2015/16,Man United,Matteo Darmian,Right-Back
2015/16,Man United,Memphis Depay,Centre-Forward
2015/16,Man United,Michael Carrick,Defensive Midfield
2015/16,Man United,Morgan Schneiderlin,Defensive Midfield
2015/16,Man United,Nick Powell,Attacking Midfield
2015/16,Man United,Paddy McNair,Centre-Back
2015/16,Man United,Phil Jones,Centre-Back
2015/16,Man United,Regan Poole,Centre-Back
2015/16,Man United,Ro-Shaun Williams,Centre-Back
2015/16,Man United,Sam Johnstone,Goalkeeper
2015/16,Man United,Sean Goss,Defensive Midfield
2015/16,Man United,Sergio Romero,Goalkeeper
2015/16,Man United,Timothy Fosu-Mensah,Right-Back
2015/16,Man United,Tyler Blackett,Centre-Back
2015/16,Man United,Víctor Valdés,Goalkeeper
2015/16,Man United,Wayne Rooney,Centre-Forward
2015/16,Man United,Will Keane,Centre-Forward
2015/16,Newcastle,Adam Armstrong,Centre-Forward
2015/16,Newcastle,Aleksandar Mitrović,Centre-Forward
2015/16,Newcastle,Andros Townsend,Right Winger
2015/16,Newcastle,Ayoze Pérez,Centre-Forward
2015/16,Newcastle,Callum Williams,Right-Back
2015/16,Newcastle,Chancel Mbemba,Centre-Back
2015/16,Newcastle,Cheik Tioté,Defensive Midfield
2015/16,Newcastle,Curtis Good,Centre-Back
2015/16,Newcastle,Dan Barlaser,Defensive Midfield
2015/16,Newcastle,Daryl Janmaat,Right-Back
2015/16,Newcastle,Emmanuel Rivière,Centre-Forward
2015/16,Newcastle,Fabricio Coloccini,Centre-Back
2015/16,Newcastle,Florian Thauvin,Right Winger
2015/16,Newcastle,Freddie Woodman,Goalkeeper
2015/16,Newcastle,Gabriel Obertan,Right Winger
2015/16,Newcastle,Gaël Bigirimana,Defensive Midfield
2015/16,Newcastle,Georginio Wijnaldum,Central Midfield
2015/16,Newcastle,Haris Vuckic,Second Striker
2015/16,Newcastle,Henri Saivet,Central Midfield
2015/16,Newcastle,Ivan Toney,Centre-Forward
2015/16,Newcastle,Jack Colback,Defensive Midfield
2015/16,Newcastle,Jamaal Lascelles,Centre-Back
2015/16,Newcastle,Jamie Sterry,Right-Back
2015/16,Newcastle,Jonjo Shelvey,Central Midfield
2015/16,Newcastle,Karl Darlow,Goalkeeper
2015/16,Newcastle,Kevin Mbabu,Right-Back
2015/16,Newcastle,Liam Gibson,Left-Back
2015/16,Newcastle,Massadio Haïdara,Left-Back
2015/16,Newcastle,Mike Williamson,Centre-Back
2015/16,Newcastle,Moussa Sissoko,Central Midfield
2015/16,Newcastle,Papiss Demba Cissé,Centre-Forward
2015/16,Newcastle,Paul Dummett,Left-Back
2015/16,Newcastle,Rob Elliot,Goalkeeper
2015/16,Newcastle,Rolando Aarons,Left Winger
2015/16,Newcastle,Sammy Ameobi,Left Winger
2015/16,Newcastle,Seydou Doumbia,Centre-Forward
2015/16,Newcastle,Siem de Jong,Attacking Midfield
2015/16,Newcastle,Steven Taylor,Centre-Back
2015/16,Newcastle,Sylvain Marveaux,Attacking Midfield
2015/16,Newcastle,Tim Krul,Goalkeeper
2015/16,Newcastle,Vurnon Anita,Defensive Midfield
2015/16,Newcastle,Yoan Gouffran,Left Winger
2015/16,Norwich,Alexander Tettey,Defensive Midfield
2015/16,Norwich,Andre Wisdom,Right-Back
2015/16,Norwich,Bradley Johnson,Central Midfield
2015/16,Norwich,Cameron Jerome,Centre-Forward
2015/16,Norwich,Conor McGrandles,Central Midfield
2015/16,Norwich,Declan Rudd,Goalkeeper
2015/16,Norwich,Dieumerci Mbokani,Centre-Forward
2015/16,Norwich,Elliott Bennett,Right Midfield
2015/16,Norwich,Gary Hooper,Centre-Forward
2015/16,Norwich,Gary O'Neil,Central Midfield
2015/16,Norwich,Graham Dorrans,Central Midfield
2015/16,Norwich,Harry Toffolo,Left-Back
2015/16,Norwich,Ivo Pinto,Right-Back
2015/16,Norwich,Jacob Murphy,Right Winger
2015/16,Norwich,Jake Kean,Goalkeeper
2015/16,Norwich,Jamar Loza,Centre-Forward
2015/16,Norwich,James Maddison,Attacking Midfield
2015/16,Norwich,John Ruddy,Goalkeeper
2015/16,Norwich,Jonathan Howson,Central Midfield
2015/16,Norwich,Josh Murphy,Left Winger
2015/16,Norwich,Kyle Lafferty,Centre-Forward
2015/16,Norwich,Lewis Grabban,Centre-Forward
2015/16,Norwich,Louis Thompson,Central Midfield
2015/16,Norwich,Martin Olsson,Left-Back
2015/16,Norwich,Matt Jarvis,Left Winger
2015/16,Norwich,Michael Turner,Centre-Back
2015/16,Norwich,Nathan Redmond,Right Winger
2015/16,Norwich,Patrick Bamford,Centre-Forward
2015/16,Norwich,Remi Matthews,Goalkeeper
2015/16,Norwich,Ricky van Wolfswinkel,Centre-Forward
2015/16,Norwich,Robbie Brady,Left Midfield
2015/16,Norwich,Russell Martin,Centre-Back
2015/16,Norwich,Ryan Bennett,Centre-Back
2015/16,Norwich,Steven Naismith,Second Striker
2015/16,Norwich,Steven Whittaker,Right-Back
2015/16,Norwich,Sébastien Bassong,Centre-Back
2015/16,Norwich,Timm Klose,Centre-Back
2015/16,Norwich,Tony Andreu,Central Midfield
2015/16,Norwich,Vadis Odjidja-Ofoe,Central Midfield
2015/16,Norwich,Wes Hoolahan,Attacking Midfield
2015/16,Norwich,Youssouf Mulumbu,Defensive Midfield
2015/16,Southampton,Charlie Austin,Centre-Forward
2015/16,Southampton,Cuco Martina,Centre-Back
2015/16,Southampton,Cédric Soares,Right-Back
2015/16,Southampton,Dušan Tadić,Right Winger
2015/16,Southampton,Florin Gardoș,Centre-Back
2015/16,Southampton,Fraser Forster,Goalkeeper
2015/16,Southampton,Gastón Ramírez,Central Midfield
2015/16,Southampton,Graziano Pellè,Centre-Forward
2015/16,Southampton,Harrison Reed,Central Midfield
2015/16,Southampton,Jack Stephens,Centre-Back
2015/16,Southampton,James Ward-Prowse,Central Midfield
2015/16,Southampton,Jason McCarthy,Right-Back
2015/16,Southampton,Jay Rodríguez,Centre-Forward
2015/16,Southampton,Jordan Turnbull,Centre-Back
2015/16,Southampton,Jordy Clasie,Defensive Midfield
2015/16,Southampton,José Fonte,Centre-Back
2015/16,Southampton,Juanmi,Left Winger
2015/16,Southampton,Kelvin Davis,Goalkeeper
2015/16,Southampton,Lloyd Isgrove,Right Winger
2015/16,Southampton,Maarten Stekelenburg,Goalkeeper
2015/16,Southampton,Matt Targett,Left-Back
2015/16,Southampton,Maya Yoshida,Centre-Back
2015/16,Southampton,Olufela Olomola,Right Winger
2015/16,Southampton,Oriol Romeu,Defensive Midfield
2015/16,Southampton,Paulo Gazzaniga,Goalkeeper
2015/16,Southampton,Ryan Bertrand,Left-Back
2015/16,Southampton,Ryan Seager,Centre-Forward
2015/16,Southampton,Sadio Mané,Left Winger
2015/16,Southampton,Sam Gallagher,Centre-Forward
2015/16,Southampton,Sam McQueen,Left-Back
2015/16,Southampton,Shane Long,Centre-Forward
2015/16,Southampton,Steven Caulker,Centre-Back
2015/16,Southampton,Steven Davis,Central Midfield
2015/16,Southampton,Victor Wanyama,Defensive Midfield
2015/16,Southampton,Virgil van Dijk,Centre-Back
2015/16,Stoke,Bojan Krkic,Second Striker
2015/16,Stoke,Charlie Adam,Central Midfield
2015/16,Stoke,Daniel Bachmann,Goalkeeper
2015/16,Stoke,Dionatan Teixeira,Centre-Back
2015/16,Stoke,Erik Pieters,Left-Back
2015/16,Stoke,Geoff Cameron,Centre-Back
2015/16,Stoke,George Waring,Centre-Forward
2015/16,Stoke,Giannelli Imbula,Defensive Midfield
2015/16,Stoke,Glen Johnson,Right-Back
2015/16,Stoke,Glenn Whelan,Defensive Midfield
2015/16,Stoke,Ibrahim Afellay,Attacking Midfield
2015/16,Stoke,Jack Butland,Goalkeeper
2015/16,Stoke,Jakob Haugaard,Goalkeeper
2015/16,Stoke,Jonathan Walters,Right Winger
2015/16,Stoke,Joselu,Centre-Forward
2015/16,Stoke,Mame Diouf,Centre-Forward
2015/16,Stoke,Marc Muniesa,Centre-Back
2015/16,Stoke,Marc Wilson,Centre-Back
2015/16,Stoke,Marco van Ginkel,Central Midfield
2015/16,Stoke,Marko Arnautovic,Centre-Forward
2015/16,Stoke,Mohamed El Ouriachi,Left Winger
2015/16,Stoke,Oliver Shenton,Central Midfield
2015/16,Stoke,Peter Crouch,Centre-Forward
2015/16,Stoke,Peter Odemwingie,Centre-Forward
2015/16,Stoke,Phil Bardsley,Right-Back
2015/16,Stoke,Philipp Wollscheid,Centre-Back
2015/16,Stoke,Ryan Shawcross,Centre-Back
2015/16,Stoke,Shay Given,Goalkeeper
2015/16,Stoke,Stephen Ireland,Attacking Midfield
2015/16,Stoke,Steve Sidwell,Central Midfield
2015/16,Stoke,Xherdan Shaqiri,Attacking Midfield
2015/16,Sunderland,Adam Johnson,Right Winger
2015/16,Sunderland,Adam Matthews,Right-Back
2015/16,Sunderland,Billy Jones,Right-Back
2015/16,Sunderland,Charalampos Mavrias,Right-Back
2015/16,Sunderland,Costel Pantilimon,Goalkeeper
2015/16,Sunderland,Dame N'Doye,Centre-Forward
2015/16,Sunderland,Danny Graham,Centre-Forward
2015/16,Sunderland,DeAndre Yedlin,Right-Back
2015/16,Sunderland,Duncan Watmore,Right Winger
2015/16,Sunderland,Emanuele Giaccherini,Left Midfield
2015/16,Sunderland,Fabio Borini,Centre-Forward
2015/16,Sunderland,George Honeyman,Attacking Midfield
2015/16,Sunderland,Jack Rodwell,Centre-Back
2015/16,Sunderland,Jan Kirchhoff,Defensive Midfield
2015/16,Sunderland,Jeremain Lens,Right Winger
2015/16,Sunderland,Jermain Defoe,Centre-Forward
2015/16,Sunderland,John O'Shea,Centre-Back
2015/16,Sunderland,Jordan Pickford,Goalkeeper
2015/16,Sunderland,Jordi Gómez,Central Midfield
2015/16,Sunderland,Josh Robson,Right-Back
2015/16,Sunderland,Lamine Koné,Centre-Back
2015/16,Sunderland,Lee Cattermole,Defensive Midfield
2015/16,Sunderland,Liam Bridcutt,Defensive Midfield
2015/16,Sunderland,Lynden Gooch,Right-Back
2015/16,Sunderland,Maksymilian Stryjek,Goalkeeper
2015/16,Sunderland,Mikael Mandron,Centre-Forward
2015/16,Sunderland,Ola Toivonen,Centre-Forward
2015/16,Sunderland,Patrick van Aanholt,Left-Back
2015/16,Sunderland,Rees Greenwood,Attacking Midfield
2015/16,Sunderland,Sebastian Larsson,Central Midfield
2015/16,Sunderland,Sebastián Coates,Centre-Back
2015/16,Sunderland,Steve Harper,Goalkeeper
2015/16,Sunderland,Steven Fletcher,Centre-Forward
2015/16,Sunderland,Tom Beadling,Centre-Back
2015/16,Sunderland,Tommy Robson,Left-Back
2015/16,Sunderland,Valentin Roberge,Centre-Back
2015/16,Sunderland,Vito Mannone,Goalkeeper
2015/16,Sunderland,Wahbi Khazri,Left Winger
2015/16,Sunderland,Wes Brown,Centre-Back
2015/16,Sunderland,Will Buckley,Right Winger
2015/16,Sunderland,Yann M'Vila,Defensive Midfield
2015/16,Sunderland,Younès Kaboul,Centre-Back
2015/16,Swansea,Alberto Paloschi,Centre-Forward
2015/16,Swansea,André Ayew,Centre-Forward
2015/16,Swansea,Ashley Williams,Centre-Back
2015/16,Swansea,Bafétimbi Gomis,Centre-Forward
2015/16,Swansea,Connor Roberts,Right-Back
2015/16,Swansea,Daniel Alfei,Right-Back
2015/16,Swansea,Daniel James,Right Winger
2015/16,Swansea,Federico Fernández,Centre-Back
2015/16,Swansea,Franck Tabanou,Left-Back
2015/16,Swansea,Gerhard Tremmel,Goalkeeper
2015/16,Swansea,Gylfi Sigurdsson,Attacking Midfield
2015/16,Swansea,Jack Cork,Defensive Midfield
2015/16,Swansea,Jay Fulton,Central Midfield
2015/16,Swansea,Jefferson Montero,Left Winger
2015/16,Swansea,Joe Rodon,Centre-Back
2015/16,Swansea,Jonjo Shelvey,Central Midfield
2015/16,Swansea,Jordi Amat,Centre-Back
2015/16,Swansea,Josh Vickers,Goalkeeper
2015/16,Swansea,Kenji Gorré,Left Winger
2015/16,Swansea,Kristoffer Nordfeldt,Goalkeeper
2015/16,Swansea,Kyle Bartley,Centre-Back
2015/16,Swansea,Kyle Naughton,Right-Back
2015/16,Swansea,Leon Britton,Central Midfield
2015/16,Swansea,Leroy Fer,Defensive Midfield
2015/16,Swansea,Liam Shephard,Right-Back
2015/16,Swansea,Lukasz Fabianski,Goalkeeper
2015/16,Swansea,Marvin Emnes,Centre-Forward
2015/16,Swansea,Matt Grimes,Defensive Midfield
2015/16,Swansea,Modou Barrow,Left Winger
2015/16,Swansea,Nathan Dyer,Right Winger
2015/16,Swansea,Neil Taylor,Left-Back
2015/16,Swansea,Stephen Kingsley,Left-Back
2015/16,Swansea,Sung-yueng Ki,Defensive Midfield
2015/16,Swansea,Wayne Routledge,Left Winger
2015/16,Swansea,Ángel Rangel,Right-Back
2015/16,Swansea,Éder,Centre-Forward
2015/16,Tottenham,Alex Pritchard,Attacking Midfield
2015/16,Tottenham,Andros Townsend,Right Winger
2015/16,Tottenham,Ben Davies,Centre-Back
2015/16,Tottenham,Cameron Carter-Vickers,Centre-Back
2015/16,Tottenham,Christian Eriksen,Attacking Midfield
2015/16,Tottenham,Clinton N'Jie,Right Winger
2015/16,Tottenham,Danny Rose,Left-Back
2015/16,Tottenham,DeAndre Yedlin,Right-Back
2015/16,Tottenham,Dele Alli,Attacking Midfield
2015/16,Tottenham,Eric Dier,Centre-Back
2015/16,Tottenham,Erik Lamela,Right Winger
2015/16,Tottenham,Federico Fazio,Centre-Back
2015/16,Tottenham,Grant Ward,Central Midfield
2015/16,Tottenham,Harry Kane,Centre-Forward
2015/16,Tottenham,Harry Winks,Defensive Midfield
2015/16,Tottenham,Heung-min Son,Left Winger
2015/16,Tottenham,Hugo Lloris,Goalkeeper
2015/16,Tottenham,Jan Vertonghen,Centre-Back
2015/16,Tottenham,Josh Onomah,Central Midfield
2015/16,Tottenham,Kevin Wimmer,Centre-Back
2015/16,Tottenham,Kieran Trippier,Right-Back
2015/16,Tottenham,Kyle Walker,Right-Back
2015/16,Tottenham,Kyle Walker-Peters,Right-Back
2015/16,Tottenham,Luke McGee,Goalkeeper
2015/16,Tottenham,Michel Vorm,Goalkeeper
2015/16,Tottenham,Mousa Dembélé,Central Midfield
2015/16,Tottenham,Nabil Bentaleb,Defensive Midfield
2015/16,Tottenham,Nacer Chadli,Left Winger
2015/16,Tottenham,Ryan Mason,Central Midfield
2015/16,Tottenham,Toby Alderweireld,Centre-Back
2015/16,Tottenham,Tom Carroll,Central Midfield
2015/16,Watford,Adlène Guédioura,Defensive Midfield
2015/16,Watford,Alessandro Diamanti,Attacking Midfield
2015/16,Watford,Allan Nyom,Right-Back
2015/16,Watford,Almen Abdi,Central Midfield
2015/16,Watford,Ben Watson,Central Midfield
2015/16,Watford,Connor Smith,Central Midfield
2015/16,Watford,Costel Pantilimon,Goalkeeper
2015/16,Watford,Craig Cathcart,Centre-Back
2015/16,Watford,Daniel Pudil,Left-Back
2015/16,Watford,Essaïd Belkalem,Centre-Back
2015/16,Watford,Fernando Forestieri,Second Striker
2015/16,Watford,Gabriele Angella,Centre-Back
2015/16,Watford,Giedrius Arlauskis,Goalkeeper
2015/16,Watford,Heurelho Gomes,Goalkeeper
2015/16,Watford,Ikechi Anya,Left Midfield
2015/16,Watford,Joel Ekstrand,Centre-Back
2015/16,Watford,Jose Cholevas,Left-Back
2015/16,Watford,José Manuel Jurado,Attacking Midfield
2015/16,Watford,Juan Carlos Paredes,Defensive Midfield
2015/16,Watford,Lloyd Dyer,Left Midfield
2015/16,Watford,Luke Simpson,Goalkeeper
2015/16,Watford,Mario Suárez,Defensive Midfield
2015/16,Watford,Matej Vydra,Centre-Forward
2015/16,Watford,Miguel Britos,Centre-Back
2015/16,Watford,Miguel Layún,Right-Back
2015/16,Watford,Nathan Aké,Centre-Back
2015/16,Watford,Nordin Amrabat,Right Winger
2015/16,Watford,Obbi Oulare,Centre-Forward
2015/16,Watford,Odion Ighalo,Centre-Forward
2015/16,Watford,Rene Gilmartin,Goalkeeper
2015/16,Watford,Sean Murray,Central Midfield
2015/16,Watford,Sebastian Prödl,Centre-Back
2015/16,Watford,Steven Berghuis,Right Winger
2015/16,Watford,Tommie Hoban,Centre-Back
2015/16,Watford,Troy Deeney,Centre-Forward
2015/16,Watford,Uche Ikpeazu,Centre-Forward
2015/16,Watford,Valon Behrami,Central Midfield
2015/16,Watford,Víctor Ibarbo,Second Striker
2015/16,Watford,Étienne Capoue,Defensive Midfield
2015/16,West Brom,Alex Palmer,Goalkeeper
2015/16,West Brom,Alex Pritchard,Attacking Midfield
2015/16,West Brom,Anders Lindegaard,Goalkeeper
2015/16,West Brom,Ben Foster,Goalkeeper
2015/16,West Brom,Boaz Myhill,Goalkeeper
2015/16,West Brom,Brown Ideye,Centre-Forward
2015/16,West Brom,Callum McManaman,Right Winger
2015/16,West Brom,Chris Brunt,Central Midfield
2015/16,West Brom,Claudio Yacob,Defensive Midfield
2015/16,West Brom,Craig Dawson,Centre-Back
2015/16,West Brom,Craig Gardner,Central Midfield
2015/16,West Brom,Cristian Gamboa,Right-Back
2015/16,West Brom,Darren Fletcher,Central Midfield
2015/16,West Brom,Gareth McAuley,Centre-Back
2015/16,West Brom,Jack Rose,Goalkeeper
2015/16,West Brom,James Chester,Centre-Back
2015/16,West Brom,James McClean,Left Midfield
2015/16,West Brom,James Morrison,Central Midfield
2015/16,West Brom,Joe Ward,Attacking Midfield
2015/16,West Brom,Joleon Lescott,Centre-Back
2015/16,West Brom,Jonas Olsson,Centre-Back
2015/16,West Brom,Jonathan Leko,Right Winger
2015/16,West Brom,Jonny Evans,Centre-Back
2015/16,West Brom,Kyle Edwards,Left Winger
2015/16,West Brom,Rickie Lambert,Centre-Forward
2015/16,West Brom,Saido Berahino,Centre-Forward
2015/16,West Brom,Salomón Rondón,Centre-Forward
2015/16,West Brom,Sam Field,Defensive Midfield
2015/16,West Brom,Sandro,Central Midfield
2015/16,West Brom,Serge Gnabry,Second Striker
2015/16,West Brom,Shaun Donnellan,Centre-Back
2015/16,West Brom,Stéphane Sessègnon,Attacking Midfield
2015/16,West Brom,Sébastien Pocognoli,Left-Back
2015/16,West Brom,Tyler Roberts,Second Striker
2015/16,West Brom,Victor Anichebe,Centre-Forward
2015/16,West Ham,Aaron Cresswell,Left-Back
2015/16,West Ham,Adrián San Miguel,Goalkeeper
2015/16,West Ham,Alex Pike,Right-Back
2015/16,West Ham,Alex Song,Defensive Midfield
2015/16,West Ham,Amos Nasha,Defensive Midfield
2015/16,West Ham,Andy Carroll,Centre-Forward
2015/16,West Ham,Angelo Ogbonna,Centre-Back
2015/16,West Ham,Carl Jenkinson,Right-Back
2015/16,West Ham,Cheikhou Kouyaté,Defensive Midfield
2015/16,West Ham,Darren Randolph,Goalkeeper
2015/16,West Ham,Diafra Sakho,Centre-Forward
2015/16,West Ham,Diego Poyet,Central Midfield
2015/16,West Ham,Dimitri Payet,Attacking Midfield
2015/16,West Ham,Djair Parfitt,Left Winger
2015/16,West Ham,Doneil Henry,Centre-Back
2015/16,West Ham,Elliot Lee,Attacking Midfield
2015/16,West Ham,Emmanuel Emenike,Centre-Forward
2015/16,West Ham,Enner Valencia,Centre-Forward
2015/16,West Ham,George Dobson,Defensive Midfield
2015/16,West Ham,James Collins,Centre-Back
2015/16,West Ham,James Tomkins,Centre-Back
2015/16,West Ham,Joey O'Brien,Right-Back
2015/16,West Ham,Jordan Brown,Centre-Forward
2015/16,West Ham,Josh Cullen,Central Midfield
2015/16,West Ham,Josh Pask,Centre-Back
2015/16,West Ham,Kevin Nolan,Attacking Midfield
2015/16,West Ham,Kyle Knoyle,Right-Back
2015/16,West Ham,Leo Chambers,Centre-Back
2015/16,West Ham,Lewis Page,Left-Back
2015/16,West Ham,Manuel Lanzini,Attacking Midfield
2015/16,West Ham,Marcus Browne,Left Winger
2015/16,West Ham,Mark Noble,Central Midfield
2015/16,West Ham,Martin Samuelsen,Left Winger
2015/16,West Ham,Matt Jarvis,Left Winger
2015/16,West Ham,Mauro Zárate,Centre-Forward
2015/16,West Ham,Michail Antonio,Centre-Forward
2015/16,West Ham,Modibo Maïga,Centre-Forward
2015/16,West Ham,Morgan Amalfitano,Right Midfield
2015/16,West Ham,Nathan Mavila,Left-Back
2015/16,West Ham,Nikica Jelavic,Centre-Forward
2015/16,West Ham,Pedro Obiang,Central Midfield
2015/16,West Ham,Raphael Spiegel,Goalkeeper
2015/16,West Ham,Reece Burke,Centre-Back
2015/16,West Ham,Reece Oxford,Centre-Back
2015/16,West Ham,Sam Byram,Left-Back
2015/16,West Ham,Sam Howes,Goalkeeper
2015/16,West Ham,Sam Westley,Right-Back
2015/16,West Ham,Stephen Hendrie,Left-Back
2015/16,West Ham,Victor Moses,Right Winger
2015/16,West Ham,Winston Reid,Centre-Back
2016/17,AFC Bournemouth,Aaron Ramsdale,Goalkeeper
2016/17,AFC Bournemouth,Adam Federici,Goalkeeper
2016/17,AFC Bournemouth,Adam Smith,Right-Back
2016/17,AFC Bournemouth,Andrew Surman,Central Midfield
2016/17,AFC Bournemouth,Artur Boruc,Goalkeeper
2016/17,AFC Bournemouth,Baily Cargill,Centre-Back
2016/17,AFC Bournemouth,Benik Afobe,Centre-Forward
2016/17,AFC Bournemouth,Brad Smith,Left-Back
2016/17,AFC Bournemouth,Callum Buckley,Left-Back
2016/17,AFC Bournemouth,Callum Wilson,Centre-Forward
2016/17,AFC Bournemouth,Charlie Daniels,Left-Back
2016/17,AFC Bournemouth,Corey Jordan,Centre-Back
2016/17,AFC Bournemouth,Dan Gosling,Central Midfield
2016/17,AFC Bournemouth,Emerson Hyndman,Central Midfield
2016/17,AFC Bournemouth,Eunan O'Kane,Central Midfield
2016/17,AFC Bournemouth,Harry Arter,Central Midfield
2016/17,AFC Bournemouth,Harry Cornick,Centre-Forward
2016/17,AFC Bournemouth,Jack Simpson,Centre-Back
2016/17,AFC Bournemouth,Jack Wilshere,Central Midfield
2016/17,AFC Bournemouth,Jordan Holmes,Goalkeeper
2016/17,AFC Bournemouth,Jordan Lee,Right-Back
2016/17,AFC Bournemouth,Jordon Ibe,Right Winger
2016/17,AFC Bournemouth,Joshua King,Centre-Forward
2016/17,AFC Bournemouth,Junior Stanislas,Left Winger
2016/17,AFC Bournemouth,Keelan O'Connell,Right Midfield
2016/17,AFC Bournemouth,Lewis Cook,Central Midfield
2016/17,AFC Bournemouth,Lewis Grabban,Centre-Forward
2016/17,AFC Bournemouth,Lys Mousset,Centre-Forward
2016/17,AFC Bournemouth,Marc Pugh,Left Winger
2016/17,AFC Bournemouth,Marc Wilson,Centre-Back
2016/17,AFC Bournemouth,Matt Worthington,Central Midfield
2016/17,AFC Bournemouth,Max Gradel,Left Winger
2016/17,AFC Bournemouth,Nathan Aké,Centre-Back
2016/17,AFC Bournemouth,Ollie Harfield,Left-Back
2016/17,AFC Bournemouth,Rhoys Wiggins,Left-Back
2016/17,AFC Bournemouth,Ryan Allsop,Goalkeeper
2016/17,AFC Bournemouth,Ryan Fraser,Left Winger
2016/17,AFC Bournemouth,Sam Surridge,Centre-Forward
2016/17,AFC Bournemouth,Simon Francis,Right-Back
2016/17,AFC Bournemouth,Steve Cook,Centre-Back
2016/17,AFC Bournemouth,Tyrone Mings,Centre-Back
2016/17,Arsenal,Aaron Ramsey,Central Midfield
2016/17,Arsenal,Ainsley Maitland-Niles,Right-Back
2016/17,Arsenal,Alex Iwobi,Left Winger
2016/17,Arsenal,Alex Oxlade-Chamberlain,Central Midfield
2016/17,Arsenal,Alexis Sánchez,Second Striker
2016/17,Arsenal,Ben Sheaf,Defensive Midfield
2016/17,Arsenal,Calum Chambers,Centre-Back
2016/17,Arsenal,Carl Jenkinson,Right-Back
2016/17,Arsenal,Chris Willock,Left Winger
2016/17,Arsenal,Chuba Akpom,Centre-Forward
2016/17,Arsenal,Danny Welbeck,Centre-Forward
2016/17,Arsenal,David Ospina,Goalkeeper
2016/17,Arsenal,Emiliano Martínez,Goalkeeper
2016/17,Arsenal,Francis Coquelin,Defensive Midfield
2016/17,Arsenal,Gabriel Paulista,Centre-Back
2016/17,Arsenal,Gedion Zelalem,Defensive Midfield
2016/17,Arsenal,Granit Xhaka,Defensive Midfield
2016/17,Arsenal,Héctor Bellerín,Right-Back
2016/17,Arsenal,Jack Wilshere,Central Midfield
2016/17,Arsenal,Jeff Reine-Adélaïde,Attacking Midfield
2016/17,Arsenal,Joel Campbell,Second Striker
2016/17,Arsenal,Josh Dasilva,Central Midfield
2016/17,Arsenal,Kieran Gibbs,Left-Back
2016/17,Arsenal,Krystian Bielik,Centre-Back
2016/17,Arsenal,Laurent Koscielny,Centre-Back
2016/17,Arsenal,Lucas Pérez,Centre-Forward
2016/17,Arsenal,Marc Bola,Left-Back
2016/17,Arsenal,Mathieu Debuchy,Right-Back
2016/17,Arsenal,Matt Macey,Goalkeeper
2016/17,Arsenal,Mesut Özil,Attacking Midfield
2016/17,Arsenal,Mohamed Elneny,Defensive Midfield
2016/17,Arsenal,Nacho Monreal,Left-Back
2016/17,Arsenal,Olivier Giroud,Centre-Forward
2016/17,Arsenal,Per Mertesacker,Centre-Back
2016/17,Arsenal,Petr Cech,Goalkeeper
2016/17,Arsenal,Rob Holding,Centre-Back
2016/17,Arsenal,Santi Cazorla,Central Midfield
2016/17,Arsenal,Shkodran Mustafi,Centre-Back
2016/17,Arsenal,Stephy Mavididi,Left Winger
2016/17,Arsenal,Theo Walcott,Right Winger
2016/17,Arsenal,Wojciech Szczesny,Goalkeeper
2016/17,Arsenal,Yaya Sanogo,Centre-Forward
2016/17,Burnley FC,Aiden O'Neill,Defensive Midfield
2016/17,Burnley FC,Andre Gray,Centre-Forward
2016/17,Burnley FC,Ashley Barnes,Centre-Forward
2016/17,Burnley FC,Ashley Westwood,Defensive Midfield
2016/17,Burnley FC,Ben Mee,Centre-Back
2016/17,Burnley FC,Brad Jackson,Right-Back
2016/17,Burnley FC,Chris Long,Centre-Forward
2016/17,Burnley FC,Dan Agyei,Right Winger
2016/17,Burnley FC,Danny Lafferty,Left-Back
2016/17,Burnley FC,David Jones,Central Midfield
2016/17,Burnley FC,Dean Marney,Central Midfield
2016/17,Burnley FC,Fredrik Ulvestad,Defensive Midfield
2016/17,Burnley FC,George Boyd,Left Winger
2016/17,Burnley FC,James Tarkowski,Centre-Back
2016/17,Burnley FC,Jeff Hendrick,Central Midfield
2016/17,Burnley FC,Joey Barton,Central Midfield
2016/17,Burnley FC,Jon Flanagan,Right-Back
2016/17,Burnley FC,Jóhann Berg Gudmundsson,Right Winger
2016/17,Burnley FC,Kevin Long,Centre-Back
2016/17,Burnley FC,Lukas Jutkiewicz,Centre-Forward
2016/17,Burnley FC,Matthew Lowton,Right-Back
2016/17,Burnley FC,Michael Keane,Centre-Back
2016/17,Burnley FC,Michael Kightly,Left Winger
2016/17,Burnley FC,Nick Pope,Goalkeeper
2016/17,Burnley FC,Ntumba Massanka,Centre-Forward
2016/17,Burnley FC,Patrick Bamford,Centre-Forward
2016/17,Burnley FC,Paul Robinson,Goalkeeper
2016/17,Burnley FC,Robbie Brady,Left Midfield
2016/17,Burnley FC,Rouwen Hennings,Centre-Forward
2016/17,Burnley FC,Sam Vokes,Centre-Forward
2016/17,Burnley FC,Scott Arfield,Central Midfield
2016/17,Burnley FC,Stephen Ward,Left-Back
2016/17,Burnley FC,Steven Defour,Defensive Midfield
2016/17,Burnley FC,Tendayi Darikwa,Right-Back
2016/17,Burnley FC,Tom Anderson,Centre-Back
2016/17,Burnley FC,Tom Heaton,Goalkeeper
2016/17,Chelsea,Abdul Rahman Baba,Left-Back
2016/17,Chelsea,Andreas Christensen,Centre-Back
2016/17,Chelsea,Asmir Begovic,Goalkeeper
2016/17,Chelsea,Bertrand Traoré,Right Winger
2016/17,Chelsea,Branislav Ivanovic,Right-Back
2016/17,Chelsea,Cesc Fàbregas,Central Midfield
2016/17,Chelsea,Christian Atsu,Left Winger
2016/17,Chelsea,Cristian Cuevas,Left Winger
2016/17,Chelsea,César Azpilicueta,Centre-Back
2016/17,Chelsea,Danilo Pantic,Attacking Midfield
2016/17,Chelsea,David Luiz,Centre-Back
2016/17,Chelsea,Diego Costa,Centre-Forward
2016/17,Chelsea,Dominic Solanke,Centre-Forward
2016/17,Chelsea,Eden Hazard,Left Winger
2016/17,Chelsea,Eduardo,Goalkeeper
2016/17,Chelsea,Gary Cahill,Centre-Back
2016/17,Chelsea,Jamal Blackman,Goalkeeper
2016/17,Chelsea,John Terry,Centre-Back
2016/17,Chelsea,Juan Cuadrado,Right Midfield
2016/17,Chelsea,Jérémie Boga,Left Winger
2016/17,Chelsea,Kenedy,Left Winger
2016/17,Chelsea,Kenneth Omeruo,Centre-Back
2016/17,Chelsea,Kurt Zouma,Centre-Back
2016/17,Chelsea,Lewis Baker,Central Midfield
2016/17,Chelsea,Loïc Rémy,Centre-Forward
2016/17,Chelsea,Lucas Piazón,Attacking Midfield
2016/17,Chelsea,Marco van Ginkel,Central Midfield
2016/17,Chelsea,Marcos Alonso,Centre-Back
2016/17,Chelsea,Mario Pašalić,Central Midfield
2016/17,Chelsea,Matej Delac,Goalkeeper
2016/17,Chelsea,Matt Miazga,Centre-Back
2016/17,Chelsea,Michael Hector,Centre-Back
2016/17,Chelsea,Michy Batshuayi,Centre-Forward
2016/17,Chelsea,N'Golo Kanté,Defensive Midfield
2016/17,Chelsea,Nathan,Attacking Midfield
2016/17,Chelsea,Nathan Aké,Centre-Back
2016/17,Chelsea,Nathaniel Chalobah,Defensive Midfield
2016/17,Chelsea,Nemanja Matić,Defensive Midfield
2016/17,Chelsea,Ola Aina,Right-Back
2016/17,Chelsea,Oscar,Attacking Midfield
2016/17,Chelsea,Pedro,Right Winger
2016/17,Chelsea,Ruben Loftus-Cheek,Central Midfield
2016/17,Chelsea,Thibaut Courtois,Goalkeeper
2016/17,Chelsea,Todd Kane,Right-Back
2016/17,Chelsea,Tomas Kalas,Centre-Back
2016/17,Chelsea,Victor Moses,Right Winger
2016/17,Chelsea,Victorien Angban,Central Midfield
2016/17,Chelsea,Wallace Oliveira,Right-Back
2016/17,Chelsea,Willian,Left Winger
2016/17,Crystal Palace,Aaron Wan-Bissaka,Right-Back
2016/17,Crystal Palace,Andros Townsend,Right Winger
2016/17,Crystal Palace,Bakary Sako,Left Winger
2016/17,Crystal Palace,Ben Wynter,Right-Back
2016/17,Crystal Palace,Christian Benteke,Centre-Forward
2016/17,Crystal Palace,Chung-yong Lee,Right Winger
2016/17,Crystal Palace,Connor Wickham,Centre-Forward
2016/17,Crystal Palace,Damien Delaney,Centre-Back
2016/17,Crystal Palace,Fraizer Campbell,Centre-Forward
2016/17,Crystal Palace,Freddie Ladapo,Centre-Forward
2016/17,Crystal Palace,Hiram Boateng,Central Midfield
2016/17,Crystal Palace,James McArthur,Central Midfield
2016/17,Crystal Palace,James Tomkins,Centre-Back
2016/17,Crystal Palace,Jason Puncheon,Central Midfield
2016/17,Crystal Palace,Jeffrey Schlupp,Left Midfield
2016/17,Crystal Palace,Joe Ledley,Central Midfield
2016/17,Crystal Palace,Joel Ward,Right-Back
2016/17,Crystal Palace,Jonathan Benteke,Centre-Forward
2016/17,Crystal Palace,Jonny Williams,Attacking Midfield
2016/17,Crystal Palace,Jordon Mutch,Central Midfield
2016/17,Crystal Palace,Julián Speroni,Goalkeeper
2016/17,Crystal Palace,Keshi Anderson,Left Winger
2016/17,Crystal Palace,Kleton Perntreou,Goalkeeper
2016/17,Crystal Palace,Kwesi Appiah,Centre-Forward
2016/17,Crystal Palace,Loïc Rémy,Centre-Forward
2016/17,Crystal Palace,Luka Milivojevic,Defensive Midfield
2016/17,Crystal Palace,Luke Croll,Centre-Back
2016/17,Crystal Palace,Luke Dreher,Central Midfield
2016/17,Crystal Palace,Mamadou Sakho,Centre-Back
2016/17,Crystal Palace,Martin Kelly,Right-Back
2016/17,Crystal Palace,Mathieu Flamini,Defensive Midfield
2016/17,Crystal Palace,Michael Phillips,Defensive Midfield
2016/17,Crystal Palace,Mile Jedinak,Defensive Midfield
2016/17,Crystal Palace,Noor Husin,Central Midfield
2016/17,Crystal Palace,Pape Souaré,Left-Back
2016/17,Crystal Palace,Patrick van Aanholt,Left-Back
2016/17,Crystal Palace,Ryan Inniss,Centre-Back
2016/17,Crystal Palace,Scott Dann,Centre-Back
2016/17,Crystal Palace,Steve Mandanda,Goalkeeper
2016/17,Crystal Palace,Sullay Kaikai,Left Winger
2016/17,Crystal Palace,Wayne Hennessey,Goalkeeper
2016/17,Crystal Palace,Wilfried Zaha,Left Winger
2016/17,Crystal Palace,Yannick Bolasie,Centre-Forward
2016/17,Crystal Palace,Yohan Cabaye,Central Midfield
2016/17,Crystal Palace,Zeki Fryers,Left-Back
2016/17,Everton,Aaron Lennon,Right Winger
2016/17,Everton,Ademola Lookman,Left Winger
2016/17,Everton,Aiden McGeady,Left Winger
2016/17,Everton,Arouna Koné,Centre-Forward
2016/17,Everton,Ashley Williams,Centre-Back
2016/17,Everton,Brendan Galloway,Centre-Back
2016/17,Everton,Bryan Oviedo,Left-Back
2016/17,Everton,Conor McAleny,Centre-Forward
2016/17,Everton,Darron Gibson,Central Midfield
2016/17,Everton,Dominic Calvert-Lewin,Centre-Forward
2016/17,Everton,Enner Valencia,Centre-Forward
2016/17,Everton,Gareth Barry,Defensive Midfield
2016/17,Everton,Gerard Deulofeu,Centre-Forward
2016/17,Everton,Idrissa Gueye,Defensive Midfield
2016/17,Everton,James McCarthy,Central Midfield
2016/17,Everton,Joe Williams,Central Midfield
2016/17,Everton,Joel Robles,Goalkeeper
2016/17,Everton,Jonjoe Kenny,Right-Back
2016/17,Everton,Kevin Mirallas,Right Winger
2016/17,Everton,Leandro Rodríguez,Centre-Forward
2016/17,Everton,Leighton Baines,Left-Back
2016/17,Everton,Luke Garbutt,Left-Back
2016/17,Everton,Maarten Stekelenburg,Goalkeeper
2016/17,Everton,Mason Holgate,Centre-Back
2016/17,Everton,Mateusz Hewelt,Goalkeeper
2016/17,Everton,Matthew Pennington,Centre-Back
2016/17,Everton,Morgan Schneiderlin,Defensive Midfield
2016/17,Everton,Muhamed Besic,Defensive Midfield
2016/17,Everton,Oumar Niasse,Centre-Forward
2016/17,Everton,Phil Jagielka,Centre-Back
2016/17,Everton,Ramiro Funes Mori,Centre-Back
2016/17,Everton,Romelu Lukaku,Centre-Forward
2016/17,Everton,Ross Barkley,Central Midfield
2016/17,Everton,Shani Tarashaj,Second Striker
2016/17,Everton,Séamus Coleman,Right-Back
2016/17,Everton,Tom Cleverley,Central Midfield
2016/17,Everton,Tom Davies,Central Midfield
2016/17,Everton,Tyias Browning,Centre-Back
2016/17,Everton,Yannick Bolasie,Centre-Forward
2016/17,Hull,Abel Hernández,Centre-Forward
2016/17,Hull,Adama Diomande,Centre-Forward
2016/17,Hull,Ahmed El Mohamady,Right-Back
2016/17,Hull,Alex Bruce,Centre-Back
2016/17,Hull,Alfred N'Diaye,Defensive Midfield
2016/17,Hull,Allan McGregor,Goalkeeper
2016/17,Hull,Andrea Ranocchia,Centre-Back
2016/17,Hull,Andrew Robertson,Left-Back
2016/17,Hull,Ben Hinchliffe,Left Winger
2016/17,Hull,Brian Lenihan,Right-Back
2016/17,Hull,Curtis Davies,Centre-Back
2016/17,Hull,Daniel Batty,Central Midfield
2016/17,Hull,David Marshall,Goalkeeper
2016/17,Hull,David Meyler,Central Midfield
2016/17,Hull,Dieumerci Mbokani,Centre-Forward
2016/17,Hull,Dusan Kuciak,Goalkeeper
2016/17,Hull,Eldin Jakupović,Goalkeeper
2016/17,Hull,Evandro,Attacking Midfield
2016/17,Hull,Greg Luer,Centre-Forward
2016/17,Hull,Greg Olley,Attacking Midfield
2016/17,Hull,Harry Maguire,Centre-Back
2016/17,Hull,Harvey Rodgers,Centre-Back
2016/17,Hull,Jake Livermore,Defensive Midfield
2016/17,Hull,James Weir,Central Midfield
2016/17,Hull,Jarrod Bowen,Right Winger
2016/17,Hull,Johan Ter Horst,Centre-Forward
2016/17,Hull,Josh Clackstone,Right-Back
2016/17,Hull,Josh Tymon,Left-Back
2016/17,Hull,Kamil Grosicki,Left Winger
2016/17,Hull,Lazar Markovic,Right Winger
2016/17,Hull,Markus Henriksen,Central Midfield
2016/17,Hull,Michael Dawson,Centre-Back
2016/17,Hull,Moses Odubajo,Right-Back
2016/17,Hull,Omar Elabdellaoui,Right-Back
2016/17,Hull,Oumar Niasse,Centre-Forward
2016/17,Hull,Robert Snodgrass,Right Winger
2016/17,Hull,Ryan Mason,Central Midfield
2016/17,Hull,Sam Clucas,Central Midfield
2016/17,Hull,Shaun Maloney,Attacking Midfield
2016/17,Hull,Tom Huddlestone,Defensive Midfield
2016/17,Hull,Will Keane,Centre-Forward
2016/17,Hull,Will Mannion,Goalkeeper
2016/17,Leicester,Ahmed Musa,Left Winger
2016/17,Leicester,Andy King,Central Midfield
2016/17,Leicester,Bartosz Kapustka,Attacking Midfield
2016/17,Leicester,Ben Chilwell,Left-Back
2016/17,Leicester,Ben Hamer,Goalkeeper
2016/17,Leicester,Christian Fuchs,Left-Back
2016/17,Leicester,Daniel Amartey,Centre-Back
2016/17,Leicester,Danny Drinkwater,Central Midfield
2016/17,Leicester,Danny Simpson,Right-Back
2016/17,Leicester,Demarai Gray,Left Winger
2016/17,Leicester,Elliott Moore,Centre-Back
2016/17,Leicester,Harvey Barnes,Left Winger
2016/17,Leicester,Islam Slimani,Centre-Forward
2016/17,Leicester,Jamie Vardy,Centre-Forward
2016/17,Leicester,Jeffrey Schlupp,Left Midfield
2016/17,Leicester,Kasper Schmeichel,Goalkeeper
2016/17,Leicester,Leonardo Ulloa,Centre-Forward
2016/17,Leicester,Luis Hernández,Centre-Back
2016/17,Leicester,Marc Albrighton,Right Midfield
2016/17,Leicester,Marcin Wasilewski,Centre-Back
2016/17,Leicester,Matty James,Central Midfield
2016/17,Leicester,Molla Wagué,Centre-Back
2016/17,Leicester,Nampalys Mendy,Defensive Midfield
2016/17,Leicester,Riyad Mahrez,Right Winger
2016/17,Leicester,Robert Huth,Centre-Back
2016/17,Leicester,Ron-Robert Zieler,Goalkeeper
2016/17,Leicester,Shinji Okazaki,Centre-Forward
2016/17,Leicester,Tom Lawrence,Attacking Midfield
2016/17,Leicester,Wes Morgan,Centre-Back
2016/17,Leicester,Wilfred Ndidi,Defensive Midfield
2016/17,Leicester,Yohan Benalouane,Centre-Back
2016/17,Liverpool,Adam Lallana,Attacking Midfield
2016/17,Liverpool,Alberto Moreno,Left-Back
2016/17,Liverpool,Alexander Manninger,Goalkeeper
2016/17,Liverpool,Andre Wisdom,Right-Back
2016/17,Liverpool,Ben Woodburn,Attacking Midfield
2016/17,Liverpool,Connor Randall,Right-Back
2016/17,Liverpool,Daniel Sturridge,Centre-Forward
2016/17,Liverpool,Danny Ings,Centre-Forward
2016/17,Liverpool,Danny Ward,Goalkeeper
2016/17,Liverpool,Dejan Lovren,Centre-Back
2016/17,Liverpool,Divock Origi,Centre-Forward
2016/17,Liverpool,Emre Can,Centre-Back
2016/17,Liverpool,Georginio Wijnaldum,Central Midfield
2016/17,Liverpool,Harry Wilson,Right Winger
2016/17,Liverpool,James Milner,Central Midfield
2016/17,Liverpool,Joe Gomez,Centre-Back
2016/17,Liverpool,Jon Flanagan,Right-Back
2016/17,Liverpool,Jordan Henderson,Defensive Midfield
2016/17,Liverpool,Joël Matip,Centre-Back
2016/17,Liverpool,Kevin Stewart,Defensive Midfield
2016/17,Liverpool,Lazar Markovic,Right Winger
2016/17,Liverpool,Loris Karius,Goalkeeper
2016/17,Liverpool,Lucas Leiva,Defensive Midfield
2016/17,Liverpool,MJ Williams,Defensive Midfield
2016/17,Liverpool,Mamadou Sakho,Centre-Back
2016/17,Liverpool,Marko Grujić,Defensive Midfield
2016/17,Liverpool,Nathaniel Clyne,Right-Back
2016/17,Liverpool,Ovie Ejaria,Left Winger
2016/17,Liverpool,Paulinho,Central Midfield
2016/17,Liverpool,Philippe Coutinho,Attacking Midfield
2016/17,Liverpool,Ragnar Klavan,Centre-Back
2016/17,Liverpool,Rhian Brewster,Centre-Forward
2016/17,Liverpool,Roberto Firmino,Centre-Forward
2016/17,Liverpool,Sadio Mané,Left Winger
2016/17,Liverpool,Sheyi Ojo,Right Winger
2016/17,Liverpool,Simon Mignolet,Goalkeeper
2016/17,Liverpool,Trent Alexander-Arnold,Right-Back
2016/17,Liverpool,Ádám Bogdán,Goalkeeper
2016/17,Man City,Aleix García,Central Midfield
2016/17,Man City,Aleksandar Kolarov,Left-Back
2016/17,Man City,Angeliño,Left-Back
2016/17,Man City,Angus Gunn,Goalkeeper
2016/17,Man City,Bacary Sagna,Right-Back
2016/17,Man City,Brahim Díaz,Right Winger
2016/17,Man City,Claudio Bravo,Goalkeeper
2016/17,Man City,David Silva,Attacking Midfield
2016/17,Man City,Eliaquim Mangala,Centre-Back
2016/17,Man City,Fabian Delph,Central Midfield
2016/17,Man City,Fernandinho,Defensive Midfield
2016/17,Man City,Fernando,Defensive Midfield
2016/17,Man City,Gabriel Jesus,Centre-Forward
2016/17,Man City,Gaël Clichy,Left-Back
2016/17,Man City,Jesús Navas,Right Midfield
2016/17,Man City,Joe Hart,Goalkeeper
2016/17,Man City,John Stones,Centre-Back
2016/17,Man City,Kelechi Iheanacho,Centre-Forward
2016/17,Man City,Kevin De Bruyne,Attacking Midfield
2016/17,Man City,Leroy Sané,Right Winger
2016/17,Man City,Nicolás Otamendi,Centre-Back
2016/17,Man City,Nolito,Left Winger
2016/17,Man City,Oleksandr Zinchenko,Left-Back
2016/17,Man City,Pablo Maffeo,Right-Back
2016/17,Man City,Pablo Zabaleta,Right-Back
2016/17,Man City,Phil Foden,Attacking Midfield
2016/17,Man City,Raheem Sterling,Right Winger
2016/17,Man City,Samir Nasri,Attacking Midfield
2016/17,Man City,Sergio Agüero,Centre-Forward
2016/17,Man City,Tosin Adarabioyo,Centre-Back
2016/17,Man City,Vincent Kompany,Centre-Back
2016/17,Man City,Wilfried Bony,Centre-Forward
2016/17,Man City,Willy Caballero,Goalkeeper
2016/17,Man City,Yaya Touré,Central Midfield
2016/17,Man City,İlkay Gündoğan,Central Midfield
2016/17,Man United,Adnan Januzaj,Right Winger
2016/17,Man United,Ander Herrera,Central Midfield
2016/17,Man United,Andreas Pereira,Central Midfield
2016/17,Man United,Angel Gomes,Attacking Midfield
2016/17,Man United,Anthony Martial,Centre-Forward
2016/17,Man United,Antonio Valencia,Right-Back
2016/17,Man United,Ashley Young,Right-Back
2016/17,Man United,Axel Tuanzebe,Centre-Back
2016/17,Man United,Bastian Schweinsteiger,Central Midfield
2016/17,Man United,Cameron Borthwick-Jackson,Left-Back
2016/17,Man United,Chris Smalling,Centre-Back
2016/17,Man United,Daley Blind,Centre-Back
2016/17,Man United,David de Gea,Goalkeeper
2016/17,Man United,Dean Henderson,Goalkeeper
2016/17,Man United,Demetri Mitchell,Right Winger
2016/17,Man United,Eric Bailly,Centre-Back
2016/17,Man United,Guillermo Varela,Right-Back
2016/17,Man United,Henrikh Mkhitaryan,Central Midfield
2016/17,Man United,James Wilson,Centre-Forward
2016/17,Man United,Jesse Lingard,Attacking Midfield
2016/17,Man United,Joel Pereira,Goalkeeper
2016/17,Man United,Josh Harrop,Attacking Midfield
2016/17,Man United,Juan Mata,Attacking Midfield
2016/17,Man United,Kieran O'Hara,Goalkeeper
2016/17,Man United,Luke Shaw,Left-Back
2016/17,Man United,Marcos Rojo,Centre-Back
2016/17,Man United,Marcus Rashford,Left Winger
2016/17,Man United,Marouane Fellaini,Central Midfield
2016/17,Man United,Matteo Darmian,Right-Back
2016/17,Man United,Matty Willock,Central Midfield
2016/17,Man United,Memphis Depay,Centre-Forward
2016/17,Man United,Michael Carrick,Defensive Midfield
2016/17,Man United,Morgan Schneiderlin,Defensive Midfield
2016/17,Man United,Paul Pogba,Central Midfield
2016/17,Man United,Phil Jones,Centre-Back
2016/17,Man United,Sam Johnstone,Goalkeeper
2016/17,Man United,Scott McTominay,Central Midfield
2016/17,Man United,Sergio Romero,Goalkeeper
2016/17,Man United,Timothy Fosu-Mensah,Right-Back
2016/17,Man United,Wayne Rooney,Centre-Forward
2016/17,Man United,Zak Dearnley,Centre-Forward
2016/17,Man United,Zlatan Ibrahimović,Centre-Forward
2016/17,Middlesbrough,Adam Clayton,Central Midfield
2016/17,Middlesbrough,Adam Forshaw,Central Midfield
2016/17,Middlesbrough,Adam Reach,Left-Back
2016/17,Middlesbrough,Adama Traoré,Right Winger
2016/17,Middlesbrough,Adlène Guédioura,Defensive Midfield
2016/17,Middlesbrough,Albert Adomah,Right Winger
2016/17,Middlesbrough,Alex Baptiste,Centre-Back
2016/17,Middlesbrough,Antonio Barragán,Right-Back
2016/17,Middlesbrough,Ben Gibson,Centre-Back
2016/17,Middlesbrough,Bernardo Espinosa,Centre-Back
2016/17,Middlesbrough,Brad Guzan,Goalkeeper
2016/17,Middlesbrough,Calum Chambers,Centre-Back
2016/17,Middlesbrough,Carlos de Pena,Left Winger
2016/17,Middlesbrough,Connor Ripley,Goalkeeper
2016/17,Middlesbrough,Cristhian Stuani,Centre-Forward
2016/17,Middlesbrough,Dael Fry,Centre-Back
2016/17,Middlesbrough,Daniel Ayala,Centre-Back
2016/17,Middlesbrough,David Nugent,Centre-Forward
2016/17,Middlesbrough,Dimitrios Konstantopoulos,Goalkeeper
2016/17,Middlesbrough,Emilio Nsue,Centre-Forward
2016/17,Middlesbrough,Fábio,Right-Back
2016/17,Middlesbrough,Gastón Ramírez,Central Midfield
2016/17,Middlesbrough,George Friend,Left-Back
2016/17,Middlesbrough,Grant Leadbitter,Central Midfield
2016/17,Middlesbrough,James Husband,Left-Back
2016/17,Middlesbrough,Jordan Rhodes,Centre-Forward
2016/17,Middlesbrough,Julien De Sart,Defensive Midfield
2016/17,Middlesbrough,Marten de Roon,Defensive Midfield
2016/17,Middlesbrough,Patrick Bamford,Centre-Forward
2016/17,Middlesbrough,Rudy Gestede,Centre-Forward
2016/17,Middlesbrough,Stewart Downing,Left Midfield
2016/17,Middlesbrough,Tomás Mejías,Goalkeeper
2016/17,Middlesbrough,Viktor Fischer,Left Winger
2016/17,Middlesbrough,Víctor Valdés,Goalkeeper
2016/17,Middlesbrough,Álvaro Negredo,Centre-Forward
2016/17,Southampton,Alex McCarthy,Goalkeeper
2016/17,Southampton,Charlie Austin,Centre-Forward
2016/17,Southampton,Cuco Martina,Centre-Back
2016/17,Southampton,Cédric Soares,Right-Back
2016/17,Southampton,Dušan Tadić,Right Winger
2016/17,Southampton,Florin Gardoș,Centre-Back
2016/17,Southampton,Fraser Forster,Goalkeeper
2016/17,Southampton,Harrison Reed,Central Midfield
2016/17,Southampton,Harry Lewis,Goalkeeper
2016/17,Southampton,Jack Stephens,Centre-Back
2016/17,Southampton,Jake Hesketh,Attacking Midfield
2016/17,Southampton,James Ward-Prowse,Central Midfield
2016/17,Southampton,Jay Rodríguez,Centre-Forward
2016/17,Southampton,Jordy Clasie,Defensive Midfield
2016/17,Southampton,Josh Sims,Right Winger
2016/17,Southampton,José Fonte,Centre-Back
2016/17,Southampton,Jérémy Pied,Right-Back
2016/17,Southampton,Lloyd Isgrove,Right Winger
2016/17,Southampton,Manolo Gabbiadini,Centre-Forward
2016/17,Southampton,Martín Cáceres,Centre-Back
2016/17,Southampton,Matt Targett,Left-Back
2016/17,Southampton,Maya Yoshida,Centre-Back
2016/17,Southampton,Mouez Hassen,Goalkeeper
2016/17,Southampton,Nathan Redmond,Right Winger
2016/17,Southampton,Olufela Olomola,Right Winger
2016/17,Southampton,Oriol Romeu,Defensive Midfield
2016/17,Southampton,Paulo Gazzaniga,Goalkeeper
2016/17,Southampton,Pierre-Emile Højbjerg,Defensive Midfield
2016/17,Southampton,Ryan Bertrand,Left-Back
2016/17,Southampton,Sam Gallagher,Centre-Forward
2016/17,Southampton,Sam McQueen,Left-Back
2016/17,Southampton,Shane Long,Centre-Forward
2016/17,Southampton,Sofiane Boufal,Attacking Midfield
2016/17,Southampton,Steven Davis,Central Midfield
2016/17,Southampton,Stuart Taylor,Goalkeeper
2016/17,Southampton,Virgil van Dijk,Centre-Back
2016/17,Stoke,Bojan Krkic,Second Striker
2016/17,Stoke,Bruno Martins Indi,Centre-Back
2016/17,Stoke,Charlie Adam,Central Midfield
2016/17,Stoke,Daniel Bachmann,Goalkeeper
2016/17,Stoke,Erik Pieters,Left-Back
2016/17,Stoke,Geoff Cameron,Centre-Back
2016/17,Stoke,Giannelli Imbula,Defensive Midfield
2016/17,Stoke,Glen Johnson,Right-Back
2016/17,Stoke,Glenn Whelan,Defensive Midfield
2016/17,Stoke,Ibrahim Afellay,Attacking Midfield
2016/17,Stoke,Jack Butland,Goalkeeper
2016/17,Stoke,Jakob Haugaard,Goalkeeper
2016/17,Stoke,Joe Allen,Central Midfield
2016/17,Stoke,Joel Taylor,Left-Back
2016/17,Stoke,Jonathan Walters,Right Winger
2016/17,Stoke,Joselu,Centre-Forward
2016/17,Stoke,Julien Ngoy,Centre-Forward
2016/17,Stoke,Lee Grant,Goalkeeper
2016/17,Stoke,Mame Diouf,Centre-Forward
2016/17,Stoke,Marc Muniesa,Centre-Back
2016/17,Stoke,Marko Arnautovic,Centre-Forward
2016/17,Stoke,Peter Crouch,Centre-Forward
2016/17,Stoke,Phil Bardsley,Right-Back
2016/17,Stoke,Philipp Wollscheid,Centre-Back
2016/17,Stoke,Ramadan Sobhi,Attacking Midfield
2016/17,Stoke,Ryan Shawcross,Centre-Back
2016/17,Stoke,Ryan Sweeney,Centre-Back
2016/17,Stoke,Saido Berahino,Centre-Forward
2016/17,Stoke,Shay Given,Goalkeeper
2016/17,Stoke,Stephen Ireland,Attacking Midfield
2016/17,Stoke,Thibaud Verlinden,Left Winger
2016/17,Stoke,Tom Edwards,Right-Back
2016/17,Stoke,Wilfried Bony,Centre-Forward
2016/17,Stoke,Xherdan Shaqiri,Attacking Midfield
2016/17,Sunderland,Adam Matthews,Right-Back
2016/17,Sunderland,Adnan Januzaj,Right Winger
2016/17,Sunderland,Billy Jones,Right-Back
2016/17,Sunderland,Bryan Oviedo,Left-Back
2016/17,Sunderland,Darron Gibson,Central Midfield
2016/17,Sunderland,Didier Ndong,Defensive Midfield
2016/17,Sunderland,Donald Love,Right-Back
2016/17,Sunderland,Duncan Watmore,Right Winger
2016/17,Sunderland,Elliot Embleton,Attacking Midfield
2016/17,Sunderland,Ethan Robson,Central Midfield
2016/17,Sunderland,Fabio Borini,Centre-Forward
2016/17,Sunderland,George Honeyman,Attacking Midfield
2016/17,Sunderland,Jack Rodwell,Centre-Back
2016/17,Sunderland,Jan Kirchhoff,Defensive Midfield
2016/17,Sunderland,Jason Denayer,Centre-Back
2016/17,Sunderland,Javier Manquillo,Right-Back
2016/17,Sunderland,Jeremain Lens,Right Winger
2016/17,Sunderland,Jermain Defoe,Centre-Forward
2016/17,Sunderland,Joel Asoro,Right Winger
2016/17,Sunderland,John O'Shea,Centre-Back
2016/17,Sunderland,Joleon Lescott,Centre-Back
2016/17,Sunderland,Jordan Pickford,Goalkeeper
2016/17,Sunderland,Josh Maja,Centre-Forward
2016/17,Sunderland,Josh Robson,Right-Back
2016/17,Sunderland,Lamine Koné,Centre-Back
2016/17,Sunderland,Lee Cattermole,Defensive Midfield
2016/17,Sunderland,Lynden Gooch,Right-Back
2016/17,Sunderland,Maksymilian Stryjek,Goalkeeper
2016/17,Sunderland,Michael Ledger,Centre-Back
2016/17,Sunderland,Mika,Goalkeeper
2016/17,Sunderland,Paddy McNair,Centre-Back
2016/17,Sunderland,Papy Djilobodji,Centre-Back
2016/17,Sunderland,Patrick van Aanholt,Left-Back
2016/17,Sunderland,Rees Greenwood,Attacking Midfield
2016/17,Sunderland,Sebastian Larsson,Central Midfield
2016/17,Sunderland,Steven Pienaar,Left Midfield
2016/17,Sunderland,Tommy Robson,Left-Back
2016/17,Sunderland,Victor Anichebe,Centre-Forward
2016/17,Sunderland,Vito Mannone,Goalkeeper
2016/17,Sunderland,Wahbi Khazri,Left Winger
2016/17,Sunderland,Will Buckley,Right Winger
2016/17,Sunderland,Younès Kaboul,Centre-Back
2016/17,Swansea,Alfie Mawson,Centre-Back
2016/17,Swansea,Bafétimbi Gomis,Centre-Forward
2016/17,Swansea,Borja Bastón,Centre-Forward
2016/17,Swansea,Connor Roberts,Right-Back
2016/17,Swansea,Daniel James,Right Winger
2016/17,Swansea,Federico Fernández,Centre-Back
2016/17,Swansea,Fernando Llorente,Centre-Forward
2016/17,Swansea,Franck Tabanou,Left-Back
2016/17,Swansea,Gerhard Tremmel,Goalkeeper
2016/17,Swansea,Gylfi Sigurdsson,Attacking Midfield
2016/17,Swansea,Jack Cork,Defensive Midfield
2016/17,Swansea,Jay Fulton,Central Midfield
2016/17,Swansea,Jefferson Montero,Left Winger
2016/17,Swansea,Jordan Ayew,Centre-Forward
2016/17,Swansea,Jordi Amat,Centre-Back
2016/17,Swansea,Kenji Gorré,Left Winger
2016/17,Swansea,Kristoffer Nordfeldt,Goalkeeper
2016/17,Swansea,Kyle Bartley,Centre-Back
2016/17,Swansea,Kyle Naughton,Right-Back
2016/17,Swansea,Leon Britton,Central Midfield
2016/17,Swansea,Leroy Fer,Defensive Midfield
2016/17,Swansea,Luciano Narsingh,Right Winger
2016/17,Swansea,Lukasz Fabianski,Goalkeeper
2016/17,Swansea,Mark Birighitti,Goalkeeper
2016/17,Swansea,Martin Olsson,Left-Back
2016/17,Swansea,Marvin Emnes,Centre-Forward
2016/17,Swansea,Matt Grimes,Defensive Midfield
2016/17,Swansea,Mike van der Hoorn,Centre-Back
2016/17,Swansea,Modou Barrow,Left Winger
2016/17,Swansea,Nathan Dyer,Right Winger
2016/17,Swansea,Neil Taylor,Left-Back
2016/17,Swansea,Oli McBurnie,Centre-Forward
2016/17,Swansea,Stephen Kingsley,Left-Back
2016/17,Swansea,Sung-yueng Ki,Defensive Midfield
2016/17,Swansea,Tom Carroll,Central Midfield
2016/17,Swansea,Wayne Routledge,Left Winger
2016/17,Swansea,Ángel Rangel,Right-Back
2016/17,Tottenham,Alfie Whiteman,Goalkeeper
2016/17,Tottenham,Anton Walkes,Centre-Back
2016/17,Tottenham,Ben Davies,Centre-Back
2016/17,Tottenham,Cameron Carter-Vickers,Centre-Back
2016/17,Tottenham,Christian Eriksen,Attacking Midfield
2016/17,Tottenham,Clinton N'Jie,Right Winger
2016/17,Tottenham,Danny Rose,Left-Back
2016/17,Tottenham,Dele Alli,Attacking Midfield
2016/17,Tottenham,Eric Dier,Centre-Back
2016/17,Tottenham,Erik Lamela,Right Winger
2016/17,Tottenham,Federico Fazio,Centre-Back
2016/17,Tottenham,Filip Lesniak,Defensive Midfield
2016/17,Tottenham,Georges-Kevin N'Koudou,Left Winger
2016/17,Tottenham,Harry Kane,Centre-Forward
2016/17,Tottenham,Harry Winks,Defensive Midfield
2016/17,Tottenham,Heung-min Son,Left Winger
2016/17,Tottenham,Hugo Lloris,Goalkeeper
2016/17,Tottenham,Jan Vertonghen,Centre-Back
2016/17,Tottenham,Josh Onomah,Central Midfield
2016/17,Tottenham,Kevin Wimmer,Centre-Back
2016/17,Tottenham,Kieran Trippier,Right-Back
2016/17,Tottenham,Kyle Walker,Right-Back
2016/17,Tottenham,Kyle Walker-Peters,Right-Back
2016/17,Tottenham,Luke Amos,Central Midfield
2016/17,Tottenham,Luke McGee,Goalkeeper
2016/17,Tottenham,Marcus Edwards,Right Winger
2016/17,Tottenham,Michel Vorm,Goalkeeper
2016/17,Tottenham,Mousa Dembélé,Central Midfield
2016/17,Tottenham,Moussa Sissoko,Central Midfield
2016/17,Tottenham,Nabil Bentaleb,Defensive Midfield
2016/17,Tottenham,Pau López,Goalkeeper
2016/17,Tottenham,Ryan Mason,Central Midfield
2016/17,Tottenham,Samuel Shashoua,Left Winger
2016/17,Tottenham,Shayon Harrison,Centre-Forward
2016/17,Tottenham,Toby Alderweireld,Centre-Back
2016/17,Tottenham,Tom Carroll,Central Midfield
2016/17,Tottenham,Victor Wanyama,Defensive Midfield
2016/17,Tottenham,Vincent Janssen,Centre-Forward
2016/17,Watford,Abdoulaye Doucouré,Attacking Midfield
2016/17,Watford,Adlène Guédioura,Defensive Midfield
2016/17,Watford,Adrian Mariappa,Centre-Back
2016/17,Watford,Allan Nyom,Right-Back
2016/17,Watford,Andrew Eleftheriou,Right-Back
2016/17,Watford,Ben Watson,Central Midfield
2016/17,Watford,Brandon Mason,Left-Back
2016/17,Watford,Brice Dja Djédjé,Defensive Midfield
2016/17,Watford,Camilo Zúñiga,Left Midfield
2016/17,Watford,Carl Stewart,Central Midfield
2016/17,Watford,Charlie Rowan,Centre-Back
2016/17,Watford,Christian Kabasele,Centre-Back
2016/17,Watford,Costel Pantilimon,Goalkeeper
2016/17,Watford,Craig Cathcart,Centre-Back
2016/17,Watford,Daryl Janmaat,Right-Back
2016/17,Watford,Dion Pereira,Left Winger
2016/17,Watford,Giedrius Arlauskis,Goalkeeper
2016/17,Watford,Heurelho Gomes,Goalkeeper
2016/17,Watford,Ikechi Anya,Left Midfield
2016/17,Watford,Isaac Success,Centre-Forward
2016/17,Watford,Jerome Sinclair,Centre-Forward
2016/17,Watford,Jose Cholevas,Left-Back
2016/17,Watford,Juan Carlos Paredes,Defensive Midfield
2016/17,Watford,Kenedy,Left Winger
2016/17,Watford,M'Baye Niang,Centre-Forward
2016/17,Watford,Mario Suárez,Defensive Midfield
2016/17,Watford,Matej Vydra,Centre-Forward
2016/17,Watford,Mathias Ranégie,Centre-Forward
2016/17,Watford,Mauro Zárate,Centre-Forward
2016/17,Watford,Michael Folivi,Centre-Forward
2016/17,Watford,Miguel Britos,Centre-Back
2016/17,Watford,Nordin Amrabat,Right Winger
2016/17,Watford,Obbi Oulare,Centre-Forward
2016/17,Watford,Odion Ighalo,Centre-Forward
2016/17,Watford,Rene Gilmartin,Goalkeeper
2016/17,Watford,Roberto Pereyra,Central Midfield
2016/17,Watford,Sebastian Prödl,Centre-Back
2016/17,Watford,Stefano Okaka,Centre-Forward
2016/17,Watford,Steven Berghuis,Right Winger
2016/17,Watford,Sven Kums,Central Midfield
2016/17,Watford,Tom Cleverley,Central Midfield
2016/17,Watford,Tommie Hoban,Centre-Back
2016/17,Watford,Troy Deeney,Centre-Forward
2016/17,Watford,Valon Behrami,Central Midfield
2016/17,Watford,Younès Kaboul,Centre-Back
2016/17,Watford,Étienne Capoue,Defensive Midfield
2016/17,West Brom,Alex Palmer,Goalkeeper
2016/17,West Brom,Allan Nyom,Right-Back
2016/17,West Brom,Ben Foster,Goalkeeper
2016/17,West Brom,Boaz Myhill,Goalkeeper
2016/17,West Brom,Brendan Galloway,Centre-Back
2016/17,West Brom,Callum McManaman,Right Winger
2016/17,West Brom,Chris Brunt,Central Midfield
2016/17,West Brom,Claudio Yacob,Defensive Midfield
2016/17,West Brom,Craig Dawson,Centre-Back
2016/17,West Brom,Craig Gardner,Central Midfield
2016/17,West Brom,Darren Fletcher,Central Midfield
2016/17,West Brom,Gareth McAuley,Centre-Back
2016/17,West Brom,Hal Robson-Kanu,Centre-Forward
2016/17,West Brom,Jack Rose,Goalkeeper
2016/17,West Brom,Jake Livermore,Defensive Midfield
2016/17,West Brom,James McClean,Left Midfield
2016/17,West Brom,James Morrison,Central Midfield
2016/17,West Brom,Jonas Olsson,Centre-Back
2016/17,West Brom,Jonathan Leko,Right Winger
2016/17,West Brom,Jonny Evans,Centre-Back
2016/17,West Brom,Kane Wilson,Right-Back
2016/17,West Brom,Marc Wilson,Centre-Back
2016/17,West Brom,Matt Phillips,Right Winger
2016/17,West Brom,Nacer Chadli,Left Winger
2016/17,West Brom,Rekeem Harper,Central Midfield
2016/17,West Brom,Rickie Lambert,Centre-Forward
2016/17,West Brom,Saido Berahino,Centre-Forward
2016/17,West Brom,Salomón Rondón,Centre-Forward
2016/17,West Brom,Sam Field,Defensive Midfield
2016/17,West Brom,Sébastien Pocognoli,Left-Back
2016/17,West Ham,Aaron Cresswell,Left-Back
2016/17,West Ham,Adrián San Miguel,Goalkeeper
2016/17,West Ham,Alex Pike,Right-Back
2016/17,West Ham,André Ayew,Centre-Forward
2016/17,West Ham,Andy Carroll,Centre-Forward
2016/17,West Ham,Angelo Ogbonna,Centre-Back
2016/17,West Ham,Arthur Masuaku,Left-Back
2016/17,West Ham,Ashley Fletcher,Centre-Forward
2016/17,West Ham,Cheikhou Kouyaté,Defensive Midfield
2016/17,West Ham,Dan Kemp,Attacking Midfield
2016/17,West Ham,Darren Randolph,Goalkeeper
2016/17,West Ham,Declan Rice,Central Midfield
2016/17,West Ham,Diafra Sakho,Centre-Forward
2016/17,West Ham,Dimitri Payet,Attacking Midfield
2016/17,West Ham,Domingos Quina,Central Midfield
2016/17,West Ham,Doneil Henry,Centre-Back
2016/17,West Ham,Edimilson Fernandes,Defensive Midfield
2016/17,West Ham,Enner Valencia,Centre-Forward
2016/17,West Ham,Grady Diangana,Right Winger
2016/17,West Ham,Gökhan Töre,Right Winger
2016/17,West Ham,Håvard Nordtveit,Defensive Midfield
2016/17,West Ham,James Collins,Centre-Back
2016/17,West Ham,Jonathan Calleri,Centre-Forward
2016/17,West Ham,Josh Cullen,Central Midfield
2016/17,West Ham,José Fonte,Centre-Back
2016/17,West Ham,Lewis Page,Left-Back
2016/17,West Ham,Manuel Lanzini,Attacking Midfield
2016/17,West Ham,Marcus Browne,Left Winger
2016/17,West Ham,Mark Noble,Central Midfield
2016/17,West Ham,Michail Antonio,Centre-Forward
2016/17,West Ham,Moses Makasi,Central Midfield
2016/17,West Ham,Nathan Holland,Left Winger
2016/17,West Ham,Pedro Obiang,Central Midfield
2016/17,West Ham,Raphael Spiegel,Goalkeeper
2016/17,West Ham,Reece Burke,Centre-Back
2016/17,West Ham,Reece Oxford,Centre-Back
2016/17,West Ham,Robert Snodgrass,Right Winger
2016/17,West Ham,Sam Byram,Left-Back
2016/17,West Ham,Sam Westley,Right-Back
2016/17,West Ham,Simone Zaza,Centre-Forward
2016/17,West Ham,Sofiane Feghouli,Attacking Midfield
2016/17,West Ham,Stephen Hendrie,Left-Back
2016/17,West Ham,Winston Reid,Centre-Back
2016/17,West Ham,Álvaro Arbeloa,Right-Back
2017/18,AFC Bournemouth,Aaron Ramsdale,Goalkeeper
2017/18,AFC Bournemouth,Adam Federici,Goalkeeper
2017/18,AFC Bournemouth,Adam Smith,Right-Back
2017/18,AFC Bournemouth,Andrew Surman,Central Midfield
2017/18,AFC Bournemouth,Artur Boruc,Goalkeeper
2017/18,AFC Bournemouth,Asmir Begovic,Goalkeeper
2017/18,AFC Bournemouth,Baily Cargill,Centre-Back
2017/18,AFC Bournemouth,Benik Afobe,Centre-Forward
2017/18,AFC Bournemouth,Brad Smith,Left-Back
2017/18,AFC Bournemouth,Callum Wilson,Centre-Forward
2017/18,AFC Bournemouth,Charlie Daniels,Left-Back
2017/18,AFC Bournemouth,Connor Mahoney,Right Winger
2017/18,AFC Bournemouth,Dan Gosling,Central Midfield
2017/18,AFC Bournemouth,Emerson Hyndman,Central Midfield
2017/18,AFC Bournemouth,Harry Arter,Central Midfield
2017/18,AFC Bournemouth,Jack Simpson,Centre-Back
2017/18,AFC Bournemouth,Jermain Defoe,Centre-Forward
2017/18,AFC Bournemouth,Jordon Ibe,Right Winger
2017/18,AFC Bournemouth,Joshua King,Centre-Forward
2017/18,AFC Bournemouth,Junior Stanislas,Left Winger
2017/18,AFC Bournemouth,Kyle Taylor,Central Midfield
2017/18,AFC Bournemouth,Lewis Cook,Central Midfield
2017/18,AFC Bournemouth,Lewis Grabban,Centre-Forward
2017/18,AFC Bournemouth,Lys Mousset,Centre-Forward
2017/18,AFC Bournemouth,Marc Pugh,Left Winger
2017/18,AFC Bournemouth,Matt Butcher,Defensive Midfield
2017/18,AFC Bournemouth,Mikael Ndjoli,Centre-Forward
2017/18,AFC Bournemouth,Nathan Aké,Centre-Back
2017/18,AFC Bournemouth,Rhoys Wiggins,Left-Back
2017/18,AFC Bournemouth,Ryan Allsop,Goalkeeper
2017/18,AFC Bournemouth,Ryan Fraser,Left Winger
2017/18,AFC Bournemouth,Shaun Hobson,Centre-Back
2017/18,AFC Bournemouth,Simon Francis,Right-Back
2017/18,AFC Bournemouth,Steve Cook,Centre-Back
2017/18,AFC Bournemouth,Tyrone Mings,Centre-Back
2017/18,Arsenal,Aaron Ramsey,Central Midfield
2017/18,Arsenal,Ainsley Maitland-Niles,Right-Back
2017/18,Arsenal,Alex Iwobi,Left Winger
2017/18,Arsenal,Alex Oxlade-Chamberlain,Central Midfield
2017/18,Arsenal,Alexandre Lacazette,Centre-Forward
2017/18,Arsenal,Alexis Sánchez,Second Striker
2017/18,Arsenal,Ben Sheaf,Defensive Midfield
2017/18,Arsenal,Calum Chambers,Centre-Back
2017/18,Arsenal,Carl Jenkinson,Right-Back
2017/18,Arsenal,Charlie Gilmour,Defensive Midfield
2017/18,Arsenal,Chuba Akpom,Centre-Forward
2017/18,Arsenal,Cohen Bramall,Left-Back
2017/18,Arsenal,Danny Welbeck,Centre-Forward
2017/18,Arsenal,David Ospina,Goalkeeper
2017/18,Arsenal,Dejan Iliev,Goalkeeper
2017/18,Arsenal,Eddie Nketiah,Centre-Forward
2017/18,Arsenal,Francis Coquelin,Defensive Midfield
2017/18,Arsenal,Granit Xhaka,Defensive Midfield
2017/18,Arsenal,Henrikh Mkhitaryan,Central Midfield
2017/18,Arsenal,Héctor Bellerín,Right-Back
2017/18,Arsenal,Jack Wilshere,Central Midfield
2017/18,Arsenal,Jeff Reine-Adélaïde,Attacking Midfield
2017/18,Arsenal,Joe Willock,Central Midfield
2017/18,Arsenal,Jordi Osei-Tutu,Right-Back
2017/18,Arsenal,Josh Dasilva,Central Midfield
2017/18,Arsenal,Konstantinos Mavropanos,Centre-Back
2017/18,Arsenal,Krystian Bielik,Centre-Back
2017/18,Arsenal,Laurent Koscielny,Centre-Back
2017/18,Arsenal,Marcus McGuane,Defensive Midfield
2017/18,Arsenal,Mathieu Debuchy,Right-Back
2017/18,Arsenal,Matt Macey,Goalkeeper
2017/18,Arsenal,Mesut Özil,Attacking Midfield
2017/18,Arsenal,Mohamed Elneny,Defensive Midfield
2017/18,Arsenal,Nacho Monreal,Left-Back
2017/18,Arsenal,Olivier Giroud,Centre-Forward
2017/18,Arsenal,Per Mertesacker,Centre-Back
2017/18,Arsenal,Petr Cech,Goalkeeper
2017/18,Arsenal,Pierre-Emerick Aubameyang,Centre-Forward
2017/18,Arsenal,Reiss Nelson,Left Winger
2017/18,Arsenal,Rob Holding,Centre-Back
2017/18,Arsenal,Santi Cazorla,Central Midfield
2017/18,Arsenal,Sead Kolasinac,Centre-Back
2017/18,Arsenal,Shkodran Mustafi,Centre-Back
2017/18,Arsenal,Theo Walcott,Right Winger
2017/18,Arsenal,Vlad Dragomir,Attacking Midfield
2017/18,Brighton and Hove Albion,Aaron Connolly,Centre-Forward
2017/18,Brighton and Hove Albion,Ales Mateju,Centre-Back
2017/18,Brighton and Hove Albion,Anthony Knockaert,Right Winger
2017/18,Brighton and Hove Albion,Beram Kayal,Central Midfield
2017/18,Brighton and Hove Albion,Bruno Saltor,Right-Back
2017/18,Brighton and Hove Albion,Christian Walton,Goalkeeper
2017/18,Brighton and Hove Albion,Connor Goldson,Centre-Back
2017/18,Brighton and Hove Albion,Dale Stephens,Central Midfield
2017/18,Brighton and Hove Albion,Davy Pröpper,Central Midfield
2017/18,Brighton and Hove Albion,Dessie Hutchinson,Defensive Midfield
2017/18,Brighton and Hove Albion,Ezequiel Schelotto,Right Midfield
2017/18,Brighton and Hove Albion,Gaëtan Bong,Left-Back
2017/18,Brighton and Hove Albion,Glenn Murray,Centre-Forward
2017/18,Brighton and Hove Albion,Izzy Brown,Left Winger
2017/18,Brighton and Hove Albion,James Tilley,Right Winger
2017/18,Brighton and Hove Albion,Jamie Murphy,Left Winger
2017/18,Brighton and Hove Albion,Jayson Molumby,Central Midfield
2017/18,Brighton and Hove Albion,Jiri Skalak,Left Winger
2017/18,Brighton and Hove Albion,José Izquierdo,Left Winger
2017/18,Brighton and Hove Albion,Jürgen Locadia,Centre-Forward
2017/18,Brighton and Hove Albion,Leonardo Ulloa,Centre-Forward
2017/18,Brighton and Hove Albion,Lewis Dunk,Centre-Back
2017/18,Brighton and Hove Albion,Liam Rosenior,Right-Back
2017/18,Brighton and Hove Albion,Markus Suttner,Left-Back
2017/18,Brighton and Hove Albion,Mathew Ryan,Goalkeeper
2017/18,Brighton and Hove Albion,Max Sanders,Central Midfield
2017/18,Brighton and Hove Albion,Niki Mäenpää,Goalkeeper
2017/18,Brighton and Hove Albion,Oliver Norwood,Central Midfield
2017/18,Brighton and Hove Albion,Pascal Groß,Central Midfield
2017/18,Brighton and Hove Albion,Richie Towell,Attacking Midfield
2017/18,Brighton and Hove Albion,Rohan Ince,Defensive Midfield
2017/18,Brighton and Hove Albion,Sam Baldock,Centre-Forward
2017/18,Brighton and Hove Albion,Shane Duffy,Centre-Back
2017/18,Brighton and Hove Albion,Solly March,Right Winger
2017/18,Brighton and Hove Albion,Soufyan Ahannach,Left Winger
2017/18,Brighton and Hove Albion,Steve Sidwell,Central Midfield
2017/18,Brighton and Hove Albion,Tim Krul,Goalkeeper
2017/18,Brighton and Hove Albion,Tomer Hemed,Centre-Forward
2017/18,Brighton and Hove Albion,Uwe Hünemeier,Centre-Back
2017/18,Burnley FC,Aaron Lennon,Right Winger
2017/18,Burnley FC,Adam Legzdins,Goalkeeper
2017/18,Burnley FC,Aiden O'Neill,Defensive Midfield
2017/18,Burnley FC,Anders Lindegaard,Goalkeeper
2017/18,Burnley FC,Ashley Barnes,Centre-Forward
2017/18,Burnley FC,Ashley Westwood,Defensive Midfield
2017/18,Burnley FC,Ben Mee,Centre-Back
2017/18,Burnley FC,Charlie Taylor,Left-Back
2017/18,Burnley FC,Chris Long,Centre-Forward
2017/18,Burnley FC,Chris Wood,Centre-Forward
2017/18,Burnley FC,Dean Marney,Central Midfield
2017/18,Burnley FC,Dwight McNeil,Left Winger
2017/18,Burnley FC,Fredrik Ulvestad,Defensive Midfield
2017/18,Burnley FC,Georges-Kevin N'Koudou,Left Winger
2017/18,Burnley FC,Jack Cork,Defensive Midfield
2017/18,Burnley FC,James Tarkowski,Centre-Back
2017/18,Burnley FC,Jeff Hendrick,Central Midfield
2017/18,Burnley FC,Jonathan Walters,Right Winger
2017/18,Burnley FC,Jóhann Berg Gudmundsson,Right Winger
2017/18,Burnley FC,Kevin Long,Centre-Back
2017/18,Burnley FC,Matthew Lowton,Right-Back
2017/18,Burnley FC,Nahki Wells,Centre-Forward
2017/18,Burnley FC,Nick Pope,Goalkeeper
2017/18,Burnley FC,Phil Bardsley,Right-Back
2017/18,Burnley FC,Robbie Brady,Left Midfield
2017/18,Burnley FC,Sam Vokes,Centre-Forward
2017/18,Burnley FC,Scott Arfield,Central Midfield
2017/18,Burnley FC,Stephen Ward,Left-Back
2017/18,Burnley FC,Steven Defour,Defensive Midfield
2017/18,Burnley FC,Tom Heaton,Goalkeeper
2017/18,Chelsea,Andreas Christensen,Centre-Back
2017/18,Chelsea,Antonio Rüdiger,Centre-Back
2017/18,Chelsea,Callum Hudson-Odoi,Left Winger
2017/18,Chelsea,Cesc Fàbregas,Central Midfield
2017/18,Chelsea,Charly Musonda Jr.,Left Winger
2017/18,Chelsea,César Azpilicueta,Centre-Back
2017/18,Chelsea,Danny Drinkwater,Central Midfield
2017/18,Chelsea,David Luiz,Centre-Back
2017/18,Chelsea,Davide Zappacosta,Right Midfield
2017/18,Chelsea,Dujon Sterling,Right-Back
2017/18,Chelsea,Eden Hazard,Left Winger
2017/18,Chelsea,Eduardo,Goalkeeper
2017/18,Chelsea,Emerson,Left-Back
2017/18,Chelsea,Ethan Ampadu,Defensive Midfield
2017/18,Chelsea,Fikayo Tomori,Centre-Back
2017/18,Chelsea,Gary Cahill,Centre-Back
2017/18,Chelsea,Jake Clarke-Salter,Centre-Back
2017/18,Chelsea,Jamal Blackman,Goalkeeper
2017/18,Chelsea,Jérémie Boga,Left Winger
2017/18,Chelsea,Kenedy,Left Winger
2017/18,Chelsea,Kurt Zouma,Centre-Back
2017/18,Chelsea,Kyle Scott,Central Midfield
2017/18,Chelsea,Lewis Baker,Central Midfield
2017/18,Chelsea,Lucas Piazón,Attacking Midfield
2017/18,Chelsea,Marco van Ginkel,Central Midfield
2017/18,Chelsea,Marcos Alonso,Centre-Back
2017/18,Chelsea,Matej Delac,Goalkeeper
2017/18,Chelsea,Michael Hector,Centre-Back
2017/18,Chelsea,Michy Batshuayi,Centre-Forward
2017/18,Chelsea,N'Golo Kanté,Defensive Midfield
2017/18,Chelsea,Ola Aina,Right-Back
2017/18,Chelsea,Olivier Giroud,Centre-Forward
2017/18,Chelsea,Pedro,Right Winger
2017/18,Chelsea,Ross Barkley,Central Midfield
2017/18,Chelsea,Ruben Loftus-Cheek,Central Midfield
2017/18,Chelsea,Tammy Abraham,Centre-Forward
2017/18,Chelsea,Thibaut Courtois,Goalkeeper
2017/18,Chelsea,Tiemoué Bakayoko,Defensive Midfield
2017/18,Chelsea,Todd Kane,Right-Back
2017/18,Chelsea,Tomas Kalas,Centre-Back
2017/18,Chelsea,Trevoh Chalobah,Centre-Back
2017/18,Chelsea,Victor Moses,Right Winger
2017/18,Chelsea,Wallace Oliveira,Right-Back
2017/18,Chelsea,Willian,Left Winger
2017/18,Chelsea,Willy Caballero,Goalkeeper
2017/18,Chelsea,Álvaro Morata,Centre-Forward
2017/18,Crystal Palace,Aaron Wan-Bissaka,Right-Back
2017/18,Crystal Palace,Alexander Sørloth,Centre-Forward
2017/18,Crystal Palace,Andros Townsend,Right Winger
2017/18,Crystal Palace,Bakary Sako,Left Winger
2017/18,Crystal Palace,Christian Benteke,Centre-Forward
2017/18,Crystal Palace,Chung-yong Lee,Right Winger
2017/18,Crystal Palace,Connor Wickham,Centre-Forward
2017/18,Crystal Palace,Damien Delaney,Centre-Back
2017/18,Crystal Palace,Diego Cavalieri,Goalkeeper
2017/18,Crystal Palace,Dion Henry,Goalkeeper
2017/18,Crystal Palace,Erdal Rakip,Defensive Midfield
2017/18,Crystal Palace,Freddie Ladapo,Centre-Forward
2017/18,Crystal Palace,James Daly,Left Winger
2017/18,Crystal Palace,James McArthur,Central Midfield
2017/18,Crystal Palace,James Tomkins,Centre-Back
2017/18,Crystal Palace,Jarosław Jach,Centre-Back
2017/18,Crystal Palace,Jason Lokilo,Right Winger
2017/18,Crystal Palace,Jason Puncheon,Central Midfield
2017/18,Crystal Palace,Jaïro Riedewald,Defensive Midfield
2017/18,Crystal Palace,Jeffrey Schlupp,Left Midfield
2017/18,Crystal Palace,Joel Ward,Right-Back
2017/18,Crystal Palace,Jonny Williams,Attacking Midfield
2017/18,Crystal Palace,Jordon Mutch,Central Midfield
2017/18,Crystal Palace,Julián Speroni,Goalkeeper
2017/18,Crystal Palace,Keshi Anderson,Left Winger
2017/18,Crystal Palace,Levi Lumeka,Left Winger
2017/18,Crystal Palace,Luka Milivojevic,Defensive Midfield
2017/18,Crystal Palace,Mamadou Sakho,Centre-Back
2017/18,Crystal Palace,Martin Kelly,Right-Back
2017/18,Crystal Palace,Michael Phillips,Defensive Midfield
2017/18,Crystal Palace,Nya Kirby,Central Midfield
2017/18,Crystal Palace,Pape Souaré,Left-Back
2017/18,Crystal Palace,Patrick van Aanholt,Left-Back
2017/18,Crystal Palace,Ruben Loftus-Cheek,Central Midfield
2017/18,Crystal Palace,Ryan Inniss,Centre-Back
2017/18,Crystal Palace,Scott Dann,Centre-Back
2017/18,Crystal Palace,Sullay Kaikai,Left Winger
2017/18,Crystal Palace,Timothy Fosu-Mensah,Right-Back
2017/18,Crystal Palace,Wayne Hennessey,Goalkeeper
2017/18,Crystal Palace,Wilfried Zaha,Left Winger
2017/18,Crystal Palace,Yohan Cabaye,Central Midfield
2017/18,Everton,Aaron Lennon,Right Winger
2017/18,Everton,Ademola Lookman,Left Winger
2017/18,Everton,Alex Denny,Defensive Midfield
2017/18,Everton,Anthony Gordon,Left Winger
2017/18,Everton,Ashley Williams,Centre-Back
2017/18,Everton,Beni Baningime,Defensive Midfield
2017/18,Everton,Brendan Galloway,Centre-Back
2017/18,Everton,Cenk Tosun,Centre-Forward
2017/18,Everton,Cuco Martina,Centre-Back
2017/18,Everton,Davy Klaassen,Central Midfield
2017/18,Everton,Dominic Calvert-Lewin,Centre-Forward
2017/18,Everton,Eliaquim Mangala,Centre-Back
2017/18,Everton,Fraser Hornby,Centre-Forward
2017/18,Everton,Gareth Barry,Defensive Midfield
2017/18,Everton,Gylfi Sigurdsson,Attacking Midfield
2017/18,Everton,Harry Charsley,Central Midfield
2017/18,Everton,Idrissa Gueye,Defensive Midfield
2017/18,Everton,James McCarthy,Central Midfield
2017/18,Everton,Joel Robles,Goalkeeper
2017/18,Everton,Jonjoe Kenny,Right-Back
2017/18,Everton,Jordan Pickford,Goalkeeper
2017/18,Everton,Kevin Mirallas,Right Winger
2017/18,Everton,Leighton Baines,Left-Back
2017/18,Everton,Luke Garbutt,Left-Back
2017/18,Everton,Maarten Stekelenburg,Goalkeeper
2017/18,Everton,Mason Holgate,Centre-Back
2017/18,Everton,Mateusz Hewelt,Goalkeeper
2017/18,Everton,Matthew Pennington,Centre-Back
2017/18,Everton,Michael Collins,Centre-Back
2017/18,Everton,Michael Keane,Centre-Back
2017/18,Everton,Morgan Feeney,Centre-Back
2017/18,Everton,Morgan Schneiderlin,Defensive Midfield
2017/18,Everton,Muhamed Besic,Defensive Midfield
2017/18,Everton,Nathan Broadhead,Left Winger
2017/18,Everton,Nikola Vlašić,Attacking Midfield
2017/18,Everton,Oumar Niasse,Centre-Forward
2017/18,Everton,Phil Jagielka,Centre-Back
2017/18,Everton,Ramiro Funes Mori,Centre-Back
2017/18,Everton,Sandro Ramírez,Centre-Forward
2017/18,Everton,Shani Tarashaj,Second Striker
2017/18,Everton,Shayne Lavery,Centre-Forward
2017/18,Everton,Stephen Duke-McKenna,Right Midfield
2017/18,Everton,Séamus Coleman,Right-Back
2017/18,Everton,Theo Walcott,Right Winger
2017/18,Everton,Tom Davies,Central Midfield
2017/18,Everton,Tyias Browning,Centre-Back
2017/18,Everton,Wayne Rooney,Centre-Forward
2017/18,Everton,Yannick Bolasie,Centre-Forward
2017/18,Huddersfield,Aaron Mooy,Central Midfield
2017/18,Huddersfield,Abdelhamid Sabiri,Attacking Midfield
2017/18,Huddersfield,Alex Pritchard,Attacking Midfield
2017/18,Huddersfield,Chris Löwe,Left-Back
2017/18,Huddersfield,Christopher Schindler,Centre-Back
2017/18,Huddersfield,Collin Quaner,Centre-Forward
2017/18,Huddersfield,Danny Williams,Defensive Midfield
2017/18,Huddersfield,Dean Whitehead,Central Midfield
2017/18,Huddersfield,Elias Kachunga,Centre-Forward
2017/18,Huddersfield,Florent Hadergjonaj,Right Midfield
2017/18,Huddersfield,Jack Payne,Attacking Midfield
2017/18,Huddersfield,Joe Lolley,Right Winger
2017/18,Huddersfield,Joel Coleman,Goalkeeper
2017/18,Huddersfield,Jon Gorenc Stankovic,Defensive Midfield
2017/18,Huddersfield,Jonas Lössl,Goalkeeper
2017/18,Huddersfield,Jonathan Hogg,Defensive Midfield
2017/18,Huddersfield,Jordan Williams,Right-Back
2017/18,Huddersfield,Jordy Hiwula,Centre-Forward
2017/18,Huddersfield,Kasey Palmer,Attacking Midfield
2017/18,Huddersfield,Laurent Depoitre,Centre-Forward
2017/18,Huddersfield,Lewis O'Brien,Central Midfield
2017/18,Huddersfield,Martin Cranie,Centre-Back
2017/18,Huddersfield,Michael Hefele,Centre-Back
2017/18,Huddersfield,Philip Billing,Central Midfield
2017/18,Huddersfield,Rajiv van La Parra,Left Winger
2017/18,Huddersfield,Rob Green,Goalkeeper
2017/18,Huddersfield,Ryan Schofield,Goalkeeper
2017/18,Huddersfield,Scott Malone,Left-Back
2017/18,Huddersfield,Sean Scannell,Right Winger
2017/18,Huddersfield,Steve Mounié,Centre-Forward
2017/18,Huddersfield,Tareiq Holmes-Dennis,Left-Back
2017/18,Huddersfield,Terence Kongolo,Centre-Back
2017/18,Huddersfield,Tom Ince,Right Winger
2017/18,Huddersfield,Tommy Smith,Right-Back
2017/18,Huddersfield,Zanka,Centre-Back
2017/18,Leicester,Adrien Silva,Central Midfield
2017/18,Leicester,Ahmed Musa,Left Winger
2017/18,Leicester,Aleksandar Dragovic,Centre-Back
2017/18,Leicester,Andy King,Central Midfield
2017/18,Leicester,Ben Chilwell,Left-Back
2017/18,Leicester,Ben Hamer,Goalkeeper
2017/18,Leicester,Christian Fuchs,Left-Back
2017/18,Leicester,Daniel Amartey,Centre-Back
2017/18,Leicester,Danny Simpson,Right-Back
2017/18,Leicester,Demarai Gray,Left Winger
2017/18,Leicester,Eldin Jakupović,Goalkeeper
2017/18,Leicester,Fousseni Diabaté,Right Winger
2017/18,Leicester,George Thomas,Attacking Midfield
2017/18,Leicester,Hamza Choudhury,Defensive Midfield
2017/18,Leicester,Harry Maguire,Centre-Back
2017/18,Leicester,Harvey Barnes,Left Winger
2017/18,Leicester,Islam Slimani,Centre-Forward
2017/18,Leicester,Jamie Vardy,Centre-Forward
2017/18,Leicester,Josh Knight,Centre-Back
2017/18,Leicester,Kasper Schmeichel,Goalkeeper
2017/18,Leicester,Kelechi Iheanacho,Centre-Forward
2017/18,Leicester,Layton Ndukwu,Attacking Midfield
2017/18,Leicester,Leonardo Ulloa,Centre-Forward
2017/18,Leicester,Marc Albrighton,Right Midfield
2017/18,Leicester,Matty James,Central Midfield
2017/18,Leicester,Nampalys Mendy,Defensive Midfield
2017/18,Leicester,Riyad Mahrez,Right Winger
2017/18,Leicester,Robert Huth,Centre-Back
2017/18,Leicester,Sam Hughes,Centre-Back
2017/18,Leicester,Shinji Okazaki,Centre-Forward
2017/18,Leicester,Vicente Iborra,Defensive Midfield
2017/18,Leicester,Wes Morgan,Centre-Back
2017/18,Leicester,Wilfred Ndidi,Defensive Midfield
2017/18,Leicester,Yohan Benalouane,Centre-Back
2017/18,Liverpool,Adam Lallana,Attacking Midfield
2017/18,Liverpool,Alberto Moreno,Left-Back
2017/18,Liverpool,Alex Oxlade-Chamberlain,Central Midfield
2017/18,Liverpool,Andrew Robertson,Left-Back
2017/18,Liverpool,Ben Woodburn,Attacking Midfield
2017/18,Liverpool,Connor Randall,Right-Back
2017/18,Liverpool,Conor Masterson,Centre-Back
2017/18,Liverpool,Curtis Jones,Central Midfield
2017/18,Liverpool,Daniel Sturridge,Centre-Forward
2017/18,Liverpool,Danny Ings,Centre-Forward
2017/18,Liverpool,Danny Ward,Goalkeeper
2017/18,Liverpool,Dejan Lovren,Centre-Back
2017/18,Liverpool,Divock Origi,Centre-Forward
2017/18,Liverpool,Dominic Solanke,Centre-Forward
2017/18,Liverpool,Emre Can,Centre-Back
2017/18,Liverpool,Georginio Wijnaldum,Central Midfield
2017/18,Liverpool,James Milner,Central Midfield
2017/18,Liverpool,Joe Gomez,Centre-Back
2017/18,Liverpool,Jon Flanagan,Right-Back
2017/18,Liverpool,Jordan Henderson,Defensive Midfield
2017/18,Liverpool,Joël Matip,Centre-Back
2017/18,Liverpool,Lazar Markovic,Right Winger
2017/18,Liverpool,Loris Karius,Goalkeeper
2017/18,Liverpool,Marko Grujić,Defensive Midfield
2017/18,Liverpool,Mohamed Salah,Right Winger
2017/18,Liverpool,Nathaniel Clyne,Right-Back
2017/18,Liverpool,Philippe Coutinho,Attacking Midfield
2017/18,Liverpool,Ragnar Klavan,Centre-Back
2017/18,Liverpool,Roberto Firmino,Centre-Forward
2017/18,Liverpool,Sadio Mané,Left Winger
2017/18,Liverpool,Sheyi Ojo,Right Winger
2017/18,Liverpool,Simon Mignolet,Goalkeeper
2017/18,Liverpool,Trent Alexander-Arnold,Right-Back
2017/18,Liverpool,Virgil van Dijk,Centre-Back
2017/18,Liverpool,Ádám Bogdán,Goalkeeper
2017/18,Man City,Angus Gunn,Goalkeeper
2017/18,Man City,Aymeric Laporte,Centre-Back
2017/18,Man City,Benjamin Mendy,Left-Back
2017/18,Man City,Bernardo Silva,Attacking Midfield
2017/18,Man City,Brahim Díaz,Right Winger
2017/18,Man City,Claudio Bravo,Goalkeeper
2017/18,Man City,Danilo,Centre-Back
2017/18,Man City,David Silva,Attacking Midfield
2017/18,Man City,Demeaco Duhaney,Right-Back
2017/18,Man City,Ederson,Goalkeeper
2017/18,Man City,Eliaquim Mangala,Centre-Back
2017/18,Man City,Fabian Delph,Central Midfield
2017/18,Man City,Fernandinho,Defensive Midfield
2017/18,Man City,Gabriel Jesus,Centre-Forward
2017/18,Man City,Jack Harrison,Left Winger
2017/18,Man City,Joe Hart,Goalkeeper
2017/18,Man City,John Stones,Centre-Back
2017/18,Man City,Kevin De Bruyne,Attacking Midfield
2017/18,Man City,Kyle Walker,Right-Back
2017/18,Man City,Leroy Sané,Right Winger
2017/18,Man City,Lukas Nmecha,Centre-Forward
2017/18,Man City,Nicolás Otamendi,Centre-Back
2017/18,Man City,Oleksandr Zinchenko,Left-Back
2017/18,Man City,Patrick Roberts,Right Winger
2017/18,Man City,Phil Foden,Attacking Midfield
2017/18,Man City,Raheem Sterling,Right Winger
2017/18,Man City,Sergio Agüero,Centre-Forward
2017/18,Man City,Tom Dele-Bashiru,Defensive Midfield
2017/18,Man City,Tosin Adarabioyo,Centre-Back
2017/18,Man City,Vincent Kompany,Centre-Back
2017/18,Man City,Yaya Touré,Central Midfield
2017/18,Man City,İlkay Gündoğan,Central Midfield
2017/18,Man United,Alexis Sánchez,Second Striker
2017/18,Man United,Ander Herrera,Central Midfield
2017/18,Man United,Angel Gomes,Attacking Midfield
2017/18,Man United,Anthony Martial,Centre-Forward
2017/18,Man United,Antonio Valencia,Right-Back
2017/18,Man United,Ashley Young,Right-Back
2017/18,Man United,Axel Tuanzebe,Centre-Back
2017/18,Man United,Cameron Borthwick-Jackson,Left-Back
2017/18,Man United,Chris Smalling,Centre-Back
2017/18,Man United,Daley Blind,Centre-Back
2017/18,Man United,David de Gea,Goalkeeper
2017/18,Man United,Eric Bailly,Centre-Back
2017/18,Man United,Ethan Hamilton,Central Midfield
2017/18,Man United,Henrikh Mkhitaryan,Central Midfield
2017/18,Man United,James Wilson,Centre-Forward
2017/18,Man United,Jesse Lingard,Attacking Midfield
2017/18,Man United,Joel Pereira,Goalkeeper
2017/18,Man United,Juan Mata,Attacking Midfield
2017/18,Man United,Luke Shaw,Left-Back
2017/18,Man United,Marcos Rojo,Centre-Back
2017/18,Man United,Marcus Rashford,Left Winger
2017/18,Man United,Marouane Fellaini,Central Midfield
2017/18,Man United,Matteo Darmian,Right-Back
2017/18,Man United,Michael Carrick,Defensive Midfield
2017/18,Man United,Nemanja Matić,Defensive Midfield
2017/18,Man United,Paul Pogba,Central Midfield
2017/18,Man United,Phil Jones,Centre-Back
2017/18,Man United,Romelu Lukaku,Centre-Forward
2017/18,Man United,Sam Johnstone,Goalkeeper
2017/18,Man United,Scott McTominay,Central Midfield
2017/18,Man United,Sergio Romero,Goalkeeper
2017/18,Man United,Timothy Fosu-Mensah,Right-Back
2017/18,Man United,Victor Lindelöf,Centre-Back
2017/18,Man United,Wayne Rooney,Centre-Forward
2017/18,Man United,Zlatan Ibrahimović,Centre-Forward
2017/18,Newcastle,Achraf Lazaar,Left Midfield
2017/18,Newcastle,Adam Armstrong,Centre-Forward
2017/18,Newcastle,Aleksandar Mitrović,Centre-Forward
2017/18,Newcastle,Ayoze Pérez,Centre-Forward
2017/18,Newcastle,Chancel Mbemba,Centre-Back
2017/18,Newcastle,Christian Atsu,Left Winger
2017/18,Newcastle,Ciaran Clark,Centre-Back
2017/18,Newcastle,Curtis Good,Centre-Back
2017/18,Newcastle,Dan Barlaser,Defensive Midfield
2017/18,Newcastle,DeAndre Yedlin,Right-Back
2017/18,Newcastle,Dwight Gayle,Centre-Forward
2017/18,Newcastle,Florian Lejeune,Centre-Back
2017/18,Newcastle,Freddie Woodman,Goalkeeper
2017/18,Newcastle,Grant Hanley,Centre-Back
2017/18,Newcastle,Henri Saivet,Central Midfield
2017/18,Newcastle,Isaac Hayden,Defensive Midfield
2017/18,Newcastle,Islam Slimani,Centre-Forward
2017/18,Newcastle,Ivan Toney,Centre-Forward
2017/18,Newcastle,Jack Colback,Defensive Midfield
2017/18,Newcastle,Jacob Murphy,Right Winger
2017/18,Newcastle,Jamaal Lascelles,Centre-Back
2017/18,Newcastle,Jamie Sterry,Right-Back
2017/18,Newcastle,Javier Manquillo,Right-Back
2017/18,Newcastle,Jesús Gámez,Right-Back
2017/18,Newcastle,Jonjo Shelvey,Central Midfield
2017/18,Newcastle,Joselu,Centre-Forward
2017/18,Newcastle,Karl Darlow,Goalkeeper
2017/18,Newcastle,Kenedy,Left Winger
2017/18,Newcastle,Martin Dúbravka,Goalkeeper
2017/18,Newcastle,Massadio Haïdara,Left-Back
2017/18,Newcastle,Matt Ritchie,Right Midfield
2017/18,Newcastle,Mikel Merino,Central Midfield
2017/18,Newcastle,Mohamed Diamé,Central Midfield
2017/18,Newcastle,Paul Dummett,Left-Back
2017/18,Newcastle,Rob Elliot,Goalkeeper
2017/18,Newcastle,Rolando Aarons,Left Winger
2017/18,Newcastle,Stuart Findlay,Centre-Back
2017/18,Southampton,Alex McCarthy,Goalkeeper
2017/18,Southampton,Charlie Austin,Centre-Forward
2017/18,Southampton,Cédric Soares,Right-Back
2017/18,Southampton,Dušan Tadić,Right Winger
2017/18,Southampton,Fraser Forster,Goalkeeper
2017/18,Southampton,Guido Carrillo,Centre-Forward
2017/18,Southampton,Harrison Reed,Central Midfield
2017/18,Southampton,Jack Stephens,Centre-Back
2017/18,Southampton,James Ward-Prowse,Central Midfield
2017/18,Southampton,Jan Bednarek,Centre-Back
2017/18,Southampton,Josh Sims,Right Winger
2017/18,Southampton,Jérémy Pied,Right-Back
2017/18,Southampton,Manolo Gabbiadini,Centre-Forward
2017/18,Southampton,Mario Lemina,Defensive Midfield
2017/18,Southampton,Matt Targett,Left-Back
2017/18,Southampton,Maya Yoshida,Centre-Back
2017/18,Southampton,Michael Obafemi,Centre-Forward
2017/18,Southampton,Nathan Redmond,Right Winger
2017/18,Southampton,Oriol Romeu,Defensive Midfield
2017/18,Southampton,Pierre-Emile Højbjerg,Defensive Midfield
2017/18,Southampton,Ryan Bertrand,Left-Back
2017/18,Southampton,Sam Gallagher,Centre-Forward
2017/18,Southampton,Sam McQueen,Left-Back
2017/18,Southampton,Shane Long,Centre-Forward
2017/18,Southampton,Sofiane Boufal,Attacking Midfield
2017/18,Southampton,Steven Davis,Central Midfield
2017/18,Southampton,Stuart Taylor,Goalkeeper
2017/18,Southampton,Virgil van Dijk,Centre-Back
2017/18,Southampton,Wesley Hoedt,Centre-Back
2017/18,Stoke,Badou Ndiaye,Defensive Midfield
2017/18,Stoke,Bojan Krkic,Second Striker
2017/18,Stoke,Bruno Martins Indi,Centre-Back
2017/18,Stoke,Charlie Adam,Central Midfield
2017/18,Stoke,Darren Fletcher,Central Midfield
2017/18,Stoke,Eric-Maxim Choupo-Moting,Centre-Forward
2017/18,Stoke,Erik Pieters,Left-Back
2017/18,Stoke,Geoff Cameron,Centre-Back
2017/18,Stoke,Glen Johnson,Right-Back
2017/18,Stoke,Harry Souttar,Centre-Back
2017/18,Stoke,Ibrahim Afellay,Attacking Midfield
2017/18,Stoke,Jack Butland,Goalkeeper
2017/18,Stoke,Jakob Haugaard,Goalkeeper
2017/18,Stoke,Jesé,Left Winger
2017/18,Stoke,Joe Allen,Central Midfield
2017/18,Stoke,Josh Tymon,Left-Back
2017/18,Stoke,Julien Ngoy,Centre-Forward
2017/18,Stoke,Kevin Wimmer,Centre-Back
2017/18,Stoke,Konstantinos Stafylidis,Left-Back
2017/18,Stoke,Kurt Zouma,Centre-Back
2017/18,Stoke,Lasse Sørensen,Right-Back
2017/18,Stoke,Lee Grant,Goalkeeper
2017/18,Stoke,Mame Diouf,Centre-Forward
2017/18,Stoke,Moritz Bauer,Right-Back
2017/18,Stoke,Peter Crouch,Centre-Forward
2017/18,Stoke,Philipp Wollscheid,Centre-Back
2017/18,Stoke,Ramadan Sobhi,Attacking Midfield
2017/18,Stoke,Ryan Shawcross,Centre-Back
2017/18,Stoke,Ryan Sweeney,Centre-Back
2017/18,Stoke,Saido Berahino,Centre-Forward
2017/18,Stoke,Stephen Ireland,Attacking Midfield
2017/18,Stoke,Thibaud Verlinden,Left Winger
2017/18,Stoke,Tom Edwards,Right-Back
2017/18,Stoke,Tyrese Campbell,Centre-Forward
2017/18,Stoke,Xherdan Shaqiri,Attacking Midfield
2017/18,Swansea,Adam King,Central Midfield
2017/18,Swansea,Adnan Maric,Defensive Midfield
2017/18,Swansea,Alfie Mawson,Centre-Back
2017/18,Swansea,André Ayew,Centre-Forward
2017/18,Swansea,Andy King,Central Midfield
2017/18,Swansea,Connor Roberts,Right-Back
2017/18,Swansea,Courtney Baker-Richardson,Centre-Forward
2017/18,Swansea,Daniel James,Right Winger
2017/18,Swansea,Erwin Mulder,Goalkeeper
2017/18,Swansea,Federico Fernández,Centre-Back
2017/18,Swansea,George Byers,Central Midfield
2017/18,Swansea,Jay Fulton,Central Midfield
2017/18,Swansea,Joe Rodon,Centre-Back
2017/18,Swansea,Jordan Ayew,Centre-Forward
2017/18,Swansea,Kenji Gorré,Left Winger
2017/18,Swansea,Kristoffer Nordfeldt,Goalkeeper
2017/18,Swansea,Kyle Bartley,Centre-Back
2017/18,Swansea,Kyle Naughton,Right-Back
2017/18,Swansea,Leon Britton,Central Midfield
2017/18,Swansea,Leroy Fer,Defensive Midfield
2017/18,Swansea,Luciano Narsingh,Right Winger
2017/18,Swansea,Lukasz Fabianski,Goalkeeper
2017/18,Swansea,Martin Olsson,Left-Back
2017/18,Swansea,Matt Grimes,Defensive Midfield
2017/18,Swansea,Mike van der Hoorn,Centre-Back
2017/18,Swansea,Nathan Dyer,Right Winger
2017/18,Swansea,Oli McBurnie,Centre-Forward
2017/18,Swansea,Renato Sanches,Central Midfield
2017/18,Swansea,Roque Mesa,Central Midfield
2017/18,Swansea,Sam Clucas,Central Midfield
2017/18,Swansea,Sung-yueng Ki,Defensive Midfield
2017/18,Swansea,Tammy Abraham,Centre-Forward
2017/18,Swansea,Tom Carroll,Central Midfield
2017/18,Swansea,Wayne Routledge,Left Winger
2017/18,Swansea,Wilfried Bony,Centre-Forward
2017/18,Swansea,Ángel Rangel,Right-Back
2017/18,Tottenham,Alfie Whiteman,Goalkeeper
2017/18,Tottenham,Anthony Georgiou,Left Midfield
2017/18,Tottenham,Ben Davies,Centre-Back
2017/18,Tottenham,Cameron Carter-Vickers,Centre-Back
2017/18,Tottenham,Christian Eriksen,Attacking Midfield
2017/18,Tottenham,Danny Rose,Left-Back
2017/18,Tottenham,Davinson Sánchez,Centre-Back
2017/18,Tottenham,Dele Alli,Attacking Midfield
2017/18,Tottenham,Eric Dier,Centre-Back
2017/18,Tottenham,Erik Lamela,Right Winger
2017/18,Tottenham,Fernando Llorente,Centre-Forward
2017/18,Tottenham,Georges-Kevin N'Koudou,Left Winger
2017/18,Tottenham,Harry Kane,Centre-Forward
2017/18,Tottenham,Harry Winks,Defensive Midfield
2017/18,Tottenham,Heung-min Son,Left Winger
2017/18,Tottenham,Hugo Lloris,Goalkeeper
2017/18,Tottenham,Jan Vertonghen,Centre-Back
2017/18,Tottenham,Josh Onomah,Central Midfield
2017/18,Tottenham,Juan Foyth,Centre-Back
2017/18,Tottenham,Kazaiah Sterling,Centre-Forward
2017/18,Tottenham,Kevin Wimmer,Centre-Back
2017/18,Tottenham,Kieran Trippier,Right-Back
2017/18,Tottenham,Kyle Walker-Peters,Right-Back
2017/18,Tottenham,Lucas Moura,Right Winger
2017/18,Tottenham,Luke Amos,Central Midfield
2017/18,Tottenham,Michel Vorm,Goalkeeper
2017/18,Tottenham,Mousa Dembélé,Central Midfield
2017/18,Tottenham,Moussa Sissoko,Central Midfield
2017/18,Tottenham,Paulo Gazzaniga,Goalkeeper
2017/18,Tottenham,Serge Aurier,Right-Back
2017/18,Tottenham,Tashan Oakley-Boothe,Central Midfield
2017/18,Tottenham,Toby Alderweireld,Centre-Back
2017/18,Tottenham,Victor Wanyama,Defensive Midfield
2017/18,Tottenham,Vincent Janssen,Centre-Forward
2017/18,Watford,Abdoulaye Doucouré,Attacking Midfield
2017/18,Watford,Adrian Mariappa,Centre-Back
2017/18,Watford,Andre Gray,Centre-Forward
2017/18,Watford,André Carrillo,Central Midfield
2017/18,Watford,Ben Watson,Central Midfield
2017/18,Watford,Carl Stewart,Central Midfield
2017/18,Watford,Christian Kabasele,Centre-Back
2017/18,Watford,Costel Pantilimon,Goalkeeper
2017/18,Watford,Craig Cathcart,Centre-Back
2017/18,Watford,Daniel Bachmann,Goalkeeper
2017/18,Watford,Daryl Janmaat,Right-Back
2017/18,Watford,Didier Ndong,Defensive Midfield
2017/18,Watford,Dodi Lukébakio,Right Winger
2017/18,Watford,Gerard Deulofeu,Centre-Forward
2017/18,Watford,Heurelho Gomes,Goalkeeper
2017/18,Watford,Isaac Success,Centre-Forward
2017/18,Watford,Jerome Sinclair,Centre-Forward
2017/18,Watford,Jose Cholevas,Left-Back
2017/18,Watford,Joy Mukena,Centre-Back
2017/18,Watford,Kiko Femenía,Right-Back
2017/18,Watford,Marvin Zeegelaar,Left-Back
2017/18,Watford,Michael Folivi,Centre-Forward
2017/18,Watford,Miguel Britos,Centre-Back
2017/18,Watford,Molla Wagué,Centre-Back
2017/18,Watford,Nathaniel Chalobah,Defensive Midfield
2017/18,Watford,Nordin Amrabat,Right Winger
2017/18,Watford,Orestis Karnezis,Goalkeeper
2017/18,Watford,Richarlison,Centre-Forward
2017/18,Watford,Roberto Pereyra,Central Midfield
2017/18,Watford,Sebastian Prödl,Centre-Back
2017/18,Watford,Stefano Okaka,Centre-Forward
2017/18,Watford,Tom Cleverley,Central Midfield
2017/18,Watford,Tommie Hoban,Centre-Back
2017/18,Watford,Troy Deeney,Centre-Forward
2017/18,Watford,Will Hughes,Central Midfield
2017/18,Watford,Younès Kaboul,Centre-Back
2017/18,Watford,Étienne Capoue,Defensive Midfield
2017/18,West Brom,Ahmed Hegazy,Centre-Back
2017/18,West Brom,Alex Palmer,Goalkeeper
2017/18,West Brom,Ali Gabr,Centre-Back
2017/18,West Brom,Allan Nyom,Right-Back
2017/18,West Brom,Ben Foster,Goalkeeper
2017/18,West Brom,Boaz Myhill,Goalkeeper
2017/18,West Brom,Chris Brunt,Central Midfield
2017/18,West Brom,Claudio Yacob,Defensive Midfield
2017/18,West Brom,Craig Dawson,Centre-Back
2017/18,West Brom,Daniel Sturridge,Centre-Forward
2017/18,West Brom,Gareth Barry,Defensive Midfield
2017/18,West Brom,Gareth McAuley,Centre-Back
2017/18,West Brom,Grzegorz Krychowiak,Defensive Midfield
2017/18,West Brom,Hal Robson-Kanu,Centre-Forward
2017/18,West Brom,Jake Livermore,Defensive Midfield
2017/18,West Brom,James McClean,Left Midfield
2017/18,West Brom,James Morrison,Central Midfield
2017/18,West Brom,Jay Rodríguez,Centre-Forward
2017/18,West Brom,Jonathan Leko,Right Winger
2017/18,West Brom,Jonny Evans,Centre-Back
2017/18,West Brom,Kane Wilson,Right-Back
2017/18,West Brom,Kieran Gibbs,Left-Back
2017/18,West Brom,Kyle Jameson,Centre-Back
2017/18,West Brom,Matt Phillips,Right Winger
2017/18,West Brom,Max Melbourne,Left-Back
2017/18,West Brom,Nacer Chadli,Left Winger
2017/18,West Brom,Nathan Ferguson,Centre-Back
2017/18,West Brom,Oliver Burke,Centre-Forward
2017/18,West Brom,Rayhaan Tulloch,Left Winger
2017/18,West Brom,Rekeem Harper,Central Midfield
2017/18,West Brom,Salomón Rondón,Centre-Forward
2017/18,West Brom,Sam Field,Defensive Midfield
2017/18,West Brom,Tyler Roberts,Second Striker
2017/18,West Ham,Aaron Cresswell,Left-Back
2017/18,West Ham,Adrián San Miguel,Goalkeeper
2017/18,West Ham,André Ayew,Centre-Forward
2017/18,West Ham,Andy Carroll,Centre-Forward
2017/18,West Ham,Angelo Ogbonna,Centre-Back
2017/18,West Ham,Arthur Masuaku,Left-Back
2017/18,West Ham,Ben Johnson,Right-Back
2017/18,West Ham,Cheikhou Kouyaté,Defensive Midfield
2017/18,West Ham,Chicharito,Centre-Forward
2017/18,West Ham,Declan Rice,Central Midfield
2017/18,West Ham,Diafra Sakho,Centre-Forward
2017/18,West Ham,Domingos Quina,Central Midfield
2017/18,West Ham,Edimilson Fernandes,Defensive Midfield
2017/18,West Ham,Grady Diangana,Right Winger
2017/18,West Ham,James Collins,Centre-Back
2017/18,West Ham,Joe Hart,Goalkeeper
2017/18,West Ham,Jordan Hugill,Centre-Forward
2017/18,West Ham,Josh Cullen,Central Midfield
2017/18,West Ham,Josh Pask,Centre-Back
2017/18,West Ham,José Fonte,Centre-Back
2017/18,West Ham,João Mário,Attacking Midfield
2017/18,West Ham,Manuel Lanzini,Attacking Midfield
2017/18,West Ham,Marcus Browne,Left Winger
2017/18,West Ham,Mark Noble,Central Midfield
2017/18,West Ham,Marko Arnautovic,Centre-Forward
2017/18,West Ham,Martin Samuelsen,Left Winger
2017/18,West Ham,Michail Antonio,Centre-Forward
2017/18,West Ham,Moses Makasi,Central Midfield
2017/18,West Ham,Nathan Holland,Left Winger
2017/18,West Ham,Nathan Trott,Goalkeeper
2017/18,West Ham,Pablo Zabaleta,Right-Back
2017/18,West Ham,Patrice Evra,Left-Back
2017/18,West Ham,Pedro Obiang,Central Midfield
2017/18,West Ham,Reece Burke,Centre-Back
2017/18,West Ham,Reece Oxford,Centre-Back
2017/18,West Ham,Robert Snodgrass,Right Winger
2017/18,West Ham,Sam Byram,Left-Back
2017/18,West Ham,Sead Haksabanovic,Left Winger
2017/18,West Ham,Sofiane Feghouli,Attacking Midfield
2017/18,West Ham,Toni Martínez,Centre-Forward
2017/18,West Ham,Vashon Neufville,Left-Back
2017/18,West Ham,Winston Reid,Centre-Back
2018/19,AFC Bournemouth,Aaron Ramsdale,Goalkeeper
2018/19,AFC Bournemouth,Adam Smith,Right-Back
2018/19,AFC Bournemouth,Alexandru Dobre,Right Winger
2018/19,AFC Bournemouth,Andrew Surman,Central Midfield
2018/19,AFC Bournemouth,Artur Boruc,Goalkeeper
2018/19,AFC Bournemouth,Asmir Begovic,Goalkeeper
2018/19,AFC Bournemouth,Brad Smith,Left-Back
2018/19,AFC Bournemouth,Callum Wilson,Centre-Forward
2018/19,AFC Bournemouth,Charlie Daniels,Left-Back
2018/19,AFC Bournemouth,Chris Mepham,Centre-Back
2018/19,AFC Bournemouth,Connor Mahoney,Right Winger
2018/19,AFC Bournemouth,Dan Gosling,Central Midfield
2018/19,AFC Bournemouth,David Brooks,Right Winger
2018/19,AFC Bournemouth,Diego Rico,Left-Back
2018/19,AFC Bournemouth,Dominic Solanke,Centre-Forward
2018/19,AFC Bournemouth,Emerson Hyndman,Central Midfield
2018/19,AFC Bournemouth,Harry Arter,Central Midfield
2018/19,AFC Bournemouth,Jack Simpson,Centre-Back
2018/19,AFC Bournemouth,Jefferson Lerma,Defensive Midfield
2018/19,AFC Bournemouth,Jermain Defoe,Centre-Forward
2018/19,AFC Bournemouth,Jordon Ibe,Right Winger
2018/19,AFC Bournemouth,Joshua King,Centre-Forward
2018/19,AFC Bournemouth,Junior Stanislas,Left Winger
2018/19,AFC Bournemouth,Kyle Taylor,Central Midfield
2018/19,AFC Bournemouth,Lewis Cook,Central Midfield
2018/19,AFC Bournemouth,Lys Mousset,Centre-Forward
2018/19,AFC Bournemouth,Marc Pugh,Left Winger
2018/19,AFC Bournemouth,Mark Travers,Goalkeeper
2018/19,AFC Bournemouth,Matt Butcher,Defensive Midfield
2018/19,AFC Bournemouth,Nathan Aké,Centre-Back
2018/19,AFC Bournemouth,Nathaniel Clyne,Right-Back
2018/19,AFC Bournemouth,Nnamdi Ofoborh,Central Midfield
2018/19,AFC Bournemouth,Ryan Fraser,Left Winger
2018/19,AFC Bournemouth,Sam Surridge,Centre-Forward
2018/19,AFC Bournemouth,Simon Francis,Right-Back
2018/19,AFC Bournemouth,Steve Cook,Centre-Back
2018/19,AFC Bournemouth,Tyrone Mings,Centre-Back
2018/19,Arsenal,Aaron Ramsey,Central Midfield
2018/19,Arsenal,Ainsley Maitland-Niles,Right-Back
2018/19,Arsenal,Alex Iwobi,Left Winger
2018/19,Arsenal,Alexandre Lacazette,Centre-Forward
2018/19,Arsenal,Bernd Leno,Goalkeeper
2018/19,Arsenal,Bukayo Saka,Right Winger
2018/19,Arsenal,Calum Chambers,Centre-Back
2018/19,Arsenal,Carl Jenkinson,Right-Back
2018/19,Arsenal,Charlie Gilmour,Defensive Midfield
2018/19,Arsenal,Danny Welbeck,Centre-Forward
2018/19,Arsenal,David Ospina,Goalkeeper
2018/19,Arsenal,Dejan Iliev,Goalkeeper
2018/19,Arsenal,Denis Suárez,Attacking Midfield
2018/19,Arsenal,Eddie Nketiah,Centre-Forward
2018/19,Arsenal,Emile Smith Rowe,Attacking Midfield
2018/19,Arsenal,Emiliano Martínez,Goalkeeper
2018/19,Arsenal,Granit Xhaka,Defensive Midfield
2018/19,Arsenal,Henrikh Mkhitaryan,Central Midfield
2018/19,Arsenal,Héctor Bellerín,Right-Back
2018/19,Arsenal,Joe Willock,Central Midfield
2018/19,Arsenal,Jordi Osei-Tutu,Right-Back
2018/19,Arsenal,Julio Pleguezuelo,Centre-Back
2018/19,Arsenal,Konstantinos Mavropanos,Centre-Back
2018/19,Arsenal,Krystian Bielik,Centre-Back
2018/19,Arsenal,Laurent Koscielny,Centre-Back
2018/19,Arsenal,Lucas Torreira,Defensive Midfield
2018/19,Arsenal,Matt Macey,Goalkeeper
2018/19,Arsenal,Mattéo Guendouzi,Central Midfield
2018/19,Arsenal,Mesut Özil,Attacking Midfield
2018/19,Arsenal,Mohamed Elneny,Defensive Midfield
2018/19,Arsenal,Nacho Monreal,Left-Back
2018/19,Arsenal,Petr Cech,Goalkeeper
2018/19,Arsenal,Pierre-Emerick Aubameyang,Centre-Forward
2018/19,Arsenal,Reiss Nelson,Left Winger
2018/19,Arsenal,Rob Holding,Centre-Back
2018/19,Arsenal,Sead Kolasinac,Centre-Back
2018/19,Arsenal,Shkodran Mustafi,Centre-Back
2018/19,Arsenal,Sokratis Papastathopoulos,Centre-Back
2018/19,Arsenal,Stephan Lichtsteiner,Right-Back
2018/19,Arsenal,Takuma Asano,Right Winger
2018/19,Arsenal,Tyreece John-Jules,Centre-Forward
2018/19,Arsenal,Zech Medley,Centre-Back
2018/19,Brighton and Hove Albion,Aaron Connolly,Centre-Forward
2018/19,Brighton and Hove Albion,Alexis Mac Allister,Central Midfield
2018/19,Brighton and Hove Albion,Alireza Jahanbakhsh,Right Winger
2018/19,Brighton and Hove Albion,Anthony Knockaert,Right Winger
2018/19,Brighton and Hove Albion,Ben Barclay,Centre-Back
2018/19,Brighton and Hove Albion,Ben White,Right-Back
2018/19,Brighton and Hove Albion,Beram Kayal,Central Midfield
2018/19,Brighton and Hove Albion,Bernardo,Left-Back
2018/19,Brighton and Hove Albion,Bruno Saltor,Right-Back
2018/19,Brighton and Hove Albion,Christian Walton,Goalkeeper
2018/19,Brighton and Hove Albion,Dale Stephens,Central Midfield
2018/19,Brighton and Hove Albion,Dan Burn,Centre-Back
2018/19,Brighton and Hove Albion,David Button,Goalkeeper
2018/19,Brighton and Hove Albion,Davy Pröpper,Central Midfield
2018/19,Brighton and Hove Albion,Ezequiel Schelotto,Right Midfield
2018/19,Brighton and Hove Albion,Florin Andone,Centre-Forward
2018/19,Brighton and Hove Albion,Gaëtan Bong,Left-Back
2018/19,Brighton and Hove Albion,Glenn Murray,Centre-Forward
2018/19,Brighton and Hove Albion,Jan Mlakar,Centre-Forward
2018/19,Brighton and Hove Albion,Jason Steele,Goalkeeper
2018/19,Brighton and Hove Albion,Jayson Molumby,Central Midfield
2018/19,Brighton and Hove Albion,José Izquierdo,Left Winger
2018/19,Brighton and Hove Albion,Jürgen Locadia,Centre-Forward
2018/19,Brighton and Hove Albion,Leo Østigård,Centre-Back
2018/19,Brighton and Hove Albion,Leon Balogun,Centre-Back
2018/19,Brighton and Hove Albion,Lewis Dunk,Centre-Back
2018/19,Brighton and Hove Albion,Markus Suttner,Left-Back
2018/19,Brighton and Hove Albion,Martín Montoya,Right-Back
2018/19,Brighton and Hove Albion,Mathew Ryan,Goalkeeper
2018/19,Brighton and Hove Albion,Max Sanders,Central Midfield
2018/19,Brighton and Hove Albion,Pascal Groß,Central Midfield
2018/19,Brighton and Hove Albion,Percy Tau,Right Winger
2018/19,Brighton and Hove Albion,Richie Towell,Attacking Midfield
2018/19,Brighton and Hove Albion,Robert Sánchez,Goalkeeper
2018/19,Brighton and Hove Albion,Shane Duffy,Centre-Back
2018/19,Brighton and Hove Albion,Solly March,Right Winger
2018/19,Brighton and Hove Albion,Tomer Hemed,Centre-Forward
2018/19,Brighton and Hove Albion,Tudor Băluță,Defensive Midfield
2018/19,Brighton and Hove Albion,Viktor Gyökeres,Centre-Forward
2018/19,Brighton and Hove Albion,Will Collar,Central Midfield
2018/19,Brighton and Hove Albion,Yves Bissouma,Defensive Midfield
2018/19,Burnley FC,Aaron Lennon,Right Winger
2018/19,Burnley FC,Adam Legzdins,Goalkeeper
2018/19,Burnley FC,Aiden O'Neill,Defensive Midfield
2018/19,Burnley FC,Ali Koiki,Left-Back
2018/19,Burnley FC,Anders Lindegaard,Goalkeeper
2018/19,Burnley FC,Anthony Glennon,Left-Back
2018/19,Burnley FC,Ashley Barnes,Centre-Forward
2018/19,Burnley FC,Ashley Westwood,Defensive Midfield
2018/19,Burnley FC,Ben Gibson,Centre-Back
2018/19,Burnley FC,Ben Mee,Centre-Back
2018/19,Burnley FC,Charlie Taylor,Left-Back
2018/19,Burnley FC,Chris Wood,Centre-Forward
2018/19,Burnley FC,Dwight McNeil,Left Winger
2018/19,Burnley FC,Jack Cork,Defensive Midfield
2018/19,Burnley FC,James Tarkowski,Centre-Back
2018/19,Burnley FC,Jeff Hendrick,Central Midfield
2018/19,Burnley FC,Joe Hart,Goalkeeper
2018/19,Burnley FC,Jonathan Walters,Right Winger
2018/19,Burnley FC,Josh Benson,Central Midfield
2018/19,Burnley FC,Jóhann Berg Gudmundsson,Right Winger
2018/19,Burnley FC,Kevin Long,Centre-Back
2018/19,Burnley FC,Matej Vydra,Centre-Forward
2018/19,Burnley FC,Matthew Lowton,Right-Back
2018/19,Burnley FC,Nahki Wells,Centre-Forward
2018/19,Burnley FC,Nick Pope,Goalkeeper
2018/19,Burnley FC,Ntumba Massanka,Centre-Forward
2018/19,Burnley FC,Peter Crouch,Centre-Forward
2018/19,Burnley FC,Phil Bardsley,Right-Back
2018/19,Burnley FC,Robbie Brady,Left Midfield
2018/19,Burnley FC,Sam Vokes,Centre-Forward
2018/19,Burnley FC,Stephen Ward,Left-Back
2018/19,Burnley FC,Steven Defour,Defensive Midfield
2018/19,Burnley FC,Tom Heaton,Goalkeeper
2018/19,Cardiff,Alex Smithies,Goalkeeper
2018/19,Cardiff,Aron Gunnarsson,Defensive Midfield
2018/19,Cardiff,Bobby De Cordova-Reid,Attacking Midfield
2018/19,Cardiff,Brian Murphy,Goalkeeper
2018/19,Cardiff,Bruno Ecuele Manga,Centre-Back
2018/19,Cardiff,Callum Paterson,Centre-Forward
2018/19,Cardiff,Cameron Coxe,Right-Back
2018/19,Cardiff,Ciaron Brown,Centre-Back
2018/19,Cardiff,Danny Ward,Centre-Forward
2018/19,Cardiff,Gary Madine,Centre-Forward
2018/19,Cardiff,Greg Cunningham,Centre-Back
2018/19,Cardiff,Harry Arter,Central Midfield
2018/19,Cardiff,Jack McKay,Centre-Forward
2018/19,Cardiff,Jazz Richards,Right-Back
2018/19,Cardiff,Joe Bennett,Left-Back
2018/19,Cardiff,Joe Ralls,Central Midfield
2018/19,Cardiff,Josh Murphy,Left Winger
2018/19,Cardiff,Junior Hoilett,Left Winger
2018/19,Cardiff,Kadeem Harris,Left Midfield
2018/19,Cardiff,Kenneth Zohore,Centre-Forward
2018/19,Cardiff,Leandro Bacuna,Central Midfield
2018/19,Cardiff,Lee Peltier,Right-Back
2018/19,Cardiff,Lee Tomlin,Second Striker
2018/19,Cardiff,Lloyd Humphries,Central Midfield
2018/19,Cardiff,Loïc Damour,Central Midfield
2018/19,Cardiff,Matthew Connolly,Centre-Back
2018/19,Cardiff,Nathaniel Méndez-Laing,Right Winger
2018/19,Cardiff,Neil Etheridge,Goalkeeper
2018/19,Cardiff,Omar Bogle,Centre-Forward
2018/19,Cardiff,Oumar Niasse,Centre-Forward
2018/19,Cardiff,Rhys Healey,Centre-Forward
2018/19,Cardiff,Sean Morrison,Centre-Back
2018/19,Cardiff,Sol Bamba,Centre-Back
2018/19,Cardiff,Stuart O'Keefe,Central Midfield
2018/19,Cardiff,Víctor Camarasa,Central Midfield
2018/19,Chelsea,Abdul Rahman Baba,Left-Back
2018/19,Chelsea,Andreas Christensen,Centre-Back
2018/19,Chelsea,Antonio Rüdiger,Centre-Back
2018/19,Chelsea,Callum Hudson-Odoi,Left Winger
2018/19,Chelsea,Cesc Fàbregas,Central Midfield
2018/19,Chelsea,Charly Musonda Jr.,Left Winger
2018/19,Chelsea,Christian Pulisic,Right Winger
2018/19,Chelsea,Conor Gallagher,Central Midfield
2018/19,Chelsea,César Azpilicueta,Centre-Back
2018/19,Chelsea,Danilo Pantic,Attacking Midfield
2018/19,Chelsea,Danny Drinkwater,Central Midfield
2018/19,Chelsea,David Luiz,Centre-Back
2018/19,Chelsea,Davide Zappacosta,Right Midfield
2018/19,Chelsea,Eden Hazard,Left Winger
2018/19,Chelsea,Eduardo,Goalkeeper
2018/19,Chelsea,Emerson,Left-Back
2018/19,Chelsea,Ethan Ampadu,Defensive Midfield
2018/19,Chelsea,Gary Cahill,Centre-Back
2018/19,Chelsea,George McEachran,Central Midfield
2018/19,Chelsea,Gonzalo Higuaín,Centre-Forward
2018/19,Chelsea,Jamal Blackman,Goalkeeper
2018/19,Chelsea,Jamie Cumming,Goalkeeper
2018/19,Chelsea,Jorginho,Defensive Midfield
2018/19,Chelsea,Kenedy,Left Winger
2018/19,Chelsea,Kenneth Omeruo,Centre-Back
2018/19,Chelsea,Kepa Arrizabalaga,Goalkeeper
2018/19,Chelsea,Kurt Zouma,Centre-Back
2018/19,Chelsea,Lewis Baker,Central Midfield
2018/19,Chelsea,Lucas Piazón,Attacking Midfield
2018/19,Chelsea,Marc Guéhi,Centre-Back
2018/19,Chelsea,Marcin Bulka,Goalkeeper
2018/19,Chelsea,Marco van Ginkel,Central Midfield
2018/19,Chelsea,Marcos Alonso,Centre-Back
2018/19,Chelsea,Mario Pašalić,Central Midfield
2018/19,Chelsea,Mateo Kovacic,Central Midfield
2018/19,Chelsea,Matt Miazga,Centre-Back
2018/19,Chelsea,Michael Hector,Centre-Back
2018/19,Chelsea,Michy Batshuayi,Centre-Forward
2018/19,Chelsea,N'Golo Kanté,Defensive Midfield
2018/19,Chelsea,Nathan,Attacking Midfield
2018/19,Chelsea,Ola Aina,Right-Back
2018/19,Chelsea,Olivier Giroud,Centre-Forward
2018/19,Chelsea,Pedro,Right Winger
2018/19,Chelsea,Rob Green,Goalkeeper
2018/19,Chelsea,Ross Barkley,Central Midfield
2018/19,Chelsea,Ruben Loftus-Cheek,Central Midfield
2018/19,Chelsea,Tammy Abraham,Centre-Forward
2018/19,Chelsea,Tiemoué Bakayoko,Defensive Midfield
2018/19,Chelsea,Todd Kane,Right-Back
2018/19,Chelsea,Tomas Kalas,Centre-Back
2018/19,Chelsea,Victor Moses,Right Winger
2018/19,Chelsea,Willian,Left Winger
2018/19,Chelsea,Willy Caballero,Goalkeeper
2018/19,Chelsea,Álvaro Morata,Centre-Forward
2018/19,Crystal Palace,Aaron Wan-Bissaka,Right-Back
2018/19,Crystal Palace,Alexander Sørloth,Centre-Forward
2018/19,Crystal Palace,Andros Townsend,Right Winger
2018/19,Crystal Palace,Bakary Sako,Left Winger
2018/19,Crystal Palace,Cheikhou Kouyaté,Defensive Midfield
2018/19,Crystal Palace,Christian Benteke,Centre-Forward
2018/19,Crystal Palace,Connor Wickham,Centre-Forward
2018/19,Crystal Palace,Dion Henry,Goalkeeper
2018/19,Crystal Palace,Giovanni McGregor,Attacking Midfield
2018/19,Crystal Palace,James McArthur,Central Midfield
2018/19,Crystal Palace,James Tomkins,Centre-Back
2018/19,Crystal Palace,Jason Lokilo,Right Winger
2018/19,Crystal Palace,Jason Puncheon,Central Midfield
2018/19,Crystal Palace,Jaïro Riedewald,Defensive Midfield
2018/19,Crystal Palace,Jeffrey Schlupp,Left Midfield
2018/19,Crystal Palace,Joe Tupper,Goalkeeper
2018/19,Crystal Palace,Joel Ward,Right-Back
2018/19,Crystal Palace,Jonny Williams,Attacking Midfield
2018/19,Crystal Palace,Jordan Ayew,Centre-Forward
2018/19,Crystal Palace,Julián Speroni,Goalkeeper
2018/19,Crystal Palace,Luka Milivojevic,Defensive Midfield
2018/19,Crystal Palace,Luke Dreher,Central Midfield
2018/19,Crystal Palace,Mamadou Sakho,Centre-Back
2018/19,Crystal Palace,Martin Kelly,Right-Back
2018/19,Crystal Palace,Max Meyer,Central Midfield
2018/19,Crystal Palace,Michy Batshuayi,Centre-Forward
2018/19,Crystal Palace,Nya Kirby,Central Midfield
2018/19,Crystal Palace,Pape Souaré,Left-Back
2018/19,Crystal Palace,Patrick van Aanholt,Left-Back
2018/19,Crystal Palace,Ryan Inniss,Centre-Back
2018/19,Crystal Palace,Sam Woods,Centre-Back
2018/19,Crystal Palace,Scott Dann,Centre-Back
2018/19,Crystal Palace,Sullay Kaikai,Left Winger
2018/19,Crystal Palace,Vicente Guaita,Goalkeeper
2018/19,Crystal Palace,Wayne Hennessey,Goalkeeper
2018/19,Crystal Palace,Wilfried Zaha,Left Winger
2018/19,Everton,Ademola Lookman,Left Winger
2018/19,Everton,André Gomes,Central Midfield
2018/19,Everton,Ashley Williams,Centre-Back
2018/19,Everton,Beni Baningime,Defensive Midfield
2018/19,Everton,Bernard,Left Winger
2018/19,Everton,Brendan Galloway,Centre-Back
2018/19,Everton,Cenk Tosun,Centre-Forward
2018/19,Everton,Cuco Martina,Centre-Back
2018/19,Everton,Dominic Calvert-Lewin,Centre-Forward
2018/19,Everton,Gylfi Sigurdsson,Attacking Midfield
2018/19,Everton,Henry Onyekuru,Left Winger
2018/19,Everton,Idrissa Gueye,Defensive Midfield
2018/19,Everton,James McCarthy,Central Midfield
2018/19,Everton,Jonjoe Kenny,Right-Back
2018/19,Everton,Jordan Pickford,Goalkeeper
2018/19,Everton,João Virgínia,Goalkeeper
2018/19,Everton,Kevin Mirallas,Right Winger
2018/19,Everton,Kieran Dowell,Attacking Midfield
2018/19,Everton,Kurt Zouma,Centre-Back
2018/19,Everton,Leighton Baines,Left-Back
2018/19,Everton,Lucas Digne,Left-Back
2018/19,Everton,Luke Garbutt,Left-Back
2018/19,Everton,Maarten Stekelenburg,Goalkeeper
2018/19,Everton,Mason Holgate,Centre-Back
2018/19,Everton,Matthew Pennington,Centre-Back
2018/19,Everton,Michael Keane,Centre-Back
2018/19,Everton,Morgan Schneiderlin,Defensive Midfield
2018/19,Everton,Muhamed Besic,Defensive Midfield
2018/19,Everton,Nikola Vlašić,Attacking Midfield
2018/19,Everton,Oumar Niasse,Centre-Forward
2018/19,Everton,Phil Jagielka,Centre-Back
2018/19,Everton,Richarlison,Centre-Forward
2018/19,Everton,Sandro Ramírez,Centre-Forward
2018/19,Everton,Shani Tarashaj,Second Striker
2018/19,Everton,Séamus Coleman,Right-Back
2018/19,Everton,Theo Walcott,Right Winger
2018/19,Everton,Tom Davies,Central Midfield
2018/19,Everton,Tyias Browning,Centre-Back
2018/19,Everton,Yannick Bolasie,Centre-Forward
2018/19,Everton,Yerry Mina,Centre-Back
2018/19,Fulham,Aboubakar Kamara,Centre-Forward
2018/19,Fulham,Aleksandar Mitrović,Centre-Forward
2018/19,Fulham,Alfie Mawson,Centre-Back
2018/19,Fulham,André Schürrle,Left Winger
2018/19,Fulham,Calum Chambers,Centre-Back
2018/19,Fulham,Cyrus Christie,Right-Back
2018/19,Fulham,Denis Odoi,Centre-Back
2018/19,Fulham,Fabri,Goalkeeper
2018/19,Fulham,Floyd Ayité,Left Winger
2018/19,Fulham,Frank Anguissa,Central Midfield
2018/19,Fulham,Harvey Elliott,Attacking Midfield
2018/19,Fulham,Håvard Nordtveit,Defensive Midfield
2018/19,Fulham,Ibrahima Cissé,Defensive Midfield
2018/19,Fulham,Jean Michaël Seri,Defensive Midfield
2018/19,Fulham,Joe Bryan,Left-Back
2018/19,Fulham,Kevin McDonald,Defensive Midfield
2018/19,Fulham,Lazar Markovic,Right Winger
2018/19,Fulham,Luca de la Torre,Central Midfield
2018/19,Fulham,Luciano Vietto,Centre-Forward
2018/19,Fulham,Marcelo Djaló,Centre-Back
2018/19,Fulham,Marcus Bettinelli,Goalkeeper
2018/19,Fulham,Matt O'Riley,Central Midfield
2018/19,Fulham,Maxime Le Marchand,Centre-Back
2018/19,Fulham,Neeskens Kebano,Left Winger
2018/19,Fulham,Rui Fonte,Centre-Forward
2018/19,Fulham,Ryan Babel,Left Winger
2018/19,Fulham,Ryan Sessegnon,Left-Back
2018/19,Fulham,Sergio Rico,Goalkeeper
2018/19,Fulham,Stefan Johansen,Central Midfield
2018/19,Fulham,Steven Sessegnon,Right-Back
2018/19,Fulham,Tim Ream,Centre-Back
2018/19,Fulham,Timothy Fosu-Mensah,Right-Back
2018/19,Fulham,Tom Cairney,Central Midfield
2018/19,Huddersfield,Aaron Mooy,Central Midfield
2018/19,Huddersfield,Aaron Rowe,Right Midfield
2018/19,Huddersfield,Abdelhamid Sabiri,Attacking Midfield
2018/19,Huddersfield,Adama Diakhaby,Central Midfield
2018/19,Huddersfield,Alex Pritchard,Attacking Midfield
2018/19,Huddersfield,Ben Hamer,Goalkeeper
2018/19,Huddersfield,Chris Löwe,Left-Back
2018/19,Huddersfield,Christopher Schindler,Centre-Back
2018/19,Huddersfield,Collin Quaner,Centre-Forward
2018/19,Huddersfield,Danny Williams,Defensive Midfield
2018/19,Huddersfield,Demeaco Duhaney,Right-Back
2018/19,Huddersfield,Elias Kachunga,Centre-Forward
2018/19,Huddersfield,Erik Durm,Right-Back
2018/19,Huddersfield,Florent Hadergjonaj,Right Midfield
2018/19,Huddersfield,Isaac Mbenza,Right Winger
2018/19,Huddersfield,Jack Payne,Attacking Midfield
2018/19,Huddersfield,Jason Puncheon,Central Midfield
2018/19,Huddersfield,Joel Coleman,Goalkeeper
2018/19,Huddersfield,Jon Gorenc Stankovic,Defensive Midfield
2018/19,Huddersfield,Jonas Lössl,Goalkeeper
2018/19,Huddersfield,Jonathan Hogg,Defensive Midfield
2018/19,Huddersfield,Juninho Bacuna,Central Midfield
2018/19,Huddersfield,Karlan Grant,Centre-Forward
2018/19,Huddersfield,Laurent Depoitre,Centre-Forward
2018/19,Huddersfield,Matty Daly,Attacking Midfield
2018/19,Huddersfield,Philip Billing,Central Midfield
2018/19,Huddersfield,Rajiv van La Parra,Left Winger
2018/19,Huddersfield,Ramadan Sobhi,Attacking Midfield
2018/19,Huddersfield,Ryan Schofield,Goalkeeper
2018/19,Huddersfield,Steve Mounié,Centre-Forward
2018/19,Huddersfield,Terence Kongolo,Centre-Back
2018/19,Huddersfield,Tommy Smith,Right-Back
2018/19,Huddersfield,Zanka,Centre-Back
2018/19,Leicester,Adrien Silva,Central Midfield
2018/19,Leicester,Andy King,Central Midfield
2018/19,Leicester,Bartosz Kapustka,Attacking Midfield
2018/19,Leicester,Ben Chilwell,Left-Back
2018/19,Leicester,Callum Elder,Left-Back
2018/19,Leicester,Christian Fuchs,Left-Back
2018/19,Leicester,Daniel Amartey,Centre-Back
2018/19,Leicester,Danny Simpson,Right-Back
2018/19,Leicester,Danny Ward,Goalkeeper
2018/19,Leicester,Demarai Gray,Left Winger
2018/19,Leicester,Eldin Jakupović,Goalkeeper
2018/19,Leicester,Filip Benkovic,Centre-Back
2018/19,Leicester,Fousseni Diabaté,Right Winger
2018/19,Leicester,George Thomas,Attacking Midfield
2018/19,Leicester,Hamza Choudhury,Defensive Midfield
2018/19,Leicester,Harry Maguire,Centre-Back
2018/19,Leicester,Harvey Barnes,Left Winger
2018/19,Leicester,Islam Slimani,Centre-Forward
2018/19,Leicester,James Maddison,Attacking Midfield
2018/19,Leicester,Jamie Vardy,Centre-Forward
2018/19,Leicester,Jonny Evans,Centre-Back
2018/19,Leicester,Josh Knight,Centre-Back
2018/19,Leicester,Kasper Schmeichel,Goalkeeper
2018/19,Leicester,Kelechi Iheanacho,Centre-Forward
2018/19,Leicester,Khanya Leshabela,Central Midfield
2018/19,Leicester,Leonardo Ulloa,Centre-Forward
2018/19,Leicester,Marc Albrighton,Right Midfield
2018/19,Leicester,Matty James,Central Midfield
2018/19,Leicester,Nampalys Mendy,Defensive Midfield
2018/19,Leicester,Rachid Ghezzal,Right Winger
2018/19,Leicester,Ricardo Pereira,Right-Back
2018/19,Leicester,Shinji Okazaki,Centre-Forward
2018/19,Leicester,Vicente Iborra,Defensive Midfield
2018/19,Leicester,Wes Morgan,Centre-Back
2018/19,Leicester,Wilfred Ndidi,Defensive Midfield
2018/19,Leicester,Youri Tielemans,Central Midfield
2018/19,Leicester,Çağlar Söyüncü,Centre-Back
2018/19,Liverpool,Adam Lallana,Attacking Midfield
2018/19,Liverpool,Alberto Moreno,Left-Back
2018/19,Liverpool,Alex Oxlade-Chamberlain,Central Midfield
2018/19,Liverpool,Alisson,Goalkeeper
2018/19,Liverpool,Andrew Robertson,Left-Back
2018/19,Liverpool,Ben Woodburn,Attacking Midfield
2018/19,Liverpool,Caoimhín Kelleher,Goalkeeper
2018/19,Liverpool,Connor Randall,Right-Back
2018/19,Liverpool,Curtis Jones,Central Midfield
2018/19,Liverpool,Daniel Sturridge,Centre-Forward
2018/19,Liverpool,Danny Ings,Centre-Forward
2018/19,Liverpool,Dejan Lovren,Centre-Back
2018/19,Liverpool,Divock Origi,Centre-Forward
2018/19,Liverpool,Dominic Solanke,Centre-Forward
2018/19,Liverpool,Fabinho,Defensive Midfield
2018/19,Liverpool,Georginio Wijnaldum,Central Midfield
2018/19,Liverpool,Harry Wilson,Right Winger
2018/19,Liverpool,Isaac Christie-Davies,Attacking Midfield
2018/19,Liverpool,James Milner,Central Midfield
2018/19,Liverpool,Joe Gomez,Centre-Back
2018/19,Liverpool,Jordan Henderson,Defensive Midfield
2018/19,Liverpool,Joël Matip,Centre-Back
2018/19,Liverpool,Kamil Grabara,Goalkeeper
2018/19,Liverpool,Ki-Jana Hoever,Right-Back
2018/19,Liverpool,Loris Karius,Goalkeeper
2018/19,Liverpool,Marko Grujić,Defensive Midfield
2018/19,Liverpool,Mohamed Salah,Right Winger
2018/19,Liverpool,Naby Keïta,Central Midfield
2018/19,Liverpool,Nathaniel Clyne,Right-Back
2018/19,Liverpool,Rafael Camacho,Right Winger
2018/19,Liverpool,Rhian Brewster,Centre-Forward
2018/19,Liverpool,Roberto Firmino,Centre-Forward
2018/19,Liverpool,Sadio Mané,Left Winger
2018/19,Liverpool,Sheyi Ojo,Right Winger
2018/19,Liverpool,Simon Mignolet,Goalkeeper
2018/19,Liverpool,Trent Alexander-Arnold,Right-Back
2018/19,Liverpool,Virgil van Dijk,Centre-Back
2018/19,Liverpool,Xherdan Shaqiri,Attacking Midfield
2018/19,Liverpool,Ádám Bogdán,Goalkeeper
2018/19,Man City,Adrián Bernabé,Central Midfield
2018/19,Man City,Aleix García,Central Midfield
2018/19,Man City,Anthony Cáceres,Attacking Midfield
2018/19,Man City,Arijanet Murić,Goalkeeper
2018/19,Man City,Aymeric Laporte,Centre-Back
2018/19,Man City,Benjamin Mendy,Left-Back
2018/19,Man City,Bernardo Silva,Attacking Midfield
2018/19,Man City,Brahim Díaz,Right Winger
2018/19,Man City,Cameron Humphreys,Centre-Back
2018/19,Man City,Claudio Bravo,Goalkeeper
2018/19,Man City,Claudio Gomes,Defensive Midfield
2018/19,Man City,Daniel Grimshaw,Goalkeeper
2018/19,Man City,Danilo,Centre-Back
2018/19,Man City,David Silva,Attacking Midfield
2018/19,Man City,Douglas Luiz,Central Midfield
2018/19,Man City,Ederson,Goalkeeper
2018/19,Man City,Eliaquim Mangala,Centre-Back
2018/19,Man City,Eric García,Centre-Back
2018/19,Man City,Erik Palmer-Brown,Centre-Back
2018/19,Man City,Fabian Delph,Central Midfield
2018/19,Man City,Felix Nmecha,Central Midfield
2018/19,Man City,Fernandinho,Defensive Midfield
2018/19,Man City,Gabriel Jesus,Centre-Forward
2018/19,Man City,Ian Poveda,Right Winger
2018/19,Man City,Jack Harrison,Left Winger
2018/19,Man City,John Stones,Centre-Back
2018/19,Man City,Kevin De Bruyne,Attacking Midfield
2018/19,Man City,Kyle Walker,Right-Back
2018/19,Man City,Leroy Sané,Right Winger
2018/19,Man City,Luka Ilic,Attacking Midfield
2018/19,Man City,Luke Bolton,Right-Back
2018/19,Man City,Luke Brattan,Defensive Midfield
2018/19,Man City,Marlos Moreno,Left Winger
2018/19,Man City,Mix Diskerud,Central Midfield
2018/19,Man City,Nabil Touaizi,Right Midfield
2018/19,Man City,Nicolás Otamendi,Centre-Back
2018/19,Man City,Oleksandr Zinchenko,Left-Back
2018/19,Man City,Pablo Marí,Centre-Back
2018/19,Man City,Patrick Roberts,Right Winger
2018/19,Man City,Phil Foden,Attacking Midfield
2018/19,Man City,Philippe Sandler,Centre-Back
2018/19,Man City,Raheem Sterling,Right Winger
2018/19,Man City,Riyad Mahrez,Right Winger
2018/19,Man City,Sergio Agüero,Centre-Forward
2018/19,Man City,Taylor Richards,Central Midfield
2018/19,Man City,Vincent Kompany,Centre-Back
2018/19,Man City,İlkay Gündoğan,Central Midfield
2018/19,Man United,Alexis Sánchez,Second Striker
2018/19,Man United,Ander Herrera,Central Midfield
2018/19,Man United,Andreas Pereira,Central Midfield
2018/19,Man United,Angel Gomes,Attacking Midfield
2018/19,Man United,Anthony Martial,Centre-Forward
2018/19,Man United,Antonio Valencia,Right-Back
2018/19,Man United,Ashley Young,Right-Back
2018/19,Man United,Axel Tuanzebe,Centre-Back
2018/19,Man United,Brandon Williams,Left-Back
2018/19,Man United,Cameron Borthwick-Jackson,Left-Back
2018/19,Man United,Chris Smalling,Centre-Back
2018/19,Man United,David de Gea,Goalkeeper
2018/19,Man United,Diogo Dalot,Right-Back
2018/19,Man United,Eric Bailly,Centre-Back
2018/19,Man United,Fred,Central Midfield
2018/19,Man United,James Garner,Defensive Midfield
2018/19,Man United,James Wilson,Centre-Forward
2018/19,Man United,Jesse Lingard,Attacking Midfield
2018/19,Man United,Joel Pereira,Goalkeeper
2018/19,Man United,Juan Mata,Attacking Midfield
2018/19,Man United,Lee Grant,Goalkeeper
2018/19,Man United,Luke Shaw,Left-Back
2018/19,Man United,Marcos Rojo,Centre-Back
2018/19,Man United,Marcus Rashford,Left Winger
2018/19,Man United,Marouane Fellaini,Central Midfield
2018/19,Man United,Mason Greenwood,Right Winger
2018/19,Man United,Matteo Darmian,Right-Back
2018/19,Man United,Nemanja Matić,Defensive Midfield
2018/19,Man United,Paul Pogba,Central Midfield
2018/19,Man United,Phil Jones,Centre-Back
2018/19,Man United,Romelu Lukaku,Centre-Forward
2018/19,Man United,Scott McTominay,Central Midfield
2018/19,Man United,Sergio Romero,Goalkeeper
2018/19,Man United,Tahith Chong,Attacking Midfield
2018/19,Man United,Timothy Fosu-Mensah,Right-Back
2018/19,Man United,Victor Lindelöf,Centre-Back
2018/19,Newcastle,Achraf Lazaar,Left Midfield
2018/19,Newcastle,Antonio Barreca,Left-Back
2018/19,Newcastle,Ayoze Pérez,Centre-Forward
2018/19,Newcastle,Callum Roberts,Right Winger
2018/19,Newcastle,Christian Atsu,Left Winger
2018/19,Newcastle,Ciaran Clark,Centre-Back
2018/19,Newcastle,DeAndre Yedlin,Right-Back
2018/19,Newcastle,Dwight Gayle,Centre-Forward
2018/19,Newcastle,Fabian Schär,Centre-Back
2018/19,Newcastle,Federico Fernández,Centre-Back
2018/19,Newcastle,Florian Lejeune,Centre-Back
2018/19,Newcastle,Freddie Woodman,Goalkeeper
2018/19,Newcastle,Henri Saivet,Central Midfield
2018/19,Newcastle,Isaac Hayden,Defensive Midfield
2018/19,Newcastle,Jack Colback,Defensive Midfield
2018/19,Newcastle,Jacob Murphy,Right Winger
2018/19,Newcastle,Jamaal Lascelles,Centre-Back
2018/19,Newcastle,Jamie Sterry,Right-Back
2018/19,Newcastle,Javier Manquillo,Right-Back
2018/19,Newcastle,Jonjo Shelvey,Central Midfield
2018/19,Newcastle,Joselu,Centre-Forward
2018/19,Newcastle,Karl Darlow,Goalkeeper
2018/19,Newcastle,Kell Watts,Centre-Back
2018/19,Newcastle,Kenedy,Left Winger
2018/19,Newcastle,Lewis Cass,Centre-Back
2018/19,Newcastle,Martin Dúbravka,Goalkeeper
2018/19,Newcastle,Matt Ritchie,Right Midfield
2018/19,Newcastle,Miguel Almirón,Right Winger
2018/19,Newcastle,Mohamed Diamé,Central Midfield
2018/19,Newcastle,Nathan Harker,Goalkeeper
2018/19,Newcastle,Paul Dummett,Left-Back
2018/19,Newcastle,Rob Elliot,Goalkeeper
2018/19,Newcastle,Rolando Aarons,Left Winger
2018/19,Newcastle,Salomón Rondón,Centre-Forward
2018/19,Newcastle,Sean Longstaff,Central Midfield
2018/19,Newcastle,Sung-yueng Ki,Defensive Midfield
2018/19,Newcastle,Yoshinori Muto,Centre-Forward
2018/19,Southampton,Alex McCarthy,Goalkeeper
2018/19,Southampton,Alfie Jones,Centre-Back
2018/19,Southampton,Angus Gunn,Goalkeeper
2018/19,Southampton,Callum Slattery,Central Midfield
2018/19,Southampton,Charlie Austin,Centre-Forward
2018/19,Southampton,Cédric Soares,Right-Back
2018/19,Southampton,Danny Ings,Centre-Forward
2018/19,Southampton,Fraser Forster,Goalkeeper
2018/19,Southampton,Guido Carrillo,Centre-Forward
2018/19,Southampton,Harrison Reed,Central Midfield
2018/19,Southampton,Harry Lewis,Goalkeeper
2018/19,Southampton,Jack Rose,Goalkeeper
2018/19,Southampton,Jack Stephens,Centre-Back
2018/19,Southampton,Jake Hesketh,Attacking Midfield
2018/19,Southampton,James Ward-Prowse,Central Midfield
2018/19,Southampton,Jan Bednarek,Centre-Back
2018/19,Southampton,Jannik Vestergaard,Centre-Back
2018/19,Southampton,Jordy Clasie,Defensive Midfield
2018/19,Southampton,Josh Sims,Right Winger
2018/19,Southampton,Kayne Ramsay,Right-Back
2018/19,Southampton,Manolo Gabbiadini,Centre-Forward
2018/19,Southampton,Marcus Barnes,Centre-Forward
2018/19,Southampton,Mario Lemina,Defensive Midfield
2018/19,Southampton,Matt Targett,Left-Back
2018/19,Southampton,Maya Yoshida,Centre-Back
2018/19,Southampton,Michael Obafemi,Centre-Forward
2018/19,Southampton,Mohamed Elyounoussi,Second Striker
2018/19,Southampton,Nathan Redmond,Right Winger
2018/19,Southampton,Oriol Romeu,Defensive Midfield
2018/19,Southampton,Pierre-Emile Højbjerg,Defensive Midfield
2018/19,Southampton,Ryan Bertrand,Left-Back
2018/19,Southampton,Sam Gallagher,Centre-Forward
2018/19,Southampton,Sam McQueen,Left-Back
2018/19,Southampton,Shane Long,Centre-Forward
2018/19,Southampton,Sofiane Boufal,Attacking Midfield
2018/19,Southampton,Steven Davis,Central Midfield
2018/19,Southampton,Stuart Armstrong,Central Midfield
2018/19,Southampton,Tyreke Johnson,Left Midfield
2018/19,Southampton,Wesley Hoedt,Centre-Back
2018/19,Southampton,Yan Valery,Right-Back
2018/19,Tottenham,Alfie Whiteman,Goalkeeper
2018/19,Tottenham,Ben Davies,Centre-Back
2018/19,Tottenham,Cameron Carter-Vickers,Centre-Back
2018/19,Tottenham,Christian Eriksen,Attacking Midfield
2018/19,Tottenham,Danny Rose,Left-Back
2018/19,Tottenham,Davinson Sánchez,Centre-Back
2018/19,Tottenham,Dele Alli,Attacking Midfield
2018/19,Tottenham,Eric Dier,Centre-Back
2018/19,Tottenham,Erik Lamela,Right Winger
2018/19,Tottenham,Fernando Llorente,Centre-Forward
2018/19,Tottenham,George Marsh,Defensive Midfield
2018/19,Tottenham,Georges-Kevin N'Koudou,Left Winger
2018/19,Tottenham,Harry Kane,Centre-Forward
2018/19,Tottenham,Harry Winks,Defensive Midfield
2018/19,Tottenham,Heung-min Son,Left Winger
2018/19,Tottenham,Hugo Lloris,Goalkeeper
2018/19,Tottenham,Jan Vertonghen,Centre-Back
2018/19,Tottenham,Josh Onomah,Central Midfield
2018/19,Tottenham,Juan Foyth,Centre-Back
2018/19,Tottenham,Kazaiah Sterling,Centre-Forward
2018/19,Tottenham,Kieran Trippier,Right-Back
2018/19,Tottenham,Kyle Walker-Peters,Right-Back
2018/19,Tottenham,Lucas Moura,Right Winger
2018/19,Tottenham,Luke Amos,Central Midfield
2018/19,Tottenham,Michel Vorm,Goalkeeper
2018/19,Tottenham,Mousa Dembélé,Central Midfield
2018/19,Tottenham,Moussa Sissoko,Central Midfield
2018/19,Tottenham,Oliver Skipp,Defensive Midfield
2018/19,Tottenham,Paulo Gazzaniga,Goalkeeper
2018/19,Tottenham,Serge Aurier,Right-Back
2018/19,Tottenham,Timothy Eyoma,Centre-Back
2018/19,Tottenham,Toby Alderweireld,Centre-Back
2018/19,Tottenham,Victor Wanyama,Defensive Midfield
2018/19,Tottenham,Vincent Janssen,Centre-Forward
2018/19,Watford,Abdoulaye Doucouré,Attacking Midfield
2018/19,Watford,Adalberto Peñaranda,Left Winger
2018/19,Watford,Adam Masina,Centre-Back
2018/19,Watford,Adrian Mariappa,Centre-Back
2018/19,Watford,Andre Gray,Centre-Forward
2018/19,Watford,Ben Foster,Goalkeeper
2018/19,Watford,Ben Wilmot,Centre-Back
2018/19,Watford,Christian Kabasele,Centre-Back
2018/19,Watford,Craig Cathcart,Centre-Back
2018/19,Watford,Cucho Hernández,Centre-Forward
2018/19,Watford,Daniel Bachmann,Goalkeeper
2018/19,Watford,Daryl Janmaat,Right-Back
2018/19,Watford,Dimitri Foulquier,Right-Back
2018/19,Watford,Dodi Lukébakio,Right Winger
2018/19,Watford,Domingos Quina,Central Midfield
2018/19,Watford,Filip Stuparevic,Centre-Forward
2018/19,Watford,Gerard Deulofeu,Centre-Forward
2018/19,Watford,Heurelho Gomes,Goalkeeper
2018/19,Watford,Isaac Success,Centre-Forward
2018/19,Watford,Jerome Sinclair,Centre-Forward
2018/19,Watford,Jorge Segura,Centre-Back
2018/19,Watford,Jose Cholevas,Left-Back
2018/19,Watford,Ken Sema,Left-Back
2018/19,Watford,Kiko Femenía,Right-Back
2018/19,Watford,Kwasi Sibo,Central Midfield
2018/19,Watford,Marc Navarro,Right-Back
2018/19,Watford,Marvin Zeegelaar,Left-Back
2018/19,Watford,Miguel Britos,Centre-Back
2018/19,Watford,Nathaniel Chalobah,Defensive Midfield
2018/19,Watford,Obbi Oulare,Centre-Forward
2018/19,Watford,Pontus Dahlberg,Goalkeeper
2018/19,Watford,Roberto Pereyra,Central Midfield
2018/19,Watford,Sebastian Prödl,Centre-Back
2018/19,Watford,Stefano Okaka,Centre-Forward
2018/19,Watford,Tom Cleverley,Central Midfield
2018/19,Watford,Tommie Hoban,Centre-Back
2018/19,Watford,Troy Deeney,Centre-Forward
2018/19,Watford,Will Hughes,Central Midfield
2018/19,Watford,Étienne Capoue,Defensive Midfield
2018/19,West Ham,Aaron Cresswell,Left-Back
2018/19,West Ham,Adrián San Miguel,Goalkeeper
2018/19,West Ham,Andriy Yarmolenko,Right Winger
2018/19,West Ham,Andy Carroll,Centre-Forward
2018/19,West Ham,Angelo Ogbonna,Centre-Back
2018/19,West Ham,Arthur Masuaku,Left-Back
2018/19,West Ham,Ben Johnson,Right-Back
2018/19,West Ham,Carlos Sánchez,Defensive Midfield
2018/19,West Ham,Chicharito,Centre-Forward
2018/19,West Ham,Conor Coventry,Defensive Midfield
2018/19,West Ham,Declan Rice,Central Midfield
2018/19,West Ham,Edimilson Fernandes,Defensive Midfield
2018/19,West Ham,Fabián Balbuena,Centre-Back
2018/19,West Ham,Felipe Anderson,Left Winger
2018/19,West Ham,Grady Diangana,Right Winger
2018/19,West Ham,Issa Diop,Centre-Back
2018/19,West Ham,Jack Wilshere,Central Midfield
2018/19,West Ham,Joe Powell,Central Midfield
2018/19,West Ham,Jordan Hugill,Centre-Forward
2018/19,West Ham,Josh Cullen,Central Midfield
2018/19,West Ham,Lucas Pérez,Centre-Forward
2018/19,West Ham,Lukasz Fabianski,Goalkeeper
2018/19,West Ham,Manuel Lanzini,Attacking Midfield
2018/19,West Ham,Mark Noble,Central Midfield
2018/19,West Ham,Marko Arnautovic,Centre-Forward
2018/19,West Ham,Michail Antonio,Centre-Forward
2018/19,West Ham,Moses Makasi,Central Midfield
2018/19,West Ham,Nathan Holland,Left Winger
2018/19,West Ham,Pablo Zabaleta,Right-Back
2018/19,West Ham,Pedro Obiang,Central Midfield
2018/19,West Ham,Reece Oxford,Centre-Back
2018/19,West Ham,Robert Snodgrass,Right Winger
2018/19,West Ham,Ryan Fredericks,Right-Back
2018/19,West Ham,Sam Byram,Left-Back
2018/19,West Ham,Samir Nasri,Attacking Midfield
2018/19,West Ham,Winston Reid,Centre-Back
2018/19,West Ham,Xande Silva,Left Winger
2018/19,Wolves,Adama Traoré,Right Winger
2018/19,Wolves,Benny Ashley-Seal,Centre-Forward
2018/19,Wolves,Bright Enobakhare,Centre-Forward
2018/19,Wolves,Cameron John,Left-Back
2018/19,Wolves,Connor Ronan,Central Midfield
2018/19,Wolves,Conor Coady,Centre-Back
2018/19,Wolves,Diogo Jota,Left Winger
2018/19,Wolves,Elliot Watt,Defensive Midfield
2018/19,Wolves,Ethan Ebanks-Landell,Centre-Back
2018/19,Wolves,Harry Burgoyne,Goalkeeper
2018/19,Wolves,Hélder Costa,Right Winger
2018/19,Wolves,Ivan Cavaleiro,Left Winger
2018/19,Wolves,Jack Ruddy,Goalkeeper
2018/19,Wolves,John Ruddy,Goalkeeper
2018/19,Wolves,Jonny Otto,Right-Back
2018/19,Wolves,Jordan Graham,Right Winger
2018/19,Wolves,João Moutinho,Central Midfield
2018/19,Wolves,Kortney Hause,Centre-Back
2018/19,Wolves,Leander Dendoncker,Defensive Midfield
2018/19,Wolves,Léo Bonatini,Centre-Forward
2018/19,Wolves,Matt Doherty,Right-Back
2018/19,Wolves,Maximilian Kilman,Centre-Back
2018/19,Wolves,Michal Zyro,Centre-Forward
2018/19,Wolves,Ming-Yang Yang,Defensive Midfield
2018/19,Wolves,Morgan Gibbs-White,Attacking Midfield
2018/19,Wolves,Niall Ennis,Centre-Forward
2018/19,Wolves,Pedro Gonçalves,Left Winger
2018/19,Wolves,Phil Ofosu-Ayeh,Right-Back
2018/19,Wolves,Rafa Mir,Centre-Forward
2018/19,Wolves,Raúl Jiménez,Centre-Forward
2018/19,Wolves,Roderick Miranda,Centre-Back
2018/19,Wolves,Romain Saïss,Centre-Back
2018/19,Wolves,Rui Patrício,Goalkeeper
2018/19,Wolves,Ryan Bennett,Centre-Back
2018/19,Wolves,Ryan Giles,Left-Back
2018/19,Wolves,Rúben Neves,Defensive Midfield
2018/19,Wolves,Rúben Vinagre,Left Midfield
2018/19,Wolves,Sylvain Deslandes,Centre-Back
2018/19,Wolves,Will Norris,Goalkeeper
2018/19,Wolves,Willy Boly,Centre-Back
2019/20,AFC Bournemouth,Aaron Ramsdale,Goalkeeper
2019/20,AFC Bournemouth,Adam Smith,Right-Back
2019/20,AFC Bournemouth,Alexandru Dobre,Right Winger
2019/20,AFC Bournemouth,Andrew Surman,Central Midfield
2019/20,AFC Bournemouth,Arnaut Danjuma,Left Winger
2019/20,AFC Bournemouth,Artur Boruc,Goalkeeper
2019/20,AFC Bournemouth,Brennan Camp,Centre-Back
2019/20,AFC Bournemouth,Brooklyn Genesini,Right-Back
2019/20,AFC Bournemouth,Callum Wilson,Centre-Forward
2019/20,AFC Bournemouth,Charlie Daniels,Left-Back
2019/20,AFC Bournemouth,Chris Mepham,Centre-Back
2019/20,AFC Bournemouth,Christian Saydee,Centre-Forward
2019/20,AFC Bournemouth,Corey Jordan,Centre-Back
2019/20,AFC Bournemouth,Dan Gosling,Central Midfield
2019/20,AFC Bournemouth,David Brooks,Right Winger
2019/20,AFC Bournemouth,Diego Rico,Left-Back
2019/20,AFC Bournemouth,Dominic Solanke,Centre-Forward
2019/20,AFC Bournemouth,Gavin Kilkenny,Central Midfield
2019/20,AFC Bournemouth,Harry Wilson,Right Winger
2019/20,AFC Bournemouth,Jack Simpson,Centre-Back
2019/20,AFC Bournemouth,Jack Stacey,Right-Back
2019/20,AFC Bournemouth,Jefferson Lerma,Defensive Midfield
2019/20,AFC Bournemouth,Jermain Defoe,Centre-Forward
2019/20,AFC Bournemouth,Jordon Ibe,Right Winger
2019/20,AFC Bournemouth,Joshua King,Centre-Forward
2019/20,AFC Bournemouth,Junior Stanislas,Left Winger
2019/20,AFC Bournemouth,Kyle Taylor,Central Midfield
2019/20,AFC Bournemouth,Lewis Cook,Central Midfield
2019/20,AFC Bournemouth,Lloyd Kelly,Centre-Back
2019/20,AFC Bournemouth,Mark Travers,Goalkeeper
2019/20,AFC Bournemouth,Matt Butcher,Defensive Midfield
2019/20,AFC Bournemouth,Nathan Aké,Centre-Back
2019/20,AFC Bournemouth,Nnamdi Ofoborh,Central Midfield
2019/20,AFC Bournemouth,Philip Billing,Central Midfield
2019/20,AFC Bournemouth,Ryan Fraser,Left Winger
2019/20,AFC Bournemouth,Sam Surridge,Centre-Forward
2019/20,AFC Bournemouth,Simon Francis,Right-Back
2019/20,AFC Bournemouth,Steve Cook,Centre-Back
2019/20,AFC Bournemouth,Will Dennis,Goalkeeper
2019/20,Arsenal,Ainsley Maitland-Niles,Right-Back
2019/20,Arsenal,Alexandre Lacazette,Centre-Forward
2019/20,Arsenal,Bernd Leno,Goalkeeper
2019/20,Arsenal,Bukayo Saka,Right Winger
2019/20,Arsenal,Calum Chambers,Centre-Back
2019/20,Arsenal,Cédric Soares,Right-Back
2019/20,Arsenal,Dani Ceballos,Central Midfield
2019/20,Arsenal,David Luiz,Centre-Back
2019/20,Arsenal,Eddie Nketiah,Centre-Forward
2019/20,Arsenal,Emile Smith Rowe,Attacking Midfield
2019/20,Arsenal,Emiliano Martínez,Goalkeeper
2019/20,Arsenal,Folarin Balogun,Centre-Forward
2019/20,Arsenal,Gabriel Martinelli,Left Winger
2019/20,Arsenal,Granit Xhaka,Defensive Midfield
2019/20,Arsenal,Henrikh Mkhitaryan,Central Midfield
2019/20,Arsenal,Héctor Bellerín,Right-Back
2019/20,Arsenal,James Olayinka,Central Midfield
2019/20,Arsenal,Joe Willock,Central Midfield
2019/20,Arsenal,Kieran Tierney,Left-Back
2019/20,Arsenal,Konstantinos Mavropanos,Centre-Back
2019/20,Arsenal,Lucas Torreira,Defensive Midfield
2019/20,Arsenal,Matt Macey,Goalkeeper
2019/20,Arsenal,Matt Smith,Central Midfield
2019/20,Arsenal,Mattéo Guendouzi,Central Midfield
2019/20,Arsenal,Mesut Özil,Attacking Midfield
2019/20,Arsenal,Nacho Monreal,Left-Back
2019/20,Arsenal,Nicolas Pépé,Right Winger
2019/20,Arsenal,Pablo Marí,Centre-Back
2019/20,Arsenal,Pierre-Emerick Aubameyang,Centre-Forward
2019/20,Arsenal,Reiss Nelson,Left Winger
2019/20,Arsenal,Rob Holding,Centre-Back
2019/20,Arsenal,Robbie Burton,Central Midfield
2019/20,Arsenal,Sead Kolasinac,Centre-Back
2019/20,Arsenal,Shkodran Mustafi,Centre-Back
2019/20,Arsenal,Sokratis Papastathopoulos,Centre-Back
2019/20,Arsenal,Tolaji Bola,Left-Back
2019/20,Arsenal,Tyreece John-Jules,Centre-Forward
2019/20,Arsenal,Zech Medley,Centre-Back
2019/20,Aston Villa,Aaron Tshibola,Central Midfield
2019/20,Aston Villa,Ahmed El Mohamady,Right-Back
2019/20,Aston Villa,Andre Green,Left Winger
2019/20,Aston Villa,Anwar El Ghazi,Right Winger
2019/20,Aston Villa,Björn Engels,Centre-Back
2019/20,Aston Villa,Borja Bastón,Centre-Forward
2019/20,Aston Villa,Cameron Archer,Centre-Forward
2019/20,Aston Villa,Conor Hourihane,Central Midfield
2019/20,Aston Villa,Danny Drinkwater,Central Midfield
2019/20,Aston Villa,Douglas Luiz,Central Midfield
2019/20,Aston Villa,Ezri Konsa,Centre-Back
2019/20,Aston Villa,Frédéric Guilbert,Right-Back
2019/20,Aston Villa,Henri Lansbury,Central Midfield
2019/20,Aston Villa,Indiana Vassilev,Right Winger
2019/20,Aston Villa,Jack Grealish,Left Winger
2019/20,Aston Villa,Jacob Ramsey,Central Midfield
2019/20,Aston Villa,James Bree,Right-Back
2019/20,Aston Villa,James Chester,Centre-Back
2019/20,Aston Villa,Jed Steer,Goalkeeper
2019/20,Aston Villa,John McGinn,Central Midfield
2019/20,Aston Villa,Jonathan Kodjia,Centre-Forward
2019/20,Aston Villa,Jota Peleteiro,Right Winger
2019/20,Aston Villa,Kaine Kesler-Hayden,Right-Back
2019/20,Aston Villa,Keinan Davis,Centre-Forward
2019/20,Aston Villa,Kortney Hause,Centre-Back
2019/20,Aston Villa,Lovre Kalinic,Goalkeeper
2019/20,Aston Villa,Marvelous Nakamba,Defensive Midfield
2019/20,Aston Villa,Matija Sarkic,Goalkeeper
2019/20,Aston Villa,Matt Targett,Left-Back
2019/20,Aston Villa,Mbwana Samatta,Centre-Forward
2019/20,Aston Villa,Neil Taylor,Left-Back
2019/20,Aston Villa,Pepe Reina,Goalkeeper
2019/20,Aston Villa,Rushian Hepburn-Murphy,Centre-Forward
2019/20,Aston Villa,Tom Heaton,Goalkeeper
2019/20,Aston Villa,Trezeguet,Left Winger
2019/20,Aston Villa,Tyrone Mings,Centre-Back
2019/20,Aston Villa,Wesley Moraes,Centre-Forward
2019/20,Aston Villa,Ørjan Nyland,Goalkeeper
2019/20,Brighton and Hove Albion,Aaron Connolly,Centre-Forward
2019/20,Brighton and Hove Albion,Aaron Mooy,Central Midfield
2019/20,Brighton and Hove Albion,Adam Webster,Centre-Back
2019/20,Brighton and Hove Albion,Alex Cochrane,Left-Back
2019/20,Brighton and Hove Albion,Alexis Mac Allister,Central Midfield
2019/20,Brighton and Hove Albion,Alireza Jahanbakhsh,Right Winger
2019/20,Brighton and Hove Albion,Archie Davies,Right-Back
2019/20,Brighton and Hove Albion,Beram Kayal,Central Midfield
2019/20,Brighton and Hove Albion,Bernardo,Left-Back
2019/20,Brighton and Hove Albion,Bojan Radulović,Centre-Forward
2019/20,Brighton and Hove Albion,Dale Stephens,Central Midfield
2019/20,Brighton and Hove Albion,Dan Burn,Centre-Back
2019/20,Brighton and Hove Albion,David Button,Goalkeeper
2019/20,Brighton and Hove Albion,Davy Pröpper,Central Midfield
2019/20,Brighton and Hove Albion,Ezequiel Schelotto,Right Midfield
2019/20,Brighton and Hove Albion,Florin Andone,Centre-Forward
2019/20,Brighton and Hove Albion,Gaëtan Bong,Left-Back
2019/20,Brighton and Hove Albion,Glenn Murray,Centre-Forward
2019/20,Brighton and Hove Albion,Haydon Roberts,Left-Back
2019/20,Brighton and Hove Albion,Jack Spong,Central Midfield
2019/20,Brighton and Hove Albion,Jason Steele,Goalkeeper
2019/20,Brighton and Hove Albion,Jordan Davies,Central Midfield
2019/20,Brighton and Hove Albion,José Izquierdo,Left Winger
2019/20,Brighton and Hove Albion,Jürgen Locadia,Centre-Forward
2019/20,Brighton and Hove Albion,Leandro Trossard,Left Winger
2019/20,Brighton and Hove Albion,Leon Balogun,Centre-Back
2019/20,Brighton and Hove Albion,Lewis Dunk,Centre-Back
2019/20,Brighton and Hove Albion,Martín Montoya,Right-Back
2019/20,Brighton and Hove Albion,Mathew Ryan,Goalkeeper
2019/20,Brighton and Hove Albion,Max Sanders,Central Midfield
2019/20,Brighton and Hove Albion,Neal Maupay,Centre-Forward
2019/20,Brighton and Hove Albion,Pascal Groß,Central Midfield
2019/20,Brighton and Hove Albion,Peter Gwargis,Right Winger
2019/20,Brighton and Hove Albion,Romaric Yapi,Right-Back
2019/20,Brighton and Hove Albion,Ryan Longman,Right Midfield
2019/20,Brighton and Hove Albion,Shane Duffy,Centre-Back
2019/20,Brighton and Hove Albion,Solly March,Right Winger
2019/20,Brighton and Hove Albion,Soufyan Ahannach,Left Winger
2019/20,Brighton and Hove Albion,Steven Alzate,Central Midfield
2019/20,Brighton and Hove Albion,Tariq Lamptey,Right-Back
2019/20,Brighton and Hove Albion,Taylor Richards,Central Midfield
2019/20,Brighton and Hove Albion,Teddy Jenks,Central Midfield
2019/20,Brighton and Hove Albion,Tudor Băluță,Defensive Midfield
2019/20,Brighton and Hove Albion,Warren O'Hora,Centre-Back
2019/20,Brighton and Hove Albion,Yves Bissouma,Defensive Midfield
2019/20,Burnley FC,Aaron Lennon,Right Winger
2019/20,Burnley FC,Adam Legzdins,Goalkeeper
2019/20,Burnley FC,Ali Koiki,Left-Back
2019/20,Burnley FC,Anthony Glennon,Left-Back
2019/20,Burnley FC,Ashley Barnes,Centre-Forward
2019/20,Burnley FC,Ashley Westwood,Defensive Midfield
2019/20,Burnley FC,Bailey Peacock-Farrell,Goalkeeper
2019/20,Burnley FC,Ben Gibson,Centre-Back
2019/20,Burnley FC,Ben Mee,Centre-Back
2019/20,Burnley FC,Bobby Thomas,Centre-Back
2019/20,Burnley FC,Charlie Taylor,Left-Back
2019/20,Burnley FC,Chris Wood,Centre-Forward
2019/20,Burnley FC,Danny Drinkwater,Central Midfield
2019/20,Burnley FC,Dwight McNeil,Left Winger
2019/20,Burnley FC,Erik Pieters,Left-Back
2019/20,Burnley FC,Jack Cork,Defensive Midfield
2019/20,Burnley FC,James Tarkowski,Centre-Back
2019/20,Burnley FC,Jay Rodríguez,Centre-Forward
2019/20,Burnley FC,Jeff Hendrick,Central Midfield
2019/20,Burnley FC,Jimmy Dunne,Centre-Back
2019/20,Burnley FC,Joe Hart,Goalkeeper
2019/20,Burnley FC,Joel Mumbongo,Centre-Forward
2019/20,Burnley FC,Josh Benson,Central Midfield
2019/20,Burnley FC,Josh Brownhill,Central Midfield
2019/20,Burnley FC,Jóhann Berg Gudmundsson,Right Winger
2019/20,Burnley FC,Kevin Long,Centre-Back
2019/20,Burnley FC,Lewis Richardson,Right Midfield
2019/20,Burnley FC,Lukas Jensen,Goalkeeper
2019/20,Burnley FC,Mace Goodridge,Central Midfield
2019/20,Burnley FC,Matej Vydra,Centre-Forward
2019/20,Burnley FC,Matthew Lowton,Right-Back
2019/20,Burnley FC,Max Thompson,Right Winger
2019/20,Burnley FC,Nick Pope,Goalkeeper
2019/20,Burnley FC,Phil Bardsley,Right-Back
2019/20,Burnley FC,Robbie Brady,Left Midfield
2019/20,Chelsea,Andreas Christensen,Centre-Back
2019/20,Chelsea,Antonio Rüdiger,Centre-Back
2019/20,Chelsea,Armando Broja,Centre-Forward
2019/20,Chelsea,Billy Gilmour,Defensive Midfield
2019/20,Chelsea,Callum Hudson-Odoi,Left Winger
2019/20,Chelsea,Christian Pulisic,Right Winger
2019/20,Chelsea,César Azpilicueta,Centre-Back
2019/20,Chelsea,Davide Zappacosta,Right Midfield
2019/20,Chelsea,Dynel Simeu,Centre-Back
2019/20,Chelsea,Emerson,Left-Back
2019/20,Chelsea,Fikayo Tomori,Centre-Back
2019/20,Chelsea,Henry Lawrence,Right-Back
2019/20,Chelsea,Ian Maatsen,Left-Back
2019/20,Chelsea,Jamie Cumming,Goalkeeper
2019/20,Chelsea,Jorginho,Defensive Midfield
2019/20,Chelsea,Kenedy,Left Winger
2019/20,Chelsea,Kepa Arrizabalaga,Goalkeeper
2019/20,Chelsea,Kurt Zouma,Centre-Back
2019/20,Chelsea,Lewis Bate,Central Midfield
2019/20,Chelsea,Marc Guéhi,Centre-Back
2019/20,Chelsea,Marco van Ginkel,Central Midfield
2019/20,Chelsea,Marcos Alonso,Centre-Back
2019/20,Chelsea,Mason Mount,Attacking Midfield
2019/20,Chelsea,Mateo Kovacic,Central Midfield
2019/20,Chelsea,Michy Batshuayi,Centre-Forward
2019/20,Chelsea,N'Golo Kanté,Defensive Midfield
2019/20,Chelsea,Olivier Giroud,Centre-Forward
2019/20,Chelsea,Pedro,Right Winger
2019/20,Chelsea,Reece James,Right-Back
2019/20,Chelsea,Ross Barkley,Central Midfield
2019/20,Chelsea,Ruben Loftus-Cheek,Central Midfield
2019/20,Chelsea,Tammy Abraham,Centre-Forward
2019/20,Chelsea,Tariq Lamptey,Right-Back
2019/20,Chelsea,Tino Anjorin,Central Midfield
2019/20,Chelsea,Willian,Left Winger
2019/20,Chelsea,Willy Caballero,Goalkeeper
2019/20,Crystal Palace,Andros Townsend,Right Winger
2019/20,Crystal Palace,Brandon Pierrick,Left Winger
2019/20,Crystal Palace,Cenk Tosun,Centre-Forward
2019/20,Crystal Palace,Cheikhou Kouyaté,Defensive Midfield
2019/20,Crystal Palace,Christian Benteke,Centre-Forward
2019/20,Crystal Palace,Connor Wickham,Centre-Forward
2019/20,Crystal Palace,Gary Cahill,Centre-Back
2019/20,Crystal Palace,Giovanni McGregor,Attacking Midfield
2019/20,Crystal Palace,James Daly,Left Winger
2019/20,Crystal Palace,James McArthur,Central Midfield
2019/20,Crystal Palace,James McCarthy,Central Midfield
2019/20,Crystal Palace,James Tomkins,Centre-Back
2019/20,Crystal Palace,Jaïro Riedewald,Defensive Midfield
2019/20,Crystal Palace,Jeffrey Schlupp,Left Midfield
2019/20,Crystal Palace,Joel Ward,Right-Back
2019/20,Crystal Palace,John-Kymani Gordon,Left Winger
2019/20,Crystal Palace,Jordan Ayew,Centre-Forward
2019/20,Crystal Palace,Luka Milivojevic,Defensive Midfield
2019/20,Crystal Palace,Mamadou Sakho,Centre-Back
2019/20,Crystal Palace,Martin Kelly,Right-Back
2019/20,Crystal Palace,Max Meyer,Central Midfield
2019/20,Crystal Palace,Nikola Tavares,Centre-Back
2019/20,Crystal Palace,Nya Kirby,Central Midfield
2019/20,Crystal Palace,Patrick van Aanholt,Left-Back
2019/20,Crystal Palace,Ryan Inniss,Centre-Back
2019/20,Crystal Palace,Sam Woods,Centre-Back
2019/20,Crystal Palace,Scott Dann,Centre-Back
2019/20,Crystal Palace,Stephen Henderson,Goalkeeper
2019/20,Crystal Palace,Tyrick Mitchell,Left-Back
2019/20,Crystal Palace,Vicente Guaita,Goalkeeper
2019/20,Crystal Palace,Víctor Camarasa,Central Midfield
2019/20,Crystal Palace,Wayne Hennessey,Goalkeeper
2019/20,Crystal Palace,Wilfried Zaha,Left Winger
2019/20,Everton,Alex Iwobi,Left Winger
2019/20,Everton,André Gomes,Central Midfield
2019/20,Everton,Anthony Gordon,Left Winger
2019/20,Everton,Beni Baningime,Defensive Midfield
2019/20,Everton,Bernard,Left Winger
2019/20,Everton,Cenk Tosun,Centre-Forward
2019/20,Everton,Cuco Martina,Centre-Back
2019/20,Everton,Dennis Adeniran,Central Midfield
2019/20,Everton,Djibril Sidibé,Right-Back
2019/20,Everton,Dominic Calvert-Lewin,Centre-Forward
2019/20,Everton,Ellis Simms,Centre-Forward
2019/20,Everton,Fabian Delph,Central Midfield
2019/20,Everton,Gylfi Sigurdsson,Attacking Midfield
2019/20,Everton,Jarrad Branthwaite,Centre-Back
2019/20,Everton,Jean-Philippe Gbamin,Centre-Back
2019/20,Everton,Jonas Lössl,Goalkeeper
2019/20,Everton,Jordan Pickford,Goalkeeper
2019/20,Everton,João Virgínia,Goalkeeper
2019/20,Everton,Leighton Baines,Left-Back
2019/20,Everton,Lewis Gibson,Centre-Back
2019/20,Everton,Lucas Digne,Left-Back
2019/20,Everton,Luke Garbutt,Left-Back
2019/20,Everton,Maarten Stekelenburg,Goalkeeper
2019/20,Everton,Mason Holgate,Centre-Back
2019/20,Everton,Michael Keane,Centre-Back
2019/20,Everton,Moise Kean,Centre-Forward
2019/20,Everton,Morgan Schneiderlin,Defensive Midfield
2019/20,Everton,Muhamed Besic,Defensive Midfield
2019/20,Everton,Oumar Niasse,Centre-Forward
2019/20,Everton,Richarlison,Centre-Forward
2019/20,Everton,Séamus Coleman,Right-Back
2019/20,Everton,Theo Walcott,Right Winger
2019/20,Everton,Tom Davies,Central Midfield
2019/20,Everton,Yannick Bolasie,Centre-Forward
2019/20,Everton,Yerry Mina,Centre-Back
2019/20,Leicester,Ayoze Pérez,Centre-Forward
2019/20,Leicester,Bartosz Kapustka,Attacking Midfield
2019/20,Leicester,Ben Chilwell,Left-Back
2019/20,Leicester,Christian Fuchs,Left-Back
2019/20,Leicester,Daniel Amartey,Centre-Back
2019/20,Leicester,Danny Ward,Goalkeeper
2019/20,Leicester,Darnell Johnson,Centre-Back
2019/20,Leicester,Demarai Gray,Left Winger
2019/20,Leicester,Dennis Praet,Central Midfield
2019/20,Leicester,Eldin Jakupović,Goalkeeper
2019/20,Leicester,Filip Benkovic,Centre-Back
2019/20,Leicester,George Hirst,Centre-Forward
2019/20,Leicester,George Thomas,Attacking Midfield
2019/20,Leicester,Hamza Choudhury,Defensive Midfield
2019/20,Leicester,Harvey Barnes,Left Winger
2019/20,Leicester,James Justin,Right-Back
2019/20,Leicester,James Maddison,Attacking Midfield
2019/20,Leicester,Jamie Vardy,Centre-Forward
2019/20,Leicester,Jonny Evans,Centre-Back
2019/20,Leicester,Kasper Schmeichel,Goalkeeper
2019/20,Leicester,Kelechi Iheanacho,Centre-Forward
2019/20,Leicester,Kiernan Dewsbury-Hall,Central Midfield
2019/20,Leicester,Luke Thomas,Left-Back
2019/20,Leicester,Marc Albrighton,Right Midfield
2019/20,Leicester,Matty James,Central Midfield
2019/20,Leicester,Nampalys Mendy,Defensive Midfield
2019/20,Leicester,Ricardo Pereira,Right-Back
2019/20,Leicester,Ryan Bennett,Centre-Back
2019/20,Leicester,Wes Morgan,Centre-Back
2019/20,Leicester,Wilfred Ndidi,Defensive Midfield
2019/20,Leicester,Youri Tielemans,Central Midfield
2019/20,Leicester,Çağlar Söyüncü,Centre-Back
2019/20,Liverpool,Adam Lallana,Attacking Midfield
2019/20,Liverpool,Adam Lewis,Left-Back
2019/20,Liverpool,Adrián San Miguel,Goalkeeper
2019/20,Liverpool,Alex Oxlade-Chamberlain,Central Midfield
2019/20,Liverpool,Alisson,Goalkeeper
2019/20,Liverpool,Andrew Robertson,Left-Back
2019/20,Liverpool,Andy Lonergan,Goalkeeper
2019/20,Liverpool,Ben Winterbottom,Goalkeeper
2019/20,Liverpool,Ben Woodburn,Attacking Midfield
2019/20,Liverpool,Billy Koumetio,Centre-Back
2019/20,Liverpool,Caoimhín Kelleher,Goalkeeper
2019/20,Liverpool,Curtis Jones,Central Midfield
2019/20,Liverpool,Dejan Lovren,Centre-Back
2019/20,Liverpool,Divock Origi,Centre-Forward
2019/20,Liverpool,Elijah Dixon-Bonner,Central Midfield
2019/20,Liverpool,Fabinho,Defensive Midfield
2019/20,Liverpool,Georginio Wijnaldum,Central Midfield
2019/20,Liverpool,Harvey Elliott,Attacking Midfield
2019/20,Liverpool,Herbie Kane,Central Midfield
2019/20,Liverpool,Isaac Christie-Davies,Attacking Midfield
2019/20,Liverpool,Jack Bearne,Left Midfield
2019/20,Liverpool,Jake Cain,Central Midfield
2019/20,Liverpool,James Milner,Central Midfield
2019/20,Liverpool,James Norris,Left-Back
2019/20,Liverpool,Joe Gomez,Centre-Back
2019/20,Liverpool,Joe Hardy,Centre-Forward
2019/20,Liverpool,Jordan Henderson,Defensive Midfield
2019/20,Liverpool,Joël Matip,Centre-Back
2019/20,Liverpool,Ki-Jana Hoever,Right-Back
2019/20,Liverpool,Layton Stewart,Centre-Forward
2019/20,Liverpool,Leighton Clarkson,Central Midfield
2019/20,Liverpool,Liam Millar,Left Winger
2019/20,Liverpool,Loris Karius,Goalkeeper
2019/20,Liverpool,Luis Longstaff,Right Winger
2019/20,Liverpool,Mohamed Salah,Right Winger
2019/20,Liverpool,Morgan Boyes,Centre-Back
2019/20,Liverpool,Naby Keïta,Central Midfield
2019/20,Liverpool,Nat Phillips,Centre-Back
2019/20,Liverpool,Nathaniel Clyne,Right-Back
2019/20,Liverpool,Neco Williams,Left-Back
2019/20,Liverpool,Pedro Chirivella,Defensive Midfield
2019/20,Liverpool,Rhian Brewster,Centre-Forward
2019/20,Liverpool,Roberto Firmino,Centre-Forward
2019/20,Liverpool,Sadio Mané,Left Winger
2019/20,Liverpool,Sepp van den Berg,Centre-Back
2019/20,Liverpool,Sheyi Ojo,Right Winger
2019/20,Liverpool,Simon Mignolet,Goalkeeper
2019/20,Liverpool,Takumi Minamino,Left Winger
2019/20,Liverpool,Tom Clayton,Centre-Back
2019/20,Liverpool,Tom Hill,Central Midfield
2019/20,Liverpool,Tony Gallacher,Left-Back
2019/20,Liverpool,Trent Alexander-Arnold,Right-Back
2019/20,Liverpool,Virgil van Dijk,Centre-Back
2019/20,Liverpool,Vitezslav Jaros,Goalkeeper
2019/20,Liverpool,Xherdan Shaqiri,Attacking Midfield
2019/20,Liverpool,Yasser Larouci,Left-Back
2019/20,Man City,Adrián Bernabé,Central Midfield
2019/20,Man City,Alpha Diounkou,Right-Back
2019/20,Man City,Angeliño,Left-Back
2019/20,Man City,Arijanet Murić,Goalkeeper
2019/20,Man City,Aymeric Laporte,Centre-Back
2019/20,Man City,Benjamin Mendy,Left-Back
2019/20,Man City,Bernardo Silva,Attacking Midfield
2019/20,Man City,Claudio Bravo,Goalkeeper
2019/20,Man City,Cole Palmer,Attacking Midfield
2019/20,Man City,David Silva,Attacking Midfield
2019/20,Man City,Ederson,Goalkeeper
2019/20,Man City,Eric García,Centre-Back
2019/20,Man City,Fernandinho,Defensive Midfield
2019/20,Man City,Gabriel Jesus,Centre-Forward
2019/20,Man City,Ian Poveda,Right Winger
2019/20,Man City,John Stones,Centre-Back
2019/20,Man City,João Cancelo,Right-Back
2019/20,Man City,Kevin De Bruyne,Attacking Midfield
2019/20,Man City,Kyle Walker,Right-Back
2019/20,Man City,Leroy Sané,Right Winger
2019/20,Man City,Nabil Touaizi,Right Midfield
2019/20,Man City,Nicolás Otamendi,Centre-Back
2019/20,Man City,Oleksandr Zinchenko,Left-Back
2019/20,Man City,Patrick Roberts,Right Winger
2019/20,Man City,Phil Foden,Attacking Midfield
2019/20,Man City,Raheem Sterling,Right Winger
2019/20,Man City,Riyad Mahrez,Right Winger
2019/20,Man City,Rodri,Defensive Midfield
2019/20,Man City,Ryotaro Meshino,Left Winger
2019/20,Man City,Scott Carson,Goalkeeper
2019/20,Man City,Sergio Agüero,Centre-Forward
2019/20,Man City,Taylor Harwood-Bellis,Centre-Back
2019/20,Man City,Tommy Doyle,Central Midfield
2019/20,Man City,Tosin Adarabioyo,Centre-Back
2019/20,Man City,İlkay Gündoğan,Central Midfield
2019/20,Man United,Aaron Wan-Bissaka,Right-Back
2019/20,Man United,Andreas Pereira,Central Midfield
2019/20,Man United,Angel Gomes,Attacking Midfield
2019/20,Man United,Anthony Martial,Centre-Forward
2019/20,Man United,Arnau Puigmal,Right Winger
2019/20,Man United,Ashley Young,Right-Back
2019/20,Man United,Axel Tuanzebe,Centre-Back
2019/20,Man United,Brandon Williams,Left-Back
2019/20,Man United,Bruno Fernandes,Attacking Midfield
2019/20,Man United,Cameron Borthwick-Jackson,Left-Back
2019/20,Man United,D'Mani Mellor,Centre-Forward
2019/20,Man United,Daniel James,Right Winger
2019/20,Man United,David de Gea,Goalkeeper
2019/20,Man United,Di'Shon Bernard,Centre-Back
2019/20,Man United,Diogo Dalot,Right-Back
2019/20,Man United,Dylan Levitt,Central Midfield
2019/20,Man United,Eric Bailly,Centre-Back
2019/20,Man United,Ethan Galbraith,Central Midfield
2019/20,Man United,Ethan Laird,Right-Back
2019/20,Man United,Fred,Central Midfield
2019/20,Man United,Harry Maguire,Centre-Back
2019/20,Man United,James Garner,Defensive Midfield
2019/20,Man United,Jesse Lingard,Attacking Midfield
2019/20,Man United,Joel Pereira,Goalkeeper
2019/20,Man United,Juan Mata,Attacking Midfield
2019/20,Man United,Largie Ramazani,Left Winger
2019/20,Man United,Lee Grant,Goalkeeper
2019/20,Man United,Luke Shaw,Left-Back
2019/20,Man United,Marcos Rojo,Centre-Back
2019/20,Man United,Marcus Rashford,Left Winger
2019/20,Man United,Mason Greenwood,Right Winger
2019/20,Man United,Matej Kovar,Goalkeeper
2019/20,Man United,Max Taylor,Centre-Back
2019/20,Man United,Nemanja Matić,Defensive Midfield
2019/20,Man United,Odion Ighalo,Centre-Forward
2019/20,Man United,Paul Pogba,Central Midfield
2019/20,Man United,Phil Jones,Centre-Back
2019/20,Man United,Scott McTominay,Central Midfield
2019/20,Man United,Sergio Romero,Goalkeeper
2019/20,Man United,Tahith Chong,Attacking Midfield
2019/20,Man United,Teden Mengi,Centre-Back
2019/20,Man United,Timothy Fosu-Mensah,Right-Back
2019/20,Man United,Victor Lindelöf,Centre-Back
2019/20,Newcastle,Allan Saint-Maximin,Left Winger
2019/20,Newcastle,Andy Carroll,Centre-Forward
2019/20,Newcastle,Christian Atsu,Left Winger
2019/20,Newcastle,Ciaran Clark,Centre-Back
2019/20,Newcastle,Dan Barlaser,Defensive Midfield
2019/20,Newcastle,Danny Rose,Left-Back
2019/20,Newcastle,DeAndre Yedlin,Right-Back
2019/20,Newcastle,Dwight Gayle,Centre-Forward
2019/20,Newcastle,Elias Sørensen,Left Winger
2019/20,Newcastle,Emil Krafth,Right-Back
2019/20,Newcastle,Fabian Schär,Centre-Back
2019/20,Newcastle,Federico Fernández,Centre-Back
2019/20,Newcastle,Florian Lejeune,Centre-Back
2019/20,Newcastle,Henri Saivet,Central Midfield
2019/20,Newcastle,Isaac Hayden,Defensive Midfield
2019/20,Newcastle,Jack Colback,Defensive Midfield
2019/20,Newcastle,Jack Young,Central Midfield
2019/20,Newcastle,Jacob Murphy,Right Winger
2019/20,Newcastle,Jamaal Lascelles,Centre-Back
2019/20,Newcastle,Jamie Sterry,Right-Back
2019/20,Newcastle,Javier Manquillo,Right-Back
2019/20,Newcastle,Jetro Willems,Centre-Back
2019/20,Newcastle,Joelinton,Central Midfield
2019/20,Newcastle,Jonjo Shelvey,Central Midfield
2019/20,Newcastle,Karl Darlow,Goalkeeper
2019/20,Newcastle,Kell Watts,Centre-Back
2019/20,Newcastle,Lewis Cass,Centre-Back
2019/20,Newcastle,Liam Gibson,Left-Back
2019/20,Newcastle,Martin Dúbravka,Goalkeeper
2019/20,Newcastle,Matt Ritchie,Right Midfield
2019/20,Newcastle,Matty Longstaff,Central Midfield
2019/20,Newcastle,Miguel Almirón,Right Winger
2019/20,Newcastle,Nabil Bentaleb,Defensive Midfield
2019/20,Newcastle,Paul Dummett,Left-Back
2019/20,Newcastle,Rob Elliot,Goalkeeper
2019/20,Newcastle,Rolando Aarons,Left Winger
2019/20,Newcastle,Sean Longstaff,Central Midfield
2019/20,Newcastle,Sung-yueng Ki,Defensive Midfield
2019/20,Newcastle,Tom Allan,Right Winger
2019/20,Newcastle,Valentino Lazaro,Right Midfield
2019/20,Newcastle,Yoshinori Muto,Centre-Forward
2019/20,Norwich,Adam Idah,Centre-Forward
2019/20,Norwich,Akin Famewo,Centre-Back
2019/20,Norwich,Alexander Tettey,Defensive Midfield
2019/20,Norwich,Archie Mair,Goalkeeper
2019/20,Norwich,Ben Godfrey,Centre-Back
2019/20,Norwich,Carlton Morris,Centre-Forward
2019/20,Norwich,Christoph Zimmermann,Centre-Back
2019/20,Norwich,Daniel Adshead,Central Midfield
2019/20,Norwich,Dennis Srbeny,Centre-Forward
2019/20,Norwich,Emiliano Buendía,Left Winger
2019/20,Norwich,Grant Hanley,Centre-Back
2019/20,Norwich,Ibrahim Amadou,Defensive Midfield
2019/20,Norwich,Jamal Lewis,Left-Back
2019/20,Norwich,Jordan Thomas,Right-Back
2019/20,Norwich,Josh Martin,Left Winger
2019/20,Norwich,Josip Drmic,Centre-Forward
2019/20,Norwich,Kenny McLean,Central Midfield
2019/20,Norwich,Louis Thompson,Central Midfield
2019/20,Norwich,Lukas Rupp,Attacking Midfield
2019/20,Norwich,Marco Stiepermann,Attacking Midfield
2019/20,Norwich,Mario Vrancic,Central Midfield
2019/20,Norwich,Mason Bloomfield,Centre-Forward
2019/20,Norwich,Max Aarons,Right-Back
2019/20,Norwich,Michael McGovern,Goalkeeper
2019/20,Norwich,Moritz Leitner,Central Midfield
2019/20,Norwich,Ondrej Duda,Central Midfield
2019/20,Norwich,Onel Hernández,Left Winger
2019/20,Norwich,Patrick Roberts,Right Winger
2019/20,Norwich,Philip Heise,Left-Back
2019/20,Norwich,Ralf Fährmann,Goalkeeper
2019/20,Norwich,Sam Byram,Left-Back
2019/20,Norwich,Sam McCallum,Left-Back
2019/20,Norwich,Sean Raggett,Centre-Back
2019/20,Norwich,Teemu Pukki,Centre-Forward
2019/20,Norwich,Tim Krul,Goalkeeper
2019/20,Norwich,Timm Klose,Centre-Back
2019/20,Norwich,Todd Cantwell,Attacking Midfield
2019/20,Norwich,Tom Trybull,Defensive Midfield
2019/20,Sheffield United,Ben Heneghan,Centre-Back
2019/20,Sheffield United,Ben Osborn,Central Midfield
2019/20,Sheffield United,Billy Sharp,Centre-Forward
2019/20,Sheffield United,Callum Robinson,Centre-Forward
2019/20,Sheffield United,Chris Basham,Centre-Back
2019/20,Sheffield United,David McGoldrick,Centre-Forward
2019/20,Sheffield United,Dean Henderson,Goalkeeper
2019/20,Sheffield United,Enda Stevens,Left-Back
2019/20,Sheffield United,George Baldock,Right-Back
2019/20,Sheffield United,Jack O'Connell,Centre-Back
2019/20,Sheffield United,Jack Robinson,Centre-Back
2019/20,Sheffield United,Jack Rodwell,Centre-Back
2019/20,Sheffield United,Jake Eastwood,Goalkeeper
2019/20,Sheffield United,John Egan,Centre-Back
2019/20,Sheffield United,John Fleck,Central Midfield
2019/20,Sheffield United,John Lundstram,Defensive Midfield
2019/20,Sheffield United,Kean Bryan,Centre-Back
2019/20,Sheffield United,Kieron Freeman,Right-Back
2019/20,Sheffield United,Leon Clarke,Centre-Forward
2019/20,Sheffield United,Luke Freeman,Attacking Midfield
2019/20,Sheffield United,Lys Mousset,Centre-Forward
2019/20,Sheffield United,Michael Verrips,Goalkeeper
2019/20,Sheffield United,Muhamed Besic,Defensive Midfield
2019/20,Sheffield United,Nathan Thomas,Left Winger
2019/20,Sheffield United,Oli McBurnie,Centre-Forward
2019/20,Sheffield United,Oliver Norwood,Central Midfield
2019/20,Sheffield United,Panagiotis Retsos,Centre-Back
2019/20,Sheffield United,Phil Jagielka,Centre-Back
2019/20,Sheffield United,Ravel Morrison,Attacking Midfield
2019/20,Sheffield United,Richairo Zivkovic,Centre-Forward
2019/20,Sheffield United,Richard Stearman,Centre-Back
2019/20,Sheffield United,Ricky Holmes,Left Winger
2019/20,Sheffield United,Sander Berge,Defensive Midfield
2019/20,Sheffield United,Simon Moore,Goalkeeper
2019/20,Southampton,Alex McCarthy,Goalkeeper
2019/20,Southampton,Alexandre Jankewitz,Central Midfield
2019/20,Southampton,Angus Gunn,Goalkeeper
2019/20,Southampton,Callum Slattery,Central Midfield
2019/20,Southampton,Ché Adams,Centre-Forward
2019/20,Southampton,Cédric Soares,Right-Back
2019/20,Southampton,Dan Nlundulu,Centre-Forward
2019/20,Southampton,Danny Ings,Centre-Forward
2019/20,Southampton,Fraser Forster,Goalkeeper
2019/20,Southampton,Harry Lewis,Goalkeeper
2019/20,Southampton,Jack Rose,Goalkeeper
2019/20,Southampton,Jack Stephens,Centre-Back
2019/20,Southampton,Jacob Maddox,Central Midfield
2019/20,Southampton,Jake Hesketh,Attacking Midfield
2019/20,Southampton,Jake Vokins,Left-Back
2019/20,Southampton,James Ward-Prowse,Central Midfield
2019/20,Southampton,Jan Bednarek,Centre-Back
2019/20,Southampton,Jannik Vestergaard,Centre-Back
2019/20,Southampton,Kevin Danso,Centre-Back
2019/20,Southampton,Kyle Walker-Peters,Right-Back
2019/20,Southampton,Maya Yoshida,Centre-Back
2019/20,Southampton,Michael Obafemi,Centre-Forward
2019/20,Southampton,Mohamed Elyounoussi,Second Striker
2019/20,Southampton,Moussa Djenepo,Left Winger
2019/20,Southampton,Nathan Redmond,Right Winger
2019/20,Southampton,Nathan Tella,Right Winger
2019/20,Southampton,Oriol Romeu,Defensive Midfield
2019/20,Southampton,Pierre-Emile Højbjerg,Defensive Midfield
2019/20,Southampton,Ryan Bertrand,Left-Back
2019/20,Southampton,Sam McQueen,Left-Back
2019/20,Southampton,Shane Long,Centre-Forward
2019/20,Southampton,Sofiane Boufal,Attacking Midfield
2019/20,Southampton,Stuart Armstrong,Central Midfield
2019/20,Southampton,Will Ferry,Left Midfield
2019/20,Southampton,Will Smallbone,Central Midfield
2019/20,Southampton,Yan Valery,Right-Back
2019/20,Tottenham,Alfie Whiteman,Goalkeeper
2019/20,Tottenham,Ben Davies,Centre-Back
2019/20,Tottenham,Brandon Austin,Goalkeeper
2019/20,Tottenham,Cameron Carter-Vickers,Centre-Back
2019/20,Tottenham,Christian Eriksen,Attacking Midfield
2019/20,Tottenham,Danny Rose,Left-Back
2019/20,Tottenham,Davinson Sánchez,Centre-Back
2019/20,Tottenham,Dele Alli,Attacking Midfield
2019/20,Tottenham,Dennis Cirkin,Left-Back
2019/20,Tottenham,Eric Dier,Centre-Back
2019/20,Tottenham,Erik Lamela,Right Winger
2019/20,Tottenham,Gedson Fernandes,Central Midfield
2019/20,Tottenham,Georges-Kevin N'Koudou,Left Winger
2019/20,Tottenham,Giovani Lo Celso,Attacking Midfield
2019/20,Tottenham,Harry Kane,Centre-Forward
2019/20,Tottenham,Harry Winks,Defensive Midfield
2019/20,Tottenham,Harvey White,Defensive Midfield
2019/20,Tottenham,Heung-min Son,Left Winger
2019/20,Tottenham,Hugo Lloris,Goalkeeper
2019/20,Tottenham,Jan Vertonghen,Centre-Back
2019/20,Tottenham,Japhet Tanganga,Centre-Back
2019/20,Tottenham,Juan Foyth,Centre-Back
2019/20,Tottenham,Kyle Walker-Peters,Right-Back
2019/20,Tottenham,Lucas Moura,Right Winger
2019/20,Tottenham,Malachi Fagan-Walcott,Centre-Back
2019/20,Tottenham,Michel Vorm,Goalkeeper
2019/20,Tottenham,Moussa Sissoko,Central Midfield
2019/20,Tottenham,Oliver Skipp,Defensive Midfield
2019/20,Tottenham,Paulo Gazzaniga,Goalkeeper
2019/20,Tottenham,Ryan Sessegnon,Left-Back
2019/20,Tottenham,Serge Aurier,Right-Back
2019/20,Tottenham,Steven Bergwijn,Left Winger
2019/20,Tottenham,Tanguy Ndombélé,Central Midfield
2019/20,Tottenham,Toby Alderweireld,Centre-Back
2019/20,Tottenham,Troy Parrott,Centre-Forward
2019/20,Tottenham,Victor Wanyama,Defensive Midfield
2019/20,Watford,Abdoulaye Doucouré,Attacking Midfield
2019/20,Watford,Adalberto Peñaranda,Left Winger
2019/20,Watford,Adam Masina,Centre-Back
2019/20,Watford,Adam Parkes,Goalkeeper
2019/20,Watford,Adrian Mariappa,Centre-Back
2019/20,Watford,Andi Janjeva,Centre-Back
2019/20,Watford,Andre Gray,Centre-Forward
2019/20,Watford,Bayli Spencer-Adams,Centre-Back
2019/20,Watford,Ben Foster,Goalkeeper
2019/20,Watford,Callum Whelan,Defensive Midfield
2019/20,Watford,Christian Kabasele,Centre-Back
2019/20,Watford,Craig Cathcart,Centre-Back
2019/20,Watford,Craig Dawson,Centre-Back
2019/20,Watford,Daniel Bachmann,Goalkeeper
2019/20,Watford,Danny Welbeck,Centre-Forward
2019/20,Watford,Daryl Janmaat,Right-Back
2019/20,Watford,Dimitri Foulquier,Right-Back
2019/20,Watford,Domingos Quina,Central Midfield
2019/20,Watford,Gerard Deulofeu,Centre-Forward
2019/20,Watford,Henry Wise,Central Midfield
2019/20,Watford,Heurelho Gomes,Goalkeeper
2019/20,Watford,Ignacio Pussetto,Centre-Forward
2019/20,Watford,Isaac Success,Centre-Forward
2019/20,Watford,Ismaïla Sarr,Right Winger
2019/20,Watford,Jamal Balogun,Right-Back
2019/20,Watford,Jayden Bennetts,Central Midfield
2019/20,Watford,Jose Cholevas,Left-Back
2019/20,Watford,Joseph Hungbo,Right Winger
2019/20,Watford,João Pedro,Centre-Forward
2019/20,Watford,Kaylen Hinds,Second Striker
2019/20,Watford,Ken Sema,Left-Back
2019/20,Watford,Kiko Femenía,Right-Back
2019/20,Watford,Mason Barrett,Centre-Back
2019/20,Watford,Nathaniel Chalobah,Defensive Midfield
2019/20,Watford,Pontus Dahlberg,Goalkeeper
2019/20,Watford,Roberto Pereyra,Central Midfield
2019/20,Watford,Sam Dalby,Centre-Forward
2019/20,Watford,Sebastian Prödl,Centre-Back
2019/20,Watford,Tom Cleverley,Central Midfield
2019/20,Watford,Tom Dele-Bashiru,Defensive Midfield
2019/20,Watford,Troy Deeney,Centre-Forward
2019/20,Watford,Will Hughes,Central Midfield
2019/20,Watford,Étienne Capoue,Defensive Midfield
2019/20,West Ham,Aaron Cresswell,Left-Back
2019/20,West Ham,Albian Ajeti,Centre-Forward
2019/20,West Ham,Alfie Lewis,Central Midfield
2019/20,West Ham,Andriy Yarmolenko,Right Winger
2019/20,West Ham,Angelo Ogbonna,Centre-Back
2019/20,West Ham,Arthur Masuaku,Left-Back
2019/20,West Ham,Ben Johnson,Right-Back
2019/20,West Ham,Bernardo Rosa,Central Midfield
2019/20,West Ham,Carlos Sánchez,Defensive Midfield
2019/20,West Ham,Chicharito,Centre-Forward
2019/20,West Ham,Conor Coventry,Defensive Midfield
2019/20,West Ham,Dan Kemp,Attacking Midfield
2019/20,West Ham,Darren Randolph,Goalkeeper
2019/20,West Ham,David Martin,Goalkeeper
2019/20,West Ham,Declan Rice,Central Midfield
2019/20,West Ham,Fabián Balbuena,Centre-Back
2019/20,West Ham,Felipe Anderson,Left Winger
2019/20,West Ham,Gonçalo Cardoso,Centre-Back
2019/20,West Ham,Grady Diangana,Right Winger
2019/20,West Ham,Issa Diop,Centre-Back
2019/20,West Ham,Jack Wilshere,Central Midfield
2019/20,West Ham,Jarrod Bowen,Right Winger
2019/20,West Ham,Jeremy Ngakia,Right-Back
2019/20,West Ham,Joseph Anang,Goalkeeper
2019/20,West Ham,Lukasz Fabianski,Goalkeeper
2019/20,West Ham,Manuel Lanzini,Attacking Midfield
2019/20,West Ham,Mark Noble,Central Midfield
2019/20,West Ham,Michail Antonio,Centre-Forward
2019/20,West Ham,Nathan Holland,Left Winger
2019/20,West Ham,Pablo Fornals,Central Midfield
2019/20,West Ham,Pablo Zabaleta,Right-Back
2019/20,West Ham,Robert Snodgrass,Right Winger
2019/20,West Ham,Roberto,Goalkeeper
2019/20,West Ham,Ryan Fredericks,Right-Back
2019/20,West Ham,Sébastien Haller,Centre-Forward
2019/20,West Ham,Tomáš Souček,Defensive Midfield
2019/20,West Ham,Winston Reid,Centre-Back
2019/20,West Ham,Xande Silva,Left Winger
2019/20,Wolves,Adama Traoré,Right Winger
2019/20,Wolves,Andreas Søndergaard,Goalkeeper
2019/20,Wolves,Austin Samuels,Centre-Forward
2019/20,Wolves,Benny Ashley-Seal,Centre-Forward
2019/20,Wolves,Bruno Jordão,Defensive Midfield
2019/20,Wolves,Chem Campbell,Left Winger
2019/20,Wolves,Christian Marques,Centre-Back
2019/20,Wolves,Connor Ronan,Central Midfield
2019/20,Wolves,Conor Coady,Centre-Back
2019/20,Wolves,Daniel Podence,Left Winger
2019/20,Wolves,Diogo Jota,Left Winger
2019/20,Wolves,Dion Sanderson,Centre-Back
2019/20,Wolves,Flávio Cristóvão,Defensive Midfield
2019/20,Wolves,Jesús Vallejo,Centre-Back
2019/20,Wolves,John Ruddy,Goalkeeper
2019/20,Wolves,Jonny Otto,Right-Back
2019/20,Wolves,Jordan Graham,Right Winger
2019/20,Wolves,João Moutinho,Central Midfield
2019/20,Wolves,Leander Dendoncker,Defensive Midfield
2019/20,Wolves,Leonardo Campana,Centre-Forward
2019/20,Wolves,Lewis Richards,Left-Back
2019/20,Wolves,Luke Cundle,Central Midfield
2019/20,Wolves,Luke Matheson,Right-Back
2019/20,Wolves,Matt Doherty,Right-Back
2019/20,Wolves,Maximilian Kilman,Centre-Back
2019/20,Wolves,Meritan Shabani,Attacking Midfield
2019/20,Wolves,Ming-Yang Yang,Defensive Midfield
2019/20,Wolves,Morgan Gibbs-White,Attacking Midfield
2019/20,Wolves,Oskar Buur,Right-Back
2019/20,Wolves,Owen Otasowie,Defensive Midfield
2019/20,Wolves,Patrick Cutrone,Centre-Forward
2019/20,Wolves,Pedro Neto,Right Winger
2019/20,Wolves,Phil Ofosu-Ayeh,Right-Back
2019/20,Wolves,Raúl Jiménez,Centre-Forward
2019/20,Wolves,Romain Saïss,Centre-Back
2019/20,Wolves,Rui Patrício,Goalkeeper
2019/20,Wolves,Ryan Bennett,Centre-Back
2019/20,Wolves,Ryan Giles,Left-Back
2019/20,Wolves,Rúben Neves,Defensive Midfield
2019/20,Wolves,Rúben Vinagre,Left Midfield
2019/20,Wolves,Taylor Perry,Central Midfield
2019/20,Wolves,Terry Taylor,Defensive Midfield
2019/20,Wolves,Will Norris,Goalkeeper
2019/20,Wolves,Willy Boly,Centre-Back
2020/21,Arsenal,Ainsley Maitland-Niles,Right-Back
2020/21,Arsenal,Alexandre Lacazette,Centre-Forward
2020/21,Arsenal,Arthur Okonkwo,Goalkeeper
2020/21,Arsenal,Ben Cottrell,Central Midfield
2020/21,Arsenal,Bernd Leno,Goalkeeper
2020/21,Arsenal,Bukayo Saka,Right Winger
2020/21,Arsenal,Calum Chambers,Centre-Back
2020/21,Arsenal,Cédric Soares,Right-Back
2020/21,Arsenal,Dani Ceballos,Central Midfield
2020/21,Arsenal,David Luiz,Centre-Back
2020/21,Arsenal,Dejan Iliev,Goalkeeper
2020/21,Arsenal,Eddie Nketiah,Centre-Forward
2020/21,Arsenal,Emile Smith Rowe,Attacking Midfield
2020/21,Arsenal,Emiliano Martínez,Goalkeeper
2020/21,Arsenal,Folarin Balogun,Centre-Forward
2020/21,Arsenal,Gabriel,Centre-Back
2020/21,Arsenal,Gabriel Martinelli,Left Winger
2020/21,Arsenal,Granit Xhaka,Defensive Midfield
2020/21,Arsenal,Héctor Bellerín,Right-Back
2020/21,Arsenal,James Hillson,Goalkeeper
2020/21,Arsenal,James Olayinka,Central Midfield
2020/21,Arsenal,Joe Willock,Central Midfield
2020/21,Arsenal,Joel López,Left-Back
2020/21,Arsenal,Karl Hein,Goalkeeper
2020/21,Arsenal,Kieran Tierney,Left-Back
2020/21,Arsenal,Martin Ødegaard,Attacking Midfield
2020/21,Arsenal,Mathew Ryan,Goalkeeper
2020/21,Arsenal,Matt Macey,Goalkeeper
2020/21,Arsenal,Miguel Azeez,Central Midfield
2020/21,Arsenal,Mohamed Elneny,Defensive Midfield
2020/21,Arsenal,Nicolas Pépé,Right Winger
2020/21,Arsenal,Pablo Marí,Centre-Back
2020/21,Arsenal,Pierre-Emerick Aubameyang,Centre-Forward
2020/21,Arsenal,Reiss Nelson,Left Winger
2020/21,Arsenal,Rob Holding,Centre-Back
2020/21,Arsenal,Rúnar Alex Rúnarsson,Goalkeeper
2020/21,Arsenal,Sead Kolasinac,Centre-Back
2020/21,Arsenal,Shkodran Mustafi,Centre-Back
2020/21,Arsenal,Thomas Partey,Defensive Midfield
2020/21,Arsenal,Tyreece John-Jules,Centre-Forward
2020/21,Arsenal,William Saliba,Centre-Back
2020/21,Arsenal,Willian,Left Winger
2020/21,Aston Villa,Ahmed El Mohamady,Right-Back
2020/21,Aston Villa,Anwar El Ghazi,Right Winger
2020/21,Aston Villa,Arjan Raikhy,Central Midfield
2020/21,Aston Villa,Ben Chrisene,Left-Back
2020/21,Aston Villa,Bertrand Traoré,Right Winger
2020/21,Aston Villa,Björn Engels,Centre-Back
2020/21,Aston Villa,Brad Young,Centre-Forward
2020/21,Aston Villa,Callum Rowe,Central Midfield
2020/21,Aston Villa,Carney Chukwuemeka,Central Midfield
2020/21,Aston Villa,Conor Hourihane,Central Midfield
2020/21,Aston Villa,Dominic Revan,Centre-Back
2020/21,Aston Villa,Douglas Luiz,Central Midfield
2020/21,Aston Villa,Emiliano Martínez,Goalkeeper
2020/21,Aston Villa,Ezri Konsa,Centre-Back
2020/21,Aston Villa,Frankie Ealing,Right-Back
2020/21,Aston Villa,Frédéric Guilbert,Right-Back
2020/21,Aston Villa,Harrison Sohna,Central Midfield
2020/21,Aston Villa,Hayden Lindley,Defensive Midfield
2020/21,Aston Villa,Henri Lansbury,Central Midfield
2020/21,Aston Villa,Jack Grealish,Left Winger
2020/21,Aston Villa,Jacob Ramsey,Central Midfield
2020/21,Aston Villa,Jaden Philogene,Left Winger
2020/21,Aston Villa,Jake Walker,Central Midfield
2020/21,Aston Villa,Jed Steer,Goalkeeper
2020/21,Aston Villa,John McGinn,Central Midfield
2020/21,Aston Villa,Jota Peleteiro,Right Winger
2020/21,Aston Villa,Kaine Kesler-Hayden,Right-Back
2020/21,Aston Villa,Keinan Davis,Centre-Forward
2020/21,Aston Villa,Kortney Hause,Centre-Back
2020/21,Aston Villa,Lamare Bogarde,Defensive Midfield
2020/21,Aston Villa,Louie Barry,Left Winger
2020/21,Aston Villa,Lovre Kalinic,Goalkeeper
2020/21,Aston Villa,Mamadou Sylla,Central Midfield
2020/21,Aston Villa,Marvelous Nakamba,Defensive Midfield
2020/21,Aston Villa,Matt Targett,Left-Back
2020/21,Aston Villa,Matty Cash,Right-Back
2020/21,Aston Villa,Mbwana Samatta,Centre-Forward
2020/21,Aston Villa,Michael Tait,Centre-Forward
2020/21,Aston Villa,Morgan Sanson,Central Midfield
2020/21,Aston Villa,Mungo Bridge,Centre-Back
2020/21,Aston Villa,Neil Taylor,Left-Back
2020/21,Aston Villa,Oliwier Zych,Goalkeeper
2020/21,Aston Villa,Ollie Watkins,Centre-Forward
2020/21,Aston Villa,Ross Barkley,Central Midfield
2020/21,Aston Villa,Sil Swinkels,Centre-Back
2020/21,Aston Villa,Taylor-Jay Hart,Defensive Midfield
2020/21,Aston Villa,Teddy Rowe,Central Midfield
2020/21,Aston Villa,Tom Heaton,Goalkeeper
2020/21,Aston Villa,Trezeguet,Left Winger
2020/21,Aston Villa,Tyrone Mings,Centre-Back
2020/21,Aston Villa,Wesley Moraes,Centre-Forward
2020/21,Aston Villa,Ákos Onódi,Goalkeeper
2020/21,Aston Villa,Ørjan Nyland,Goalkeeper
2020/21,Brighton and Hove Albion,Aaron Connolly,Centre-Forward
2020/21,Brighton and Hove Albion,Adam Lallana,Attacking Midfield
2020/21,Brighton and Hove Albion,Adam Webster,Centre-Back
2020/21,Brighton and Hove Albion,Alex Cochrane,Left-Back
2020/21,Brighton and Hove Albion,Alexis Mac Allister,Central Midfield
2020/21,Brighton and Hove Albion,Alireza Jahanbakhsh,Right Winger
2020/21,Brighton and Hove Albion,Andi Zeqiri,Centre-Forward
2020/21,Brighton and Hove Albion,Ben White,Right-Back
2020/21,Brighton and Hove Albion,Bernardo,Left-Back
2020/21,Brighton and Hove Albion,Christian Walton,Goalkeeper
2020/21,Brighton and Hove Albion,Dale Stephens,Central Midfield
2020/21,Brighton and Hove Albion,Dan Burn,Centre-Back
2020/21,Brighton and Hove Albion,Danny Welbeck,Centre-Forward
2020/21,Brighton and Hove Albion,Davy Pröpper,Central Midfield
2020/21,Brighton and Hove Albion,Florin Andone,Centre-Forward
2020/21,Brighton and Hove Albion,Haydon Roberts,Left-Back
2020/21,Brighton and Hove Albion,Jakub Moder,Central Midfield
2020/21,Brighton and Hove Albion,Jason Steele,Goalkeeper
2020/21,Brighton and Hove Albion,Jayson Molumby,Central Midfield
2020/21,Brighton and Hove Albion,Jensen Weir,Central Midfield
2020/21,Brighton and Hove Albion,José Izquierdo,Left Winger
2020/21,Brighton and Hove Albion,Joël Veltman,Right-Back
2020/21,Brighton and Hove Albion,Lars Dendoncker,Centre-Back
2020/21,Brighton and Hove Albion,Leandro Trossard,Left Winger
2020/21,Brighton and Hove Albion,Leo Østigård,Centre-Back
2020/21,Brighton and Hove Albion,Lewis Dunk,Centre-Back
2020/21,Brighton and Hove Albion,Mathew Ryan,Goalkeeper
2020/21,Brighton and Hove Albion,Matt Clarke,Centre-Back
2020/21,Brighton and Hove Albion,Max Sanders,Central Midfield
2020/21,Brighton and Hove Albion,Michal Karbownik,Left-Back
2020/21,Brighton and Hove Albion,Moisés Caicedo,Defensive Midfield
2020/21,Brighton and Hove Albion,Neal Maupay,Centre-Forward
2020/21,Brighton and Hove Albion,Pascal Groß,Central Midfield
2020/21,Brighton and Hove Albion,Percy Tau,Right Winger
2020/21,Brighton and Hove Albion,Peter Gwargis,Right Winger
2020/21,Brighton and Hove Albion,Reda Khadra,Attacking Midfield
2020/21,Brighton and Hove Albion,Robert Sánchez,Goalkeeper
2020/21,Brighton and Hove Albion,Romaric Yapi,Right-Back
2020/21,Brighton and Hove Albion,Shane Duffy,Centre-Back
2020/21,Brighton and Hove Albion,Solly March,Right Winger
2020/21,Brighton and Hove Albion,Steven Alzate,Central Midfield
2020/21,Brighton and Hove Albion,Tariq Lamptey,Right-Back
2020/21,Brighton and Hove Albion,Teddy Jenks,Central Midfield
2020/21,Brighton and Hove Albion,Tom McGill,Goalkeeper
2020/21,Brighton and Hove Albion,Viktor Gyökeres,Centre-Forward
2020/21,Brighton and Hove Albion,Yves Bissouma,Defensive Midfield
2020/21,Burnley FC,Anthony Glennon,Left-Back
2020/21,Burnley FC,Anthony Gomez-Mancini,Attacking Midfield
2020/21,Burnley FC,Ashley Barnes,Centre-Forward
2020/21,Burnley FC,Ashley Westwood,Defensive Midfield
2020/21,Burnley FC,Bailey Peacock-Farrell,Goalkeeper
2020/21,Burnley FC,Ben Gibson,Centre-Back
2020/21,Burnley FC,Ben Mee,Centre-Back
2020/21,Burnley FC,Bobby Thomas,Centre-Back
2020/21,Burnley FC,Charlie Taylor,Left-Back
2020/21,Burnley FC,Chris Wood,Centre-Forward
2020/21,Burnley FC,Dale Stephens,Central Midfield
2020/21,Burnley FC,Dwight McNeil,Left Winger
2020/21,Burnley FC,Erik Pieters,Left-Back
2020/21,Burnley FC,Jack Cork,Defensive Midfield
2020/21,Burnley FC,James Tarkowski,Centre-Back
2020/21,Burnley FC,Jay Rodríguez,Centre-Forward
2020/21,Burnley FC,Jimmy Dunne,Centre-Back
2020/21,Burnley FC,Joel Mumbongo,Centre-Forward
2020/21,Burnley FC,Josh Benson,Central Midfield
2020/21,Burnley FC,Josh Brownhill,Central Midfield
2020/21,Burnley FC,Jóhann Berg Gudmundsson,Right Winger
2020/21,Burnley FC,Kevin Long,Centre-Back
2020/21,Burnley FC,Lewis Richardson,Right Midfield
2020/21,Burnley FC,Mace Goodridge,Central Midfield
2020/21,Burnley FC,Matej Vydra,Centre-Forward
2020/21,Burnley FC,Matthew Lowton,Right-Back
2020/21,Burnley FC,Max Thompson,Right Winger
2020/21,Burnley FC,Nick Pope,Goalkeeper
2020/21,Burnley FC,Phil Bardsley,Right-Back
2020/21,Burnley FC,Richard Nartey,Centre-Back
2020/21,Burnley FC,Robbie Brady,Left Midfield
2020/21,Burnley FC,Will Norris,Goalkeeper
2020/21,Chelsea,Andreas Christensen,Centre-Back
2020/21,Chelsea,Antonio Rüdiger,Centre-Back
2020/21,Chelsea,Ben Chilwell,Left-Back
2020/21,Chelsea,Billy Gilmour,Defensive Midfield
2020/21,Chelsea,Callum Hudson-Odoi,Left Winger
2020/21,Chelsea,Charly Musonda Jr.,Left Winger
2020/21,Chelsea,Christian Pulisic,Right Winger
2020/21,Chelsea,Conor Gallagher,Central Midfield
2020/21,Chelsea,César Azpilicueta,Centre-Back
2020/21,Chelsea,Edouard Mendy,Goalkeeper
2020/21,Chelsea,Emerson,Left-Back
2020/21,Chelsea,Ethan Ampadu,Defensive Midfield
2020/21,Chelsea,Fikayo Tomori,Centre-Back
2020/21,Chelsea,Hakim Ziyech,Right Winger
2020/21,Chelsea,Izzy Brown,Left Winger
2020/21,Chelsea,Jake Clarke-Salter,Centre-Back
2020/21,Chelsea,Jamal Blackman,Goalkeeper
2020/21,Chelsea,Jorginho,Defensive Midfield
2020/21,Chelsea,Kai Havertz,Centre-Forward
2020/21,Chelsea,Karlo Ziger,Goalkeeper
2020/21,Chelsea,Kepa Arrizabalaga,Goalkeeper
2020/21,Chelsea,Kurt Zouma,Centre-Back
2020/21,Chelsea,Lewis Bate,Central Midfield
2020/21,Chelsea,Marcos Alonso,Centre-Back
2020/21,Chelsea,Mason Mount,Attacking Midfield
2020/21,Chelsea,Mateo Kovacic,Central Midfield
2020/21,Chelsea,Michy Batshuayi,Centre-Forward
2020/21,Chelsea,N'Golo Kanté,Defensive Midfield
2020/21,Chelsea,Nathan Baxter,Goalkeeper
2020/21,Chelsea,Olivier Giroud,Centre-Forward
2020/21,Chelsea,Reece James,Right-Back
2020/21,Chelsea,Ross Barkley,Central Midfield
2020/21,Chelsea,Ruben Loftus-Cheek,Central Midfield
2020/21,Chelsea,Tammy Abraham,Centre-Forward
2020/21,Chelsea,Thiago Silva,Centre-Back
2020/21,Chelsea,Timo Werner,Centre-Forward
2020/21,Chelsea,Tino Anjorin,Central Midfield
2020/21,Chelsea,Tino Livramento,Right-Back
2020/21,Chelsea,Willy Caballero,Goalkeeper
2020/21,Crystal Palace,Andros Townsend,Right Winger
2020/21,Crystal Palace,Brandon Pierrick,Left Winger
2020/21,Crystal Palace,Cheikhou Kouyaté,Defensive Midfield
2020/21,Crystal Palace,Christian Benteke,Centre-Forward
2020/21,Crystal Palace,Connor Wickham,Centre-Forward
2020/21,Crystal Palace,Eberechi Eze,Attacking Midfield
2020/21,Crystal Palace,Gary Cahill,Centre-Back
2020/21,Crystal Palace,Jack Butland,Goalkeeper
2020/21,Crystal Palace,James McArthur,Central Midfield
2020/21,Crystal Palace,James McCarthy,Central Midfield
2020/21,Crystal Palace,James Tomkins,Centre-Back
2020/21,Crystal Palace,Jarosław Jach,Centre-Back
2020/21,Crystal Palace,Jaïro Riedewald,Defensive Midfield
2020/21,Crystal Palace,Jean-Philippe Mateta,Centre-Forward
2020/21,Crystal Palace,Jeffrey Schlupp,Left Midfield
2020/21,Crystal Palace,Jesurun Rak-Sakyi,Right Winger
2020/21,Crystal Palace,Joel Ward,Right-Back
2020/21,Crystal Palace,Jordan Ayew,Centre-Forward
2020/21,Crystal Palace,Luka Milivojevic,Defensive Midfield
2020/21,Crystal Palace,Mamadou Sakho,Centre-Back
2020/21,Crystal Palace,Martin Kelly,Right-Back
2020/21,Crystal Palace,Max Meyer,Central Midfield
2020/21,Crystal Palace,Michy Batshuayi,Centre-Forward
2020/21,Crystal Palace,Nathan Ferguson,Centre-Back
2020/21,Crystal Palace,Nathaniel Clyne,Right-Back
2020/21,Crystal Palace,Nya Kirby,Central Midfield
2020/21,Crystal Palace,Patrick van Aanholt,Left-Back
2020/21,Crystal Palace,Reece Hannam,Left-Back
2020/21,Crystal Palace,Ryan Inniss,Centre-Back
2020/21,Crystal Palace,Sam Woods,Centre-Back
2020/21,Crystal Palace,Scott Dann,Centre-Back
2020/21,Crystal Palace,Stephen Henderson,Goalkeeper
2020/21,Crystal Palace,Tyrick Mitchell,Left-Back
2020/21,Crystal Palace,Vicente Guaita,Goalkeeper
2020/21,Crystal Palace,Wayne Hennessey,Goalkeeper
2020/21,Crystal Palace,Wilfried Zaha,Left Winger
2020/21,Everton,Abdoulaye Doucouré,Attacking Midfield
2020/21,Everton,Alex Iwobi,Left Winger
2020/21,Everton,Allan,Defensive Midfield
2020/21,Everton,André Gomes,Central Midfield
2020/21,Everton,Anthony Gordon,Left Winger
2020/21,Everton,Ben Godfrey,Centre-Back
2020/21,Everton,Beni Baningime,Defensive Midfield
2020/21,Everton,Bernard,Left Winger
2020/21,Everton,Cenk Tosun,Centre-Forward
2020/21,Everton,Dominic Calvert-Lewin,Centre-Forward
2020/21,Everton,Ellis Simms,Centre-Forward
2020/21,Everton,Fabian Delph,Central Midfield
2020/21,Everton,Gylfi Sigurdsson,Attacking Midfield
2020/21,Everton,Harry Tyrer,Goalkeeper
2020/21,Everton,Isaac Price,Central Midfield
2020/21,Everton,James Rodríguez,Attacking Midfield
2020/21,Everton,Jarrad Branthwaite,Centre-Back
2020/21,Everton,Jean-Philippe Gbamin,Centre-Back
2020/21,Everton,Jonas Lössl,Goalkeeper
2020/21,Everton,Jonjoe Kenny,Right-Back
2020/21,Everton,Jordan Pickford,Goalkeeper
2020/21,Everton,Joshua King,Centre-Forward
2020/21,Everton,João Virgínia,Goalkeeper
2020/21,Everton,Kyle John,Right-Back
2020/21,Everton,Lucas Digne,Left-Back
2020/21,Everton,Mason Holgate,Centre-Back
2020/21,Everton,Matthew Pennington,Centre-Back
2020/21,Everton,Michael Keane,Centre-Back
2020/21,Everton,Moise Kean,Centre-Forward
2020/21,Everton,Muhamed Besic,Defensive Midfield
2020/21,Everton,Nathan Broadhead,Left Winger
2020/21,Everton,Niels Nkounkou,Left-Back
2020/21,Everton,Reece Welch,Centre-Back
2020/21,Everton,Richarlison,Centre-Forward
2020/21,Everton,Robin Olsen,Goalkeeper
2020/21,Everton,Ryan Astley,Centre-Back
2020/21,Everton,Séamus Coleman,Right-Back
2020/21,Everton,Theo Walcott,Right Winger
2020/21,Everton,Thierry Small,Left-Back
2020/21,Everton,Tom Davies,Central Midfield
2020/21,Everton,Tyler Onyango,Central Midfield
2020/21,Everton,Yannick Bolasie,Centre-Forward
2020/21,Everton,Yerry Mina,Centre-Back
2020/21,Everton,Zan-Luk Leban,Goalkeeper
2020/21,Fulham,Aboubakar Kamara,Centre-Forward
2020/21,Fulham,Ademola Lookman,Left Winger
2020/21,Fulham,Aleksandar Mitrović,Centre-Forward
2020/21,Fulham,Alfie Mawson,Centre-Back
2020/21,Fulham,Alphonse Areola,Goalkeeper
2020/21,Fulham,Anthony Knockaert,Right Winger
2020/21,Fulham,Antonee Robinson,Left-Back
2020/21,Fulham,Bobby De Cordova-Reid,Attacking Midfield
2020/21,Fulham,Cyrus Christie,Right-Back
2020/21,Fulham,Denis Odoi,Centre-Back
2020/21,Fulham,Fabri,Goalkeeper
2020/21,Fulham,Frank Anguissa,Central Midfield
2020/21,Fulham,Fábio Carvalho,Attacking Midfield
2020/21,Fulham,Harrison Reed,Central Midfield
2020/21,Fulham,Ivan Cavaleiro,Left Winger
2020/21,Fulham,Jean Michaël Seri,Defensive Midfield
2020/21,Fulham,Joachim Andersen,Centre-Back
2020/21,Fulham,Joe Bryan,Left-Back
2020/21,Fulham,Josh Maja,Centre-Forward
2020/21,Fulham,Josh Onomah,Central Midfield
2020/21,Fulham,Kenny Tete,Right-Back
2020/21,Fulham,Kevin McDonald,Defensive Midfield
2020/21,Fulham,Marcus Bettinelli,Goalkeeper
2020/21,Fulham,Marek Rodák,Goalkeeper
2020/21,Fulham,Mario Lemina,Defensive Midfield
2020/21,Fulham,Maxime Le Marchand,Centre-Back
2020/21,Fulham,Michael Hector,Centre-Back
2020/21,Fulham,Neeskens Kebano,Left Winger
2020/21,Fulham,Ola Aina,Right-Back
2020/21,Fulham,Ruben Loftus-Cheek,Central Midfield
2020/21,Fulham,Stefan Johansen,Central Midfield
2020/21,Fulham,Steven Sessegnon,Right-Back
2020/21,Fulham,Sylvester Jasper,Left Winger
2020/21,Fulham,Terence Kongolo,Centre-Back
2020/21,Fulham,Tim Ream,Centre-Back
2020/21,Fulham,Tom Cairney,Central Midfield
2020/21,Fulham,Tosin Adarabioyo,Centre-Back
2020/21,Fulham,Tyrese Francois,Central Midfield
2020/21,Leeds,Adam Forshaw,Central Midfield
2020/21,Leeds,Alfie McCalmont,Central Midfield
2020/21,Leeds,Barry Douglas,Left-Back
2020/21,Leeds,Charlie Cresswell,Centre-Back
2020/21,Leeds,Cody Drameh,Right-Back
2020/21,Leeds,Crysencio Summerville,Left Winger
2020/21,Leeds,Diego Llorente,Centre-Back
2020/21,Leeds,Elia Caprile,Goalkeeper
2020/21,Leeds,Eunan O'Kane,Central Midfield
2020/21,Leeds,Ezgjan Alioski,Left-Back
2020/21,Leeds,Gaetano Berardi,Right-Back
2020/21,Leeds,Hélder Costa,Right Winger
2020/21,Leeds,Ian Poveda,Right Winger
2020/21,Leeds,Illan Meslier,Goalkeeper
2020/21,Leeds,Jack Harrison,Left Winger
2020/21,Leeds,Jack Jenkins,Defensive Midfield
2020/21,Leeds,Jamie Shackleton,Right-Back
2020/21,Leeds,Joe Gelhardt,Centre-Forward
2020/21,Leeds,Jordan Stevens,Centre-Forward
2020/21,Leeds,Kalvin Phillips,Defensive Midfield
2020/21,Leeds,Kiko Casilla,Goalkeeper
2020/21,Leeds,Leif Davis,Left-Back
2020/21,Leeds,Liam Cooper,Centre-Back
2020/21,Leeds,Luke Ayling,Right-Back
2020/21,Leeds,Mateusz Bogusz,Attacking Midfield
2020/21,Leeds,Mateusz Klich,Defensive Midfield
2020/21,Leeds,Niall Huggins,Right-Back
2020/21,Leeds,Oliver Casey,Centre-Back
2020/21,Leeds,Ouasim Bouy,Defensive Midfield
2020/21,Leeds,Pablo Hernández,Right Winger
2020/21,Leeds,Pascal Struijk,Centre-Back
2020/21,Leeds,Patrick Bamford,Centre-Forward
2020/21,Leeds,Raphinha,Left Winger
2020/21,Leeds,Robbie Gotts,Central Midfield
2020/21,Leeds,Robin Koch,Centre-Back
2020/21,Leeds,Rodrigo,Centre-Forward
2020/21,Leeds,Sam Greenwood,Attacking Midfield
2020/21,Leeds,Stuart Dallas,Left Midfield
2020/21,Leeds,Tyler Roberts,Second Striker
2020/21,Leicester,Ayoze Pérez,Centre-Forward
2020/21,Leicester,Ben Nelson,Centre-Back
2020/21,Leicester,Cengiz Ünder,Right Winger
2020/21,Leicester,Christian Fuchs,Left-Back
2020/21,Leicester,Daniel Amartey,Centre-Back
2020/21,Leicester,Danny Ward,Goalkeeper
2020/21,Leicester,Demarai Gray,Left Winger
2020/21,Leicester,Dennis Praet,Central Midfield
2020/21,Leicester,Eldin Jakupović,Goalkeeper
2020/21,Leicester,Ethan Fitzhugh,Central Midfield
2020/21,Leicester,Hamza Choudhury,Defensive Midfield
2020/21,Leicester,Harvey Barnes,Left Winger
2020/21,Leicester,Islam Slimani,Centre-Forward
2020/21,Leicester,Jakub Stolarczyk,Goalkeeper
2020/21,Leicester,James Justin,Right-Back
2020/21,Leicester,James Maddison,Attacking Midfield
2020/21,Leicester,Jamie Vardy,Centre-Forward
2020/21,Leicester,Jonny Evans,Centre-Back
2020/21,Leicester,Josh Knight,Centre-Back
2020/21,Leicester,Kasper Schmeichel,Goalkeeper
2020/21,Leicester,Kelechi Iheanacho,Centre-Forward
2020/21,Leicester,Khanya Leshabela,Central Midfield
2020/21,Leicester,Kiernan Dewsbury-Hall,Central Midfield
2020/21,Leicester,Luke Thomas,Left-Back
2020/21,Leicester,Marc Albrighton,Right Midfield
2020/21,Leicester,Matty James,Central Midfield
2020/21,Leicester,Nampalys Mendy,Defensive Midfield
2020/21,Leicester,Ricardo Pereira,Right-Back
2020/21,Leicester,Sam Hughes,Centre-Back
2020/21,Leicester,Shane Flynn,Left-Back
2020/21,Leicester,Sidnei Tavares,Defensive Midfield
2020/21,Leicester,Tawanda Maswanhise,Right Winger
2020/21,Leicester,Thanawat Suengchitthawon,Central Midfield
2020/21,Leicester,Timothy Castagne,Right-Back
2020/21,Leicester,Vontae Daley-Campbell,Right-Back
2020/21,Leicester,Wes Morgan,Centre-Back
2020/21,Leicester,Wesley Fofana,Centre-Back
2020/21,Leicester,Wilfred Ndidi,Defensive Midfield
2020/21,Leicester,Youri Tielemans,Central Midfield
2020/21,Leicester,Çağlar Söyüncü,Centre-Back
2020/21,Liverpool,Adrián San Miguel,Goalkeeper
2020/21,Liverpool,Alex Oxlade-Chamberlain,Central Midfield
2020/21,Liverpool,Alisson,Goalkeeper
2020/21,Liverpool,Andrew Robertson,Left-Back
2020/21,Liverpool,Ben Davies,Centre-Back
2020/21,Liverpool,Ben Woodburn,Attacking Midfield
2020/21,Liverpool,Billy Koumetio,Centre-Back
2020/21,Liverpool,Caoimhín Kelleher,Goalkeeper
2020/21,Liverpool,Curtis Jones,Central Midfield
2020/21,Liverpool,Diogo Jota,Left Winger
2020/21,Liverpool,Divock Origi,Centre-Forward
2020/21,Liverpool,Fabinho,Defensive Midfield
2020/21,Liverpool,Georginio Wijnaldum,Central Midfield
2020/21,Liverpool,Harry Wilson,Right Winger
2020/21,Liverpool,Harvey Davies,Goalkeeper
2020/21,Liverpool,Harvey Elliott,Attacking Midfield
2020/21,Liverpool,Jake Cain,Central Midfield
2020/21,Liverpool,Jakub Ojrzynski,Goalkeeper
2020/21,Liverpool,James Milner,Central Midfield
2020/21,Liverpool,Joe Gomez,Centre-Back
2020/21,Liverpool,Jordan Henderson,Defensive Midfield
2020/21,Liverpool,Joël Matip,Centre-Back
2020/21,Liverpool,Konstantinos Tsimikas,Left-Back
2020/21,Liverpool,Leighton Clarkson,Central Midfield
2020/21,Liverpool,Liam Hughes,Goalkeeper
2020/21,Liverpool,Marko Grujić,Defensive Midfield
2020/21,Liverpool,Mohamed Salah,Right Winger
2020/21,Liverpool,Naby Keïta,Central Midfield
2020/21,Liverpool,Nat Phillips,Centre-Back
2020/21,Liverpool,Neco Williams,Left-Back
2020/21,Liverpool,Ozan Kabak,Centre-Back
2020/21,Liverpool,Rhian Brewster,Centre-Forward
2020/21,Liverpool,Rhys Williams,Centre-Back
2020/21,Liverpool,Roberto Firmino,Centre-Forward
2020/21,Liverpool,Sadio Mané,Left Winger
2020/21,Liverpool,Sepp van den Berg,Centre-Back
2020/21,Liverpool,Sheyi Ojo,Right Winger
2020/21,Liverpool,Takumi Minamino,Left Winger
2020/21,Liverpool,Thiago Alcántara,Central Midfield
2020/21,Liverpool,Trent Alexander-Arnold,Right-Back
2020/21,Liverpool,Virgil van Dijk,Centre-Back
2020/21,Liverpool,Vitezslav Jaros,Goalkeeper
2020/21,Liverpool,Xherdan Shaqiri,Attacking Midfield
2020/21,Man City,Adrián Bernabé,Central Midfield
2020/21,Man City,Aymeric Laporte,Centre-Back
2020/21,Man City,Benjamin Mendy,Left-Back
2020/21,Man City,Bernardo Silva,Attacking Midfield
2020/21,Man City,Claudio Gomes,Defensive Midfield
2020/21,Man City,Cole Palmer,Attacking Midfield
2020/21,Man City,Ederson,Goalkeeper
2020/21,Man City,Eric García,Centre-Back
2020/21,Man City,Felix Nmecha,Central Midfield
2020/21,Man City,Fernandinho,Defensive Midfield
2020/21,Man City,Ferran Torres,Centre-Forward
2020/21,Man City,Gabriel Jesus,Centre-Forward
2020/21,Man City,Jack Harrison,Left Winger
2020/21,Man City,James Trafford,Goalkeeper
2020/21,Man City,John Stones,Centre-Back
2020/21,Man City,João Cancelo,Right-Back
2020/21,Man City,Kevin De Bruyne,Attacking Midfield
2020/21,Man City,Kyle Walker,Right-Back
2020/21,Man City,Liam Delap,Centre-Forward
2020/21,Man City,Luke Mbete,Centre-Back
2020/21,Man City,Nathan Aké,Centre-Back
2020/21,Man City,Nicolás Otamendi,Centre-Back
2020/21,Man City,Oleksandr Zinchenko,Left-Back
2020/21,Man City,Patrick Roberts,Right Winger
2020/21,Man City,Phil Foden,Attacking Midfield
2020/21,Man City,Philippe Sandler,Centre-Back
2020/21,Man City,Raheem Sterling,Right Winger
2020/21,Man City,Riyad Mahrez,Right Winger
2020/21,Man City,Rodri,Defensive Midfield
2020/21,Man City,Rúben Dias,Centre-Back
2020/21,Man City,Scott Carson,Goalkeeper
2020/21,Man City,Sergio Agüero,Centre-Forward
2020/21,Man City,Taylor Harwood-Bellis,Centre-Back
2020/21,Man City,Tommy Doyle,Central Midfield
2020/21,Man City,Zack Steffen,Goalkeeper
2020/21,Man City,İlkay Gündoğan,Central Midfield
2020/21,Man United,Aaron Wan-Bissaka,Right-Back
2020/21,Man United,Alex Telles,Left-Back
2020/21,Man United,Amad Diallo,Right Winger
2020/21,Man United,Anthony Elanga,Right Winger
2020/21,Man United,Anthony Martial,Centre-Forward
2020/21,Man United,Axel Tuanzebe,Centre-Back
2020/21,Man United,Brandon Williams,Left-Back
2020/21,Man United,Bruno Fernandes,Attacking Midfield
2020/21,Man United,Daniel James,Right Winger
2020/21,Man United,David de Gea,Goalkeeper
2020/21,Man United,Dean Henderson,Goalkeeper
2020/21,Man United,Diogo Dalot,Right-Back
2020/21,Man United,Donny van de Beek,Central Midfield
2020/21,Man United,Edinson Cavani,Centre-Forward
2020/21,Man United,Eric Bailly,Centre-Back
2020/21,Man United,Ethan Galbraith,Central Midfield
2020/21,Man United,Facundo Pellistri,Right Winger
2020/21,Man United,Fred,Central Midfield
2020/21,Man United,Hannibal,Attacking Midfield
2020/21,Man United,Harry Maguire,Centre-Back
2020/21,Man United,Jesse Lingard,Attacking Midfield
2020/21,Man United,Joel Pereira,Goalkeeper
2020/21,Man United,Juan Mata,Attacking Midfield
2020/21,Man United,Lee Grant,Goalkeeper
2020/21,Man United,Luke Shaw,Left-Back
2020/21,Man United,Marcus Rashford,Left Winger
2020/21,Man United,Mason Greenwood,Right Winger
2020/21,Man United,Nathan Bishop,Goalkeeper
2020/21,Man United,Nemanja Matić,Defensive Midfield
2020/21,Man United,Odion Ighalo,Centre-Forward
2020/21,Man United,Paul Pogba,Central Midfield
2020/21,Man United,Phil Jones,Centre-Back
2020/21,Man United,Scott McTominay,Central Midfield
2020/21,Man United,Sergio Romero,Goalkeeper
2020/21,Man United,Shola Shoretire,Left Winger
2020/21,Man United,Teden Mengi,Centre-Back
2020/21,Man United,Timothy Fosu-Mensah,Right-Back
2020/21,Man United,Victor Lindelöf,Centre-Back
2020/21,Man United,Will Fish,Centre-Back
2020/21,Newcastle,Allan Saint-Maximin,Left Winger
2020/21,Newcastle,Andy Carroll,Centre-Forward
2020/21,Newcastle,Callum Wilson,Centre-Forward
2020/21,Newcastle,Christian Atsu,Left Winger
2020/21,Newcastle,Ciaran Clark,Centre-Back
2020/21,Newcastle,Dan Barlaser,Defensive Midfield
2020/21,Newcastle,Dan Langley,Goalkeeper
2020/21,Newcastle,DeAndre Yedlin,Right-Back
2020/21,Newcastle,Dwight Gayle,Centre-Forward
2020/21,Newcastle,Elliot Anderson,Central Midfield
2020/21,Newcastle,Emil Krafth,Right-Back
2020/21,Newcastle,Fabian Schär,Centre-Back
2020/21,Newcastle,Federico Fernández,Centre-Back
2020/21,Newcastle,Freddie Woodman,Goalkeeper
2020/21,Newcastle,Henri Saivet,Central Midfield
2020/21,Newcastle,Isaac Hayden,Defensive Midfield
2020/21,Newcastle,Jacob Murphy,Right Winger
2020/21,Newcastle,Jamaal Lascelles,Centre-Back
2020/21,Newcastle,Jamal Lewis,Left-Back
2020/21,Newcastle,Javier Manquillo,Right-Back
2020/21,Newcastle,Jeff Hendrick,Central Midfield
2020/21,Newcastle,Joe Willock,Central Midfield
2020/21,Newcastle,Joelinton,Central Midfield
2020/21,Newcastle,Jonjo Shelvey,Central Midfield
2020/21,Newcastle,Karl Darlow,Goalkeeper
2020/21,Newcastle,Mark Gillespie,Goalkeeper
2020/21,Newcastle,Martin Dúbravka,Goalkeeper
2020/21,Newcastle,Matt Ritchie,Right Midfield
2020/21,Newcastle,Matty Longstaff,Central Midfield
2020/21,Newcastle,Miguel Almirón,Right Winger
2020/21,Newcastle,Paul Dummett,Left-Back
2020/21,Newcastle,Ryan Fraser,Left Winger
2020/21,Newcastle,Sean Longstaff,Central Midfield
2020/21,Sheffield United,Aaron Ramsdale,Goalkeeper
2020/21,Sheffield United,Antwoine Hackford,Centre-Forward
2020/21,Sheffield United,Ben Osborn,Central Midfield
2020/21,Sheffield United,Billy Sharp,Centre-Forward
2020/21,Sheffield United,Chris Basham,Centre-Back
2020/21,Sheffield United,Daniel Jebbison,Centre-Forward
2020/21,Sheffield United,David McGoldrick,Centre-Forward
2020/21,Sheffield United,Enda Stevens,Left-Back
2020/21,Sheffield United,Ethan Ampadu,Defensive Midfield
2020/21,Sheffield United,Femi Seriki,Right-Back
2020/21,Sheffield United,Frankie Maguire,Attacking Midfield
2020/21,Sheffield United,George Baldock,Right-Back
2020/21,Sheffield United,Harry Boyes,Left-Back
2020/21,Sheffield United,Iliman Ndiaye,Right Winger
2020/21,Sheffield United,Jack O'Connell,Centre-Back
2020/21,Sheffield United,Jack Robinson,Centre-Back
2020/21,Sheffield United,Jack Rodwell,Centre-Back
2020/21,Sheffield United,Jake Eastwood,Goalkeeper
2020/21,Sheffield United,Jayden Bogle,Right-Back
2020/21,Sheffield United,John Egan,Centre-Back
2020/21,Sheffield United,John Fleck,Central Midfield
2020/21,Sheffield United,John Lundstram,Defensive Midfield
2020/21,Sheffield United,Kean Bryan,Centre-Back
2020/21,Sheffield United,Kyron Gordon,Centre-Back
2020/21,Sheffield United,Luke Freeman,Attacking Midfield
2020/21,Sheffield United,Lys Mousset,Centre-Forward
2020/21,Sheffield United,Max Lowe,Left-Back
2020/21,Sheffield United,Michael Verrips,Goalkeeper
2020/21,Sheffield United,Oli McBurnie,Centre-Forward
2020/21,Sheffield United,Oliver Burke,Centre-Forward
2020/21,Sheffield United,Oliver Norwood,Central Midfield
2020/21,Sheffield United,Phil Jagielka,Centre-Back
2020/21,Sheffield United,Regan Slater,Defensive Midfield
2020/21,Sheffield United,Rhian Brewster,Centre-Forward
2020/21,Sheffield United,Rhys Norrington-Davies,Left-Back
2020/21,Sheffield United,Sander Berge,Defensive Midfield
2020/21,Sheffield United,Simon Moore,Goalkeeper
2020/21,Sheffield United,Wes Foderingham,Goalkeeper
2020/21,Sheffield United,William Osula,Centre-Forward
2020/21,Sheffield United,Zak Brunt,Attacking Midfield
2020/21,Southampton,Alex McCarthy,Goalkeeper
2020/21,Southampton,Alexandre Jankewitz,Central Midfield
2020/21,Southampton,Allan Tchaptchet,Centre-Back
2020/21,Southampton,Angus Gunn,Goalkeeper
2020/21,Southampton,Caleb Watts,Attacking Midfield
2020/21,Southampton,Ché Adams,Centre-Forward
2020/21,Southampton,Dan Nlundulu,Centre-Forward
2020/21,Southampton,Danny Ings,Centre-Forward
2020/21,Southampton,Fraser Forster,Goalkeeper
2020/21,Southampton,Harry Lewis,Goalkeeper
2020/21,Southampton,Ibrahima Diallo,Defensive Midfield
2020/21,Southampton,Jack Stephens,Centre-Back
2020/21,Southampton,Jake Hesketh,Attacking Midfield
2020/21,Southampton,Jake Vokins,Left-Back
2020/21,Southampton,James Ward-Prowse,Central Midfield
2020/21,Southampton,Jan Bednarek,Centre-Back
2020/21,Southampton,Jannik Vestergaard,Centre-Back
2020/21,Southampton,Josh Sims,Right Winger
2020/21,Southampton,Kayne Ramsay,Right-Back
2020/21,Southampton,Kegs Chauke,Central Midfield
2020/21,Southampton,Kyle Walker-Peters,Right-Back
2020/21,Southampton,Mario Lemina,Defensive Midfield
2020/21,Southampton,Michael Obafemi,Centre-Forward
2020/21,Southampton,Mohamed Elyounoussi,Second Striker
2020/21,Southampton,Mohammed Salisu,Centre-Back
2020/21,Southampton,Moussa Djenepo,Left Winger
2020/21,Southampton,Nathan Redmond,Right Winger
2020/21,Southampton,Nathan Tella,Right Winger
2020/21,Southampton,Oriol Romeu,Defensive Midfield
2020/21,Southampton,Ryan Bertrand,Left-Back
2020/21,Southampton,Ryan Finnigan,Central Midfield
2020/21,Southampton,Sam McQueen,Left-Back
2020/21,Southampton,Shane Long,Centre-Forward
2020/21,Southampton,Stuart Armstrong,Central Midfield
2020/21,Southampton,Takumi Minamino,Left Winger
2020/21,Southampton,Theo Walcott,Right Winger
2020/21,Southampton,Will Ferry,Left Midfield
2020/21,Southampton,Will Smallbone,Central Midfield
2020/21,Southampton,Yan Valery,Right-Back
2020/21,Tottenham,Alfie Devine,Attacking Midfield
2020/21,Tottenham,Alfie Whiteman,Goalkeeper
2020/21,Tottenham,Ben Davies,Centre-Back
2020/21,Tottenham,Brandon Austin,Goalkeeper
2020/21,Tottenham,Cameron Carter-Vickers,Centre-Back
2020/21,Tottenham,Carlos Vinícius,Centre-Forward
2020/21,Tottenham,Dane Scarlett,Centre-Forward
2020/21,Tottenham,Danny Rose,Left-Back
2020/21,Tottenham,Davinson Sánchez,Centre-Back
2020/21,Tottenham,Dele Alli,Attacking Midfield
2020/21,Tottenham,Dennis Cirkin,Left-Back
2020/21,Tottenham,Dilan Markanday,Right Winger
2020/21,Tottenham,Eric Dier,Centre-Back
2020/21,Tottenham,Erik Lamela,Right Winger
2020/21,Tottenham,Gareth Bale,Right Winger
2020/21,Tottenham,Gedson Fernandes,Central Midfield
2020/21,Tottenham,Giovani Lo Celso,Attacking Midfield
2020/21,Tottenham,Harry Kane,Centre-Forward
2020/21,Tottenham,Harry Winks,Defensive Midfield
2020/21,Tottenham,Harvey White,Defensive Midfield
2020/21,Tottenham,Heung-min Son,Left Winger
2020/21,Tottenham,Hugo Lloris,Goalkeeper
2020/21,Tottenham,Jack Clarke,Left Winger
2020/21,Tottenham,Jamie Bowden,Defensive Midfield
2020/21,Tottenham,Japhet Tanganga,Centre-Back
2020/21,Tottenham,Joe Hart,Goalkeeper
2020/21,Tottenham,Joe Rodon,Centre-Back
2020/21,Tottenham,Lucas Moura,Right Winger
2020/21,Tottenham,Marcel Lavinier,Right-Back
2020/21,Tottenham,Matt Doherty,Right-Back
2020/21,Tottenham,Moussa Sissoko,Central Midfield
2020/21,Tottenham,Nile John,Central Midfield
2020/21,Tottenham,Oliver Skipp,Defensive Midfield
2020/21,Tottenham,Paulo Gazzaniga,Goalkeeper
2020/21,Tottenham,Pierre-Emile Højbjerg,Defensive Midfield
2020/21,Tottenham,Ryan Sessegnon,Left-Back
2020/21,Tottenham,Serge Aurier,Right-Back
2020/21,Tottenham,Sergio Reguilón,Left-Back
2020/21,Tottenham,Steven Bergwijn,Left Winger
2020/21,Tottenham,Tanguy Ndombélé,Central Midfield
2020/21,Tottenham,Toby Alderweireld,Centre-Back
2020/21,West Brom,Ahmed Hegazy,Centre-Back
2020/21,West Brom,Ainsley Maitland-Niles,Right-Back
2020/21,West Brom,Alex Palmer,Goalkeeper
2020/21,West Brom,Andy Lonergan,Goalkeeper
2020/21,West Brom,Branislav Ivanovic,Right-Back
2020/21,West Brom,Caleb Taylor,Centre-Back
2020/21,West Brom,Callum Robinson,Centre-Forward
2020/21,West Brom,Charlie Austin,Centre-Forward
2020/21,West Brom,Cheikh Diaby,Centre-Forward
2020/21,West Brom,Conor Gallagher,Central Midfield
2020/21,West Brom,Conor Townsend,Left-Back
2020/21,West Brom,Cédric Kipré,Centre-Back
2020/21,West Brom,Dara O'Shea,Centre-Back
2020/21,West Brom,Darnell Furlong,Right-Back
2020/21,West Brom,David Button,Goalkeeper
2020/21,West Brom,Filip Krovinovic,Defensive Midfield
2020/21,West Brom,George Harmon,Left-Back
2020/21,West Brom,Grady Diangana,Right Winger
2020/21,West Brom,Hal Robson-Kanu,Centre-Forward
2020/21,West Brom,Jake Livermore,Defensive Midfield
2020/21,West Brom,Jamie Soule,Centre-Forward
2020/21,West Brom,Jonathan Bond,Goalkeeper
2020/21,West Brom,Kamil Grosicki,Left Winger
2020/21,West Brom,Karlan Grant,Centre-Forward
2020/21,West Brom,Kenneth Zohore,Centre-Forward
2020/21,West Brom,Kieran Gibbs,Left-Back
2020/21,West Brom,Kyle Bartley,Centre-Back
2020/21,West Brom,Kyle Edwards,Left Winger
2020/21,West Brom,Lee Peltier,Right-Back
2020/21,West Brom,Matheus Pereira,Attacking Midfield
2020/21,West Brom,Matt Phillips,Right Winger
2020/21,West Brom,Mbaye Diagne,Centre-Forward
2020/21,West Brom,Okay Yokuşlu,Defensive Midfield
2020/21,West Brom,Rekeem Harper,Central Midfield
2020/21,West Brom,Rico Richards,Attacking Midfield
2020/21,West Brom,Robert Snodgrass,Right Winger
2020/21,West Brom,Romaine Sawyers,Central Midfield
2020/21,West Brom,Sam Field,Defensive Midfield
2020/21,West Brom,Sam Johnstone,Goalkeeper
2020/21,West Brom,Semi Ajayi,Centre-Back
2020/21,West Brom,Taylor Gardner-Hickman,Defensive Midfield
2020/21,West Brom,Tim Iroegbunam,Central Midfield
2020/21,West Brom,Toby King,Central Midfield
2020/21,West Ham,Aaron Cresswell,Left-Back
2020/21,West Ham,Aji Alese,Centre-Back
2020/21,West Ham,Andriy Yarmolenko,Right Winger
2020/21,West Ham,Angelo Ogbonna,Centre-Back
2020/21,West Ham,Arthur Masuaku,Left-Back
2020/21,West Ham,Ben Johnson,Right-Back
2020/21,West Ham,Conor Coventry,Defensive Midfield
2020/21,West Ham,Craig Dawson,Centre-Back
2020/21,West Ham,Darren Randolph,Goalkeeper
2020/21,West Ham,David Martin,Goalkeeper
2020/21,West Ham,Declan Rice,Central Midfield
2020/21,West Ham,Emmanuel Longelo,Left-Back
2020/21,West Ham,Fabián Balbuena,Centre-Back
2020/21,West Ham,Felipe Anderson,Left Winger
2020/21,West Ham,Frederik Alves,Centre-Back
2020/21,West Ham,Gonçalo Cardoso,Centre-Back
2020/21,West Ham,Harrison Ashby,Right-Back
2020/21,West Ham,Issa Diop,Centre-Back
2020/21,West Ham,Jack Wilshere,Central Midfield
2020/21,West Ham,Jamal Baptiste,Centre-Back
2020/21,West Ham,Jarrod Bowen,Right Winger
2020/21,West Ham,Jesse Lingard,Attacking Midfield
2020/21,West Ham,Josh Cullen,Central Midfield
2020/21,West Ham,Lukasz Fabianski,Goalkeeper
2020/21,West Ham,Manuel Lanzini,Attacking Midfield
2020/21,West Ham,Mark Noble,Central Midfield
2020/21,West Ham,Michail Antonio,Centre-Forward
2020/21,West Ham,Mipo Odubeko,Centre-Forward
2020/21,West Ham,Nathan Holland,Left Winger
2020/21,West Ham,Nathan Trott,Goalkeeper
2020/21,West Ham,Oladapo Afolayan,Right Winger
2020/21,West Ham,Pablo Fornals,Central Midfield
2020/21,West Ham,Robert Snodgrass,Right Winger
2020/21,West Ham,Ryan Fredericks,Right-Back
2020/21,West Ham,Saïd Benrahma,Left Winger
2020/21,West Ham,Sébastien Haller,Centre-Forward
2020/21,West Ham,Tomáš Souček,Defensive Midfield
2020/21,West Ham,Vladimír Coufal,Right-Back
2020/21,West Ham,Winston Reid,Centre-Back
2020/21,West Ham,Xande Silva,Left Winger
2020/21,Wolves,Adama Traoré,Right Winger
2020/21,Wolves,Andreas Søndergaard,Goalkeeper
2020/21,Wolves,Christian Marques,Centre-Back
2020/21,Wolves,Conor Coady,Centre-Back
2020/21,Wolves,Daniel Podence,Left Winger
2020/21,Wolves,Diogo Jota,Left Winger
2020/21,Wolves,Fábio Silva,Centre-Forward
2020/21,Wolves,Hugo Bueno,Left-Back
2020/21,Wolves,John Ruddy,Goalkeeper
2020/21,Wolves,Jonny Otto,Right-Back
2020/21,Wolves,João Moutinho,Central Midfield
2020/21,Wolves,Ki-Jana Hoever,Right-Back
2020/21,Wolves,Leander Dendoncker,Defensive Midfield
2020/21,Wolves,Lewis Richards,Left-Back
2020/21,Wolves,Luke Cundle,Central Midfield
2020/21,Wolves,Marçal,Left-Back
2020/21,Wolves,Matija Sarkic,Goalkeeper
2020/21,Wolves,Maximilian Kilman,Centre-Back
2020/21,Wolves,Meritan Shabani,Attacking Midfield
2020/21,Wolves,Morgan Gibbs-White,Attacking Midfield
2020/21,Wolves,Nigel Lonwijk,Centre-Back
2020/21,Wolves,Nélson Semedo,Right-Back
2020/21,Wolves,Oskar Buur,Right-Back
2020/21,Wolves,Owen Otasowie,Defensive Midfield
2020/21,Wolves,Patrick Cutrone,Centre-Forward
2020/21,Wolves,Pedro Neto,Right Winger
2020/21,Wolves,Rayan Aït-Nouri,Left-Back
2020/21,Wolves,Raúl Jiménez,Centre-Forward
2020/21,Wolves,Renat Dadashov,Centre-Forward
2020/21,Wolves,Romain Saïss,Centre-Back
2020/21,Wolves,Rui Patrício,Goalkeeper
2020/21,Wolves,Rúben Neves,Defensive Midfield
2020/21,Wolves,Rúben Vinagre,Left Midfield
2020/21,Wolves,Taylor Perry,Central Midfield
2020/21,Wolves,Theo Corbeanu,Right Winger
2020/21,Wolves,Vitinha,Defensive Midfield
2020/21,Wolves,Willian José,Centre-Forward
2020/21,Wolves,Willy Boly,Centre-Back
2021/22,Arsenal,Aaron Ramsdale,Goalkeeper
2021/22,Arsenal,Ainsley Maitland-Niles,Right-Back
2021/22,Arsenal,Albert Sambi Lokonga,Central Midfield
2021/22,Arsenal,Alex Kirk,Centre-Back
2021/22,Arsenal,Alexandre Lacazette,Centre-Forward
2021/22,Arsenal,Arthur Okonkwo,Goalkeeper
2021/22,Arsenal,Ben White,Right-Back
2021/22,Arsenal,Bernd Leno,Goalkeeper
2021/22,Arsenal,Bukayo Saka,Right Winger
2021/22,Arsenal,Calum Chambers,Centre-Back
2021/22,Arsenal,Charlie Patiño,Central Midfield
2021/22,Arsenal,Cédric Soares,Right-Back
2021/22,Arsenal,Eddie Nketiah,Centre-Forward
2021/22,Arsenal,Emile Smith Rowe,Attacking Midfield
2021/22,Arsenal,Folarin Balogun,Centre-Forward
2021/22,Arsenal,Gabriel,Centre-Back
2021/22,Arsenal,Gabriel Martinelli,Left Winger
2021/22,Arsenal,Granit Xhaka,Defensive Midfield
2021/22,Arsenal,Héctor Bellerín,Right-Back
2021/22,Arsenal,Karl Hein,Goalkeeper
2021/22,Arsenal,Kieran Tierney,Left-Back
2021/22,Arsenal,Marcelo Flores,Left Winger
2021/22,Arsenal,Martin Ødegaard,Attacking Midfield
2021/22,Arsenal,Mazeed Ogungbo,Left-Back
2021/22,Arsenal,Miguel Azeez,Central Midfield
2021/22,Arsenal,Mika Biereth,Centre-Forward
2021/22,Arsenal,Mohamed Elneny,Defensive Midfield
2021/22,Arsenal,Nicolas Pépé,Right Winger
2021/22,Arsenal,Nuno Tavares,Left-Back
2021/22,Arsenal,Omari Hutchinson,Right Winger
2021/22,Arsenal,Pablo Marí,Centre-Back
2021/22,Arsenal,Pierre-Emerick Aubameyang,Centre-Forward
2021/22,Arsenal,Reiss Nelson,Left Winger
2021/22,Arsenal,Rob Holding,Centre-Back
2021/22,Arsenal,Ryan Alebiosu,Right-Back
2021/22,Arsenal,Salah Oulad,Central Midfield
2021/22,Arsenal,Sead Kolasinac,Centre-Back
2021/22,Arsenal,Takehiro Tomiyasu,Centre-Back
2021/22,Arsenal,Thomas Partey,Defensive Midfield
2021/22,Arsenal,Zach Awe,Centre-Back
2021/22,Arsenal,Zak Swanson,Right-Back
2021/22,Aston Villa,Aaron Ramsey,Attacking Midfield
2021/22,Aston Villa,Anwar El Ghazi,Right Winger
2021/22,Aston Villa,Ashley Young,Right-Back
2021/22,Aston Villa,Axel Tuanzebe,Centre-Back
2021/22,Aston Villa,Ben Chrisene,Left-Back
2021/22,Aston Villa,Bertrand Traoré,Right Winger
2021/22,Aston Villa,Caleb Chukwuemeka,Left Winger
2021/22,Aston Villa,Calum Chambers,Centre-Back
2021/22,Aston Villa,Cameron Archer,Centre-Forward
2021/22,Aston Villa,Carney Chukwuemeka,Central Midfield
2021/22,Aston Villa,Conor Hourihane,Central Midfield
2021/22,Aston Villa,Danny Ings,Centre-Forward
2021/22,Aston Villa,Douglas Luiz,Central Midfield
2021/22,Aston Villa,Emiliano Buendía,Left Winger
2021/22,Aston Villa,Emiliano Martínez,Goalkeeper
2021/22,Aston Villa,Ezri Konsa,Centre-Back
2021/22,Aston Villa,Filip Marschall,Goalkeeper
2021/22,Aston Villa,Frédéric Guilbert,Right-Back
2021/22,Aston Villa,Hayden Lindley,Defensive Midfield
2021/22,Aston Villa,Jacob Ramsey,Central Midfield
2021/22,Aston Villa,Jaden Philogene,Left Winger
2021/22,Aston Villa,Jed Steer,Goalkeeper
2021/22,Aston Villa,John McGinn,Central Midfield
2021/22,Aston Villa,Josh Feeney,Centre-Back
2021/22,Aston Villa,Kaine Kesler-Hayden,Right-Back
2021/22,Aston Villa,Keinan Davis,Centre-Forward
2021/22,Aston Villa,Kortney Hause,Centre-Back
2021/22,Aston Villa,Lamare Bogarde,Defensive Midfield
2021/22,Aston Villa,Leon Bailey,Right Winger
2021/22,Aston Villa,Lucas Digne,Left-Back
2021/22,Aston Villa,Marvelous Nakamba,Defensive Midfield
2021/22,Aston Villa,Matt Targett,Left-Back
2021/22,Aston Villa,Matty Cash,Right-Back
2021/22,Aston Villa,Morgan Sanson,Central Midfield
2021/22,Aston Villa,Ollie Watkins,Centre-Forward
2021/22,Aston Villa,Philippe Coutinho,Attacking Midfield
2021/22,Aston Villa,Robin Olsen,Goalkeeper
2021/22,Aston Villa,Sil Swinkels,Centre-Back
2021/22,Aston Villa,Tim Iroegbunam,Central Midfield
2021/22,Aston Villa,Tommi O'Reilly,Attacking Midfield
2021/22,Aston Villa,Trezeguet,Left Winger
2021/22,Aston Villa,Tyrone Mings,Centre-Back
2021/22,Aston Villa,Viljami Sinisalo,Goalkeeper
2021/22,Aston Villa,Wesley Moraes,Centre-Forward
2021/22,Brentford FC,Bryan Mbeumo,Right Winger
2021/22,Brentford FC,Charlie Goode,Centre-Back
2021/22,Brentford FC,Christian Eriksen,Attacking Midfield
2021/22,Brentford FC,Christian Nørgaard,Defensive Midfield
2021/22,Brentford FC,Daniel Oyegoke,Right-Back
2021/22,Brentford FC,David Raya,Goalkeeper
2021/22,Brentford FC,Dominic Thompson,Left-Back
2021/22,Brentford FC,Ellery Balcombe,Goalkeeper
2021/22,Brentford FC,Ethan Pinnock,Centre-Back
2021/22,Brentford FC,Fin Stevens,Right-Back
2021/22,Brentford FC,Frank Onyeka,Central Midfield
2021/22,Brentford FC,Halil Dervişoğlu,Centre-Forward
2021/22,Brentford FC,Ivan Toney,Centre-Forward
2021/22,Brentford FC,Jonas Lössl,Goalkeeper
2021/22,Brentford FC,Josh Dasilva,Central Midfield
2021/22,Brentford FC,Julian Jeanvier,Centre-Back
2021/22,Brentford FC,Kristoffer Ajer,Centre-Back
2021/22,Brentford FC,Mads Bech Sørensen,Centre-Back
2021/22,Brentford FC,Mads Bidstrup,Central Midfield
2021/22,Brentford FC,Mads Roerslev,Right-Back
2021/22,Brentford FC,Marcus Forss,Centre-Forward
2021/22,Brentford FC,Mathias Jensen,Central Midfield
2021/22,Brentford FC,Matthew Cox,Goalkeeper
2021/22,Brentford FC,Max Haygarth,Left Winger
2021/22,Brentford FC,Myles Peart-Harris,Attacking Midfield
2021/22,Brentford FC,Nathan Young-Coombes,Right Winger
2021/22,Brentford FC,Paris Maghoma,Central Midfield
2021/22,Brentford FC,Patrik Gunnarsson,Goalkeeper
2021/22,Brentford FC,Pontus Jansson,Centre-Back
2021/22,Brentford FC,Rico Henry,Left-Back
2021/22,Brentford FC,Saman Ghoddos,Attacking Midfield
2021/22,Brentford FC,Sergi Canós,Left Winger
2021/22,Brentford FC,Shandon Baptiste,Central Midfield
2021/22,Brentford FC,Tariqe Fosu,Left Winger
2021/22,Brentford FC,Vitaly Janelt,Defensive Midfield
2021/22,Brentford FC,Yoane Wissa,Centre-Forward
2021/22,Brentford FC,Zanka,Centre-Back
2021/22,Brentford FC,Álvaro Ferllo,Goalkeeper
2021/22,Brighton and Hove Albion,Aaron Connolly,Centre-Forward
2021/22,Brighton and Hove Albion,Abdallah Sima,Left Winger
2021/22,Brighton and Hove Albion,Adam Lallana,Attacking Midfield
2021/22,Brighton and Hove Albion,Adam Webster,Centre-Back
2021/22,Brighton and Hove Albion,Alexis Mac Allister,Central Midfield
2021/22,Brighton and Hove Albion,Andi Zeqiri,Centre-Forward
2021/22,Brighton and Hove Albion,Andrew Moran,Attacking Midfield
2021/22,Brighton and Hove Albion,Antef Tsoungui,Centre-Back
2021/22,Brighton and Hove Albion,Christian Walton,Goalkeeper
2021/22,Brighton and Hove Albion,Dan Burn,Centre-Back
2021/22,Brighton and Hove Albion,Danny Welbeck,Centre-Forward
2021/22,Brighton and Hove Albion,Ed Turns,Centre-Back
2021/22,Brighton and Hove Albion,Enock Mwepu,Central Midfield
2021/22,Brighton and Hove Albion,Evan Ferguson,Centre-Forward
2021/22,Brighton and Hove Albion,Florin Andone,Centre-Forward
2021/22,Brighton and Hove Albion,Haydon Roberts,Left-Back
2021/22,Brighton and Hove Albion,Jakub Moder,Central Midfield
2021/22,Brighton and Hove Albion,James Furlong,Left-Back
2021/22,Brighton and Hove Albion,Jan Paul van Hecke,Centre-Back
2021/22,Brighton and Hove Albion,Jason Steele,Goalkeeper
2021/22,Brighton and Hove Albion,Jeremy Sarmiento,Left Winger
2021/22,Brighton and Hove Albion,Joël Veltman,Right-Back
2021/22,Brighton and Hove Albion,Jürgen Locadia,Centre-Forward
2021/22,Brighton and Hove Albion,Kjell Scherpen,Goalkeeper
2021/22,Brighton and Hove Albion,Leandro Trossard,Left Winger
2021/22,Brighton and Hove Albion,Lewis Dunk,Centre-Back
2021/22,Brighton and Hove Albion,Marc Cucurella,Left-Back
2021/22,Brighton and Hove Albion,Marc Leonard,Central Midfield
2021/22,Brighton and Hove Albion,Matt Clarke,Centre-Back
2021/22,Brighton and Hove Albion,Michal Karbownik,Left-Back
2021/22,Brighton and Hove Albion,Moisés Caicedo,Defensive Midfield
2021/22,Brighton and Hove Albion,Neal Maupay,Centre-Forward
2021/22,Brighton and Hove Albion,Odeluga Offiah,Centre-Back
2021/22,Brighton and Hove Albion,Pascal Groß,Central Midfield
2021/22,Brighton and Hove Albion,Robert Sánchez,Goalkeeper
2021/22,Brighton and Hove Albion,Shane Duffy,Centre-Back
2021/22,Brighton and Hove Albion,Solly March,Right Winger
2021/22,Brighton and Hove Albion,Steven Alzate,Central Midfield
2021/22,Brighton and Hove Albion,Tariq Lamptey,Right-Back
2021/22,Brighton and Hove Albion,Taylor Richards,Central Midfield
2021/22,Brighton and Hove Albion,Tom McGill,Goalkeeper
2021/22,Brighton and Hove Albion,Tudor Băluță,Defensive Midfield
2021/22,Brighton and Hove Albion,Yves Bissouma,Defensive Midfield
2021/22,Burnley FC,Aaron Lennon,Right Winger
2021/22,Burnley FC,Anthony Gomez-Mancini,Attacking Midfield
2021/22,Burnley FC,Ashley Barnes,Centre-Forward
2021/22,Burnley FC,Ashley Westwood,Defensive Midfield
2021/22,Burnley FC,Bailey Peacock-Farrell,Goalkeeper
2021/22,Burnley FC,Ben Mee,Centre-Back
2021/22,Burnley FC,Bobby Thomas,Centre-Back
2021/22,Burnley FC,Charlie Taylor,Left-Back
2021/22,Burnley FC,Chris Wood,Centre-Forward
2021/22,Burnley FC,Connor Roberts,Right-Back
2021/22,Burnley FC,Dale Stephens,Central Midfield
2021/22,Burnley FC,Dara Costelloe,Left Winger
2021/22,Burnley FC,Dwight McNeil,Left Winger
2021/22,Burnley FC,Erik Pieters,Left-Back
2021/22,Burnley FC,Jack Cork,Defensive Midfield
2021/22,Burnley FC,James Tarkowski,Centre-Back
2021/22,Burnley FC,Jay Rodríguez,Centre-Forward
2021/22,Burnley FC,Joe McGlynn,Centre-Forward
2021/22,Burnley FC,Josh Brownhill,Central Midfield
2021/22,Burnley FC,Jóhann Berg Gudmundsson,Right Winger
2021/22,Burnley FC,Kevin Long,Centre-Back
2021/22,Burnley FC,Lewis Richardson,Right Midfield
2021/22,Burnley FC,Lukas Jensen,Goalkeeper
2021/22,Burnley FC,Mark Helm,Central Midfield
2021/22,Burnley FC,Matej Vydra,Centre-Forward
2021/22,Burnley FC,Matthew Lowton,Right-Back
2021/22,Burnley FC,Maxwel Cornet,Left Winger
2021/22,Burnley FC,Nathan Collins,Centre-Back
2021/22,Burnley FC,Nick Pope,Goalkeeper
2021/22,Burnley FC,Owen Dodgson,Left-Back
2021/22,Burnley FC,Phil Bardsley,Right-Back
2021/22,Burnley FC,Sam Waller,Goalkeeper
2021/22,Burnley FC,Wayne Hennessey,Goalkeeper
2021/22,Burnley FC,Will Norris,Goalkeeper
2021/22,Burnley FC,Wout Weghorst,Centre-Forward
2021/22,Chelsea,Abdul Rahman Baba,Left-Back
2021/22,Chelsea,Andreas Christensen,Centre-Back
2021/22,Chelsea,Antonio Rüdiger,Centre-Back
2021/22,Chelsea,Ben Chilwell,Left-Back
2021/22,Chelsea,Billy Gilmour,Defensive Midfield
2021/22,Chelsea,Callum Hudson-Odoi,Left Winger
2021/22,Chelsea,Charlie Webster,Central Midfield
2021/22,Chelsea,Charly Musonda Jr.,Left Winger
2021/22,Chelsea,Christian Pulisic,Right Winger
2021/22,Chelsea,César Azpilicueta,Centre-Back
2021/22,Chelsea,Danny Drinkwater,Central Midfield
2021/22,Chelsea,Dylan Williams,Left-Back
2021/22,Chelsea,Edouard Mendy,Goalkeeper
2021/22,Chelsea,Emerson,Left-Back
2021/22,Chelsea,Hakim Ziyech,Right Winger
2021/22,Chelsea,Harvey Vale,Right Midfield
2021/22,Chelsea,Jake Clarke-Salter,Centre-Back
2021/22,Chelsea,Jorginho,Defensive Midfield
2021/22,Chelsea,Jude Soonsup-Bell,Centre-Forward
2021/22,Chelsea,Kai Havertz,Centre-Forward
2021/22,Chelsea,Kenedy,Left Winger
2021/22,Chelsea,Kepa Arrizabalaga,Goalkeeper
2021/22,Chelsea,Kurt Zouma,Centre-Back
2021/22,Chelsea,Lewis Baker,Central Midfield
2021/22,Chelsea,Lewis Hall,Left-Back
2021/22,Chelsea,Lucas Bergström,Goalkeeper
2021/22,Chelsea,Malang Sarr,Centre-Back
2021/22,Chelsea,Marcos Alonso,Centre-Back
2021/22,Chelsea,Marcus Bettinelli,Goalkeeper
2021/22,Chelsea,Mason Mount,Attacking Midfield
2021/22,Chelsea,Mateo Kovacic,Central Midfield
2021/22,Chelsea,N'Golo Kanté,Defensive Midfield
2021/22,Chelsea,Reece James,Right-Back
2021/22,Chelsea,Romelu Lukaku,Centre-Forward
2021/22,Chelsea,Ross Barkley,Central Midfield
2021/22,Chelsea,Ruben Loftus-Cheek,Central Midfield
2021/22,Chelsea,Saúl Ñíguez,Central Midfield
2021/22,Chelsea,Tammy Abraham,Centre-Forward
2021/22,Chelsea,Teddy Sharman-Lowe,Goalkeeper
2021/22,Chelsea,Thiago Silva,Centre-Back
2021/22,Chelsea,Timo Werner,Centre-Forward
2021/22,Chelsea,Trevoh Chalobah,Centre-Back
2021/22,Chelsea,Xavier Mbuyamba,Centre-Back
2021/22,Chelsea,Xavier Simons,Defensive Midfield
2021/22,Crystal Palace,Cheikhou Kouyaté,Defensive Midfield
2021/22,Crystal Palace,Christian Benteke,Centre-Forward
2021/22,Crystal Palace,Conor Gallagher,Central Midfield
2021/22,Crystal Palace,Eberechi Eze,Attacking Midfield
2021/22,Crystal Palace,Jack Butland,Goalkeeper
2021/22,Crystal Palace,Jack Wells-Morrison,Central Midfield
2021/22,Crystal Palace,James McArthur,Central Midfield
2021/22,Crystal Palace,James Tomkins,Centre-Back
2021/22,Crystal Palace,Jarosław Jach,Centre-Back
2021/22,Crystal Palace,Jaïro Riedewald,Defensive Midfield
2021/22,Crystal Palace,Jean-Philippe Mateta,Centre-Forward
2021/22,Crystal Palace,Jeffrey Schlupp,Left Midfield
2021/22,Crystal Palace,Jesurun Rak-Sakyi,Right Winger
2021/22,Crystal Palace,Joachim Andersen,Centre-Back
2021/22,Crystal Palace,Joel Ward,Right-Back
2021/22,Crystal Palace,Jordan Ayew,Centre-Forward
2021/22,Crystal Palace,Luka Milivojevic,Defensive Midfield
2021/22,Crystal Palace,Luke Plange,Centre-Forward
2021/22,Crystal Palace,Marc Guéhi,Centre-Back
2021/22,Crystal Palace,Martin Kelly,Right-Back
2021/22,Crystal Palace,Michael Olise,Right Winger
2021/22,Crystal Palace,Nathan Ferguson,Centre-Back
2021/22,Crystal Palace,Nathaniel Clyne,Right-Back
2021/22,Crystal Palace,Odsonne Édouard,Centre-Forward
2021/22,Crystal Palace,Reece Hannam,Left-Back
2021/22,Crystal Palace,Remi Matthews,Goalkeeper
2021/22,Crystal Palace,Rob Street,Centre-Forward
2021/22,Crystal Palace,Scott Banks,Right Winger
2021/22,Crystal Palace,Tayo Adaramola,Left-Back
2021/22,Crystal Palace,Tyrick Mitchell,Left-Back
2021/22,Crystal Palace,Vicente Guaita,Goalkeeper
2021/22,Crystal Palace,Wilfried Zaha,Left Winger
2021/22,Crystal Palace,Will Hughes,Central Midfield
2021/22,Everton,Abdoulaye Doucouré,Attacking Midfield
2021/22,Everton,Alex Iwobi,Left Winger
2021/22,Everton,Allan,Defensive Midfield
2021/22,Everton,Andros Townsend,Right Winger
2021/22,Everton,André Gomes,Central Midfield
2021/22,Everton,Andy Lonergan,Goalkeeper
2021/22,Everton,Anthony Gordon,Left Winger
2021/22,Everton,Anwar El Ghazi,Right Winger
2021/22,Everton,Asmir Begovic,Goalkeeper
2021/22,Everton,Ben Godfrey,Centre-Back
2021/22,Everton,Cenk Tosun,Centre-Forward
2021/22,Everton,Charlie Whitaker,Attacking Midfield
2021/22,Everton,Dele Alli,Attacking Midfield
2021/22,Everton,Demarai Gray,Left Winger
2021/22,Everton,Dominic Calvert-Lewin,Centre-Forward
2021/22,Everton,Donny van de Beek,Central Midfield
2021/22,Everton,Ellis Simms,Centre-Forward
2021/22,Everton,Fabian Delph,Central Midfield
2021/22,Everton,Gylfi Sigurdsson,Attacking Midfield
2021/22,Everton,Harry Tyrer,Goalkeeper
2021/22,Everton,Isaac Price,Central Midfield
2021/22,Everton,Jarrad Branthwaite,Centre-Back
2021/22,Everton,Jean-Philippe Gbamin,Centre-Back
2021/22,Everton,Jonjoe Kenny,Right-Back
2021/22,Everton,Jordan Pickford,Goalkeeper
2021/22,Everton,Lewis Dobbin,Left Winger
2021/22,Everton,Lucas Digne,Left-Back
2021/22,Everton,Mason Holgate,Centre-Back
2021/22,Everton,Michael Keane,Centre-Back
2021/22,Everton,Moise Kean,Centre-Forward
2021/22,Everton,Nathan Broadhead,Left Winger
2021/22,Everton,Nathan Patterson,Right-Back
2021/22,Everton,Niels Nkounkou,Left-Back
2021/22,Everton,Reece Welch,Centre-Back
2021/22,Everton,Richarlison,Centre-Forward
2021/22,Everton,Ryan Astley,Centre-Back
2021/22,Everton,Salomón Rondón,Centre-Forward
2021/22,Everton,Séamus Coleman,Right-Back
2021/22,Everton,Tom Davies,Central Midfield
2021/22,Everton,Tyler Onyango,Central Midfield
2021/22,Everton,Vitaliy Mykolenko,Left-Back
2021/22,Everton,Yerry Mina,Centre-Back
2021/22,Leeds,Adam Forshaw,Central Midfield
2021/22,Leeds,Archie Gray,Defensive Midfield
2021/22,Leeds,Charlie Cresswell,Centre-Back
2021/22,Leeds,Cody Drameh,Right-Back
2021/22,Leeds,Crysencio Summerville,Left Winger
2021/22,Leeds,Daniel James,Right Winger
2021/22,Leeds,Diego Llorente,Centre-Back
2021/22,Leeds,Hélder Costa,Right Winger
2021/22,Leeds,Ian Poveda,Right Winger
2021/22,Leeds,Illan Meslier,Goalkeeper
2021/22,Leeds,Jack Harrison,Left Winger
2021/22,Leeds,Jack Jenkins,Defensive Midfield
2021/22,Leeds,Jamie Shackleton,Right-Back
2021/22,Leeds,Joe Gelhardt,Centre-Forward
2021/22,Leeds,Junior Firpo,Left-Back
2021/22,Leeds,Kalvin Phillips,Defensive Midfield
2021/22,Leeds,Kris Moore,Centre-Back
2021/22,Leeds,Kristoffer Klaesson,Goalkeeper
2021/22,Leeds,Leif Davis,Left-Back
2021/22,Leeds,Leo Hjelde,Centre-Back
2021/22,Leeds,Lewis Bate,Central Midfield
2021/22,Leeds,Liam Cooper,Centre-Back
2021/22,Leeds,Liam McCarron,Left-Back
2021/22,Leeds,Luke Ayling,Right-Back
2021/22,Leeds,Mateusz Klich,Defensive Midfield
2021/22,Leeds,Nohan Kenneh,Defensive Midfield
2021/22,Leeds,Pascal Struijk,Centre-Back
2021/22,Leeds,Patrick Bamford,Centre-Forward
2021/22,Leeds,Raphinha,Left Winger
2021/22,Leeds,Robin Koch,Centre-Back
2021/22,Leeds,Rodrigo,Centre-Forward
2021/22,Leeds,Sam Greenwood,Attacking Midfield
2021/22,Leeds,Stuart Dallas,Left Midfield
2021/22,Leeds,Stuart McKinstry,Left Midfield
2021/22,Leeds,Tyler Roberts,Second Striker
2021/22,Leicester,Ademola Lookman,Left Winger
2021/22,Leicester,Ayoze Pérez,Centre-Forward
2021/22,Leicester,Ben Nelson,Centre-Back
2021/22,Leicester,Boubakary Soumaré,Defensive Midfield
2021/22,Leicester,Chituru Odunze,Goalkeeper
2021/22,Leicester,Daniel Amartey,Centre-Back
2021/22,Leicester,Danny Ward,Goalkeeper
2021/22,Leicester,Dennis Praet,Central Midfield
2021/22,Leicester,Eldin Jakupović,Goalkeeper
2021/22,Leicester,Filip Benkovic,Centre-Back
2021/22,Leicester,Hamza Choudhury,Defensive Midfield
2021/22,Leicester,Harvey Barnes,Left Winger
2021/22,Leicester,Jakub Stolarczyk,Goalkeeper
2021/22,Leicester,James Justin,Right-Back
2021/22,Leicester,James Maddison,Attacking Midfield
2021/22,Leicester,Jamie Vardy,Centre-Forward
2021/22,Leicester,Jannik Vestergaard,Centre-Back
2021/22,Leicester,Jonny Evans,Centre-Back
2021/22,Leicester,Kasey McAteer,Right Midfield
2021/22,Leicester,Kasper Schmeichel,Goalkeeper
2021/22,Leicester,Kelechi Iheanacho,Centre-Forward
2021/22,Leicester,Kiernan Dewsbury-Hall,Central Midfield
2021/22,Leicester,Lewis Brunt,Centre-Back
2021/22,Leicester,Luke Thomas,Left-Back
2021/22,Leicester,Marc Albrighton,Right Midfield
2021/22,Leicester,Nampalys Mendy,Defensive Midfield
2021/22,Leicester,Oliver Ewing,Central Midfield
2021/22,Leicester,Patson Daka,Centre-Forward
2021/22,Leicester,Ricardo Pereira,Right-Back
2021/22,Leicester,Ryan Bertrand,Left-Back
2021/22,Leicester,Sam Hughes,Centre-Back
2021/22,Leicester,Sammy Braybrooke,Defensive Midfield
2021/22,Leicester,Timothy Castagne,Right-Back
2021/22,Leicester,Vontae Daley-Campbell,Right-Back
2021/22,Leicester,Wanya Marçal,Right Winger
2021/22,Leicester,Wesley Fofana,Centre-Back
2021/22,Leicester,Wilfred Ndidi,Defensive Midfield
2021/22,Leicester,Will Alves,Attacking Midfield
2021/22,Leicester,Youri Tielemans,Central Midfield
2021/22,Leicester,Çağlar Söyüncü,Centre-Back
2021/22,Liverpool,Adrián San Miguel,Goalkeeper
2021/22,Liverpool,Alex Oxlade-Chamberlain,Central Midfield
2021/22,Liverpool,Alisson,Goalkeeper
2021/22,Liverpool,Andrew Robertson,Left-Back
2021/22,Liverpool,Ben Davies,Centre-Back
2021/22,Liverpool,Ben Woodburn,Attacking Midfield
2021/22,Liverpool,Billy Koumetio,Centre-Back
2021/22,Liverpool,Caoimhín Kelleher,Goalkeeper
2021/22,Liverpool,Conor Bradley,Right-Back
2021/22,Liverpool,Curtis Jones,Central Midfield
2021/22,Liverpool,Diogo Jota,Left Winger
2021/22,Liverpool,Divock Origi,Centre-Forward
2021/22,Liverpool,Elijah Dixon-Bonner,Central Midfield
2021/22,Liverpool,Fabinho,Defensive Midfield
2021/22,Liverpool,Harvey Blair,Right Winger
2021/22,Liverpool,Harvey Davies,Goalkeeper
2021/22,Liverpool,Harvey Elliott,Attacking Midfield
2021/22,Liverpool,Ibrahima Konaté,Centre-Back
2021/22,Liverpool,Isaac Mabaya,Right-Back
2021/22,Liverpool,James Balagizi,Central Midfield
2021/22,Liverpool,James Milner,Central Midfield
2021/22,Liverpool,James Norris,Left-Back
2021/22,Liverpool,Jarell Quansah,Centre-Back
2021/22,Liverpool,Joe Gomez,Centre-Back
2021/22,Liverpool,Jordan Henderson,Defensive Midfield
2021/22,Liverpool,Joël Matip,Centre-Back
2021/22,Liverpool,Kaide Gordon,Right Winger
2021/22,Liverpool,Konstantinos Tsimikas,Left-Back
2021/22,Liverpool,Liam Hughes,Goalkeeper
2021/22,Liverpool,Loris Karius,Goalkeeper
2021/22,Liverpool,Luis Díaz,Left Winger
2021/22,Liverpool,Marcelo Pitaluga,Goalkeeper
2021/22,Liverpool,Max Woltman,Attacking Midfield
2021/22,Liverpool,Melkamu Frauendorf,Right Winger
2021/22,Liverpool,Mohamed Salah,Right Winger
2021/22,Liverpool,Naby Keïta,Central Midfield
2021/22,Liverpool,Nat Phillips,Centre-Back
2021/22,Liverpool,Neco Williams,Left-Back
2021/22,Liverpool,Owen Beck,Left-Back
2021/22,Liverpool,Rhys Williams,Centre-Back
2021/22,Liverpool,Roberto Firmino,Centre-Forward
2021/22,Liverpool,Sadio Mané,Left Winger
2021/22,Liverpool,Sepp van den Berg,Centre-Back
2021/22,Liverpool,Sheyi Ojo,Right Winger
2021/22,Liverpool,Takumi Minamino,Left Winger
2021/22,Liverpool,Thiago Alcántara,Central Midfield
2021/22,Liverpool,Trent Alexander-Arnold,Right-Back
2021/22,Liverpool,Tyler Morton,Defensive Midfield
2021/22,Liverpool,Virgil van Dijk,Centre-Back
2021/22,Man City,Aymeric Laporte,Centre-Back
2021/22,Man City,Ben Knight,Attacking Midfield
2021/22,Man City,Benjamin Mendy,Left-Back
2021/22,Man City,Bernardo Silva,Attacking Midfield
2021/22,Man City,CJ Egan-Riley,Centre-Back
2021/22,Man City,Cieran Slicker,Goalkeeper
2021/22,Man City,Claudio Gomes,Defensive Midfield
2021/22,Man City,Cole Palmer,Attacking Midfield
2021/22,Man City,Ederson,Goalkeeper
2021/22,Man City,Fernandinho,Defensive Midfield
2021/22,Man City,Ferran Torres,Centre-Forward
2021/22,Man City,Finley Burns,Centre-Back
2021/22,Man City,Gabriel Jesus,Centre-Forward
2021/22,Man City,Jack Grealish,Left Winger
2021/22,Man City,James McAtee,Attacking Midfield
2021/22,Man City,John Stones,Centre-Back
2021/22,Man City,Josh Wilson-Esbrand,Left-Back
2021/22,Man City,João Cancelo,Right-Back
2021/22,Man City,Kayky,Right Winger
2021/22,Man City,Kevin De Bruyne,Attacking Midfield
2021/22,Man City,Kyle Walker,Right-Back
2021/22,Man City,Liam Delap,Centre-Forward
2021/22,Man City,Luke Mbete,Centre-Back
2021/22,Man City,Nathan Aké,Centre-Back
2021/22,Man City,Oleksandr Zinchenko,Left-Back
2021/22,Man City,Oscar Bobb,Right Winger
2021/22,Man City,Phil Foden,Attacking Midfield
2021/22,Man City,Philippe Sandler,Centre-Back
2021/22,Man City,Raheem Sterling,Right Winger
2021/22,Man City,Riyad Mahrez,Right Winger
2021/22,Man City,Rodri,Defensive Midfield
2021/22,Man City,Roméo Lavia,Defensive Midfield
2021/22,Man City,Rúben Dias,Centre-Back
2021/22,Man City,Samuel Edozie,Left Winger
2021/22,Man City,Scott Carson,Goalkeeper
2021/22,Man City,Tommy Doyle,Central Midfield
2021/22,Man City,Yan Couto,Right-Back
2021/22,Man City,Zack Steffen,Goalkeeper
2021/22,Man City,İlkay Gündoğan,Central Midfield
2021/22,Man United,Aaron Wan-Bissaka,Right-Back
2021/22,Man United,Alejandro Garnacho,Left Winger
2021/22,Man United,Alex Telles,Left-Back
2021/22,Man United,Amad Diallo,Right Winger
2021/22,Man United,Andreas Pereira,Central Midfield
2021/22,Man United,Anthony Elanga,Right Winger
2021/22,Man United,Anthony Martial,Centre-Forward
2021/22,Man United,Björn Hardley,Centre-Back
2021/22,Man United,Brandon Williams,Left-Back
2021/22,Man United,Bruno Fernandes,Attacking Midfield
2021/22,Man United,Charlie Savage,Central Midfield
2021/22,Man United,Cristiano Ronaldo,Centre-Forward
2021/22,Man United,Daniel James,Right Winger
2021/22,Man United,David de Gea,Goalkeeper
2021/22,Man United,Dean Henderson,Goalkeeper
2021/22,Man United,Diogo Dalot,Right-Back
2021/22,Man United,Donny van de Beek,Central Midfield
2021/22,Man United,Edinson Cavani,Centre-Forward
2021/22,Man United,Eric Bailly,Centre-Back
2021/22,Man United,Fred,Central Midfield
2021/22,Man United,Hannibal,Attacking Midfield
2021/22,Man United,Harry Maguire,Centre-Back
2021/22,Man United,Jadon Sancho,Left Winger
2021/22,Man United,James Garner,Defensive Midfield
2021/22,Man United,Jesse Lingard,Attacking Midfield
2021/22,Man United,Juan Mata,Attacking Midfield
2021/22,Man United,Lee Grant,Goalkeeper
2021/22,Man United,Luke Shaw,Left-Back
2021/22,Man United,Marcus Rashford,Left Winger
2021/22,Man United,Mason Greenwood,Right Winger
2021/22,Man United,Matej Kovar,Goalkeeper
2021/22,Man United,Nemanja Matić,Defensive Midfield
2021/22,Man United,Paul Pogba,Central Midfield
2021/22,Man United,Phil Jones,Centre-Back
2021/22,Man United,Raphaël Varane,Centre-Back
2021/22,Man United,Scott McTominay,Central Midfield
2021/22,Man United,Shola Shoretire,Left Winger
2021/22,Man United,Tahith Chong,Attacking Midfield
2021/22,Man United,Teden Mengi,Centre-Back
2021/22,Man United,Tom Heaton,Goalkeeper
2021/22,Man United,Victor Lindelöf,Centre-Back
2021/22,Man United,Zidane Iqbal,Central Midfield
2021/22,Man United,Álvaro Carreras,Left-Back
2021/22,Newcastle,Allan Saint-Maximin,Left Winger
2021/22,Newcastle,Bruno Guimarães,Central Midfield
2021/22,Newcastle,Callum Wilson,Centre-Forward
2021/22,Newcastle,Chris Wood,Centre-Forward
2021/22,Newcastle,Ciaran Clark,Centre-Back
2021/22,Newcastle,Dan Burn,Centre-Back
2021/22,Newcastle,Dwight Gayle,Centre-Forward
2021/22,Newcastle,Elliot Anderson,Central Midfield
2021/22,Newcastle,Emil Krafth,Right-Back
2021/22,Newcastle,Fabian Schär,Centre-Back
2021/22,Newcastle,Federico Fernández,Centre-Back
2021/22,Newcastle,Freddie Woodman,Goalkeeper
2021/22,Newcastle,Isaac Hayden,Defensive Midfield
2021/22,Newcastle,Jacob Murphy,Right Winger
2021/22,Newcastle,Jamaal Lascelles,Centre-Back
2021/22,Newcastle,Jamal Lewis,Left-Back
2021/22,Newcastle,Javier Manquillo,Right-Back
2021/22,Newcastle,Jeff Hendrick,Central Midfield
2021/22,Newcastle,Joe White,Attacking Midfield
2021/22,Newcastle,Joe Willock,Central Midfield
2021/22,Newcastle,Joelinton,Central Midfield
2021/22,Newcastle,Jonjo Shelvey,Central Midfield
2021/22,Newcastle,Karl Darlow,Goalkeeper
2021/22,Newcastle,Kieran Trippier,Right-Back
2021/22,Newcastle,Lucas De Bolle,Central Midfield
2021/22,Newcastle,Mark Gillespie,Goalkeeper
2021/22,Newcastle,Martin Dúbravka,Goalkeeper
2021/22,Newcastle,Matt Ritchie,Right Midfield
2021/22,Newcastle,Matt Targett,Left-Back
2021/22,Newcastle,Matty Longstaff,Central Midfield
2021/22,Newcastle,Miguel Almirón,Right Winger
2021/22,Newcastle,Paul Dummett,Left-Back
2021/22,Newcastle,Ryan Fraser,Left Winger
2021/22,Newcastle,Sean Longstaff,Central Midfield
2021/22,Norwich,Abu Kamara,Right Winger
2021/22,Norwich,Adam Idah,Centre-Forward
2021/22,Norwich,Akin Famewo,Centre-Back
2021/22,Norwich,Andrew Omobamidele,Centre-Back
2021/22,Norwich,Angus Gunn,Goalkeeper
2021/22,Norwich,Aston Oxborough,Goalkeeper
2021/22,Norwich,Bali Mumba,Left-Back
2021/22,Norwich,Ben Gibson,Centre-Back
2021/22,Norwich,Billy Gilmour,Defensive Midfield
2021/22,Norwich,Brandon Williams,Left-Back
2021/22,Norwich,Christoph Zimmermann,Centre-Back
2021/22,Norwich,Christos Tzolis,Left Winger
2021/22,Norwich,Danel Sinani,Attacking Midfield
2021/22,Norwich,Daniel Adshead,Central Midfield
2021/22,Norwich,Daniel Barden,Goalkeeper
2021/22,Norwich,Dimitrios Giannoulis,Left-Back
2021/22,Norwich,Grant Hanley,Centre-Back
2021/22,Norwich,Jacob Lungi Sørensen,Defensive Midfield
2021/22,Norwich,Jon McCracken,Goalkeeper
2021/22,Norwich,Jonathan Rowe,Left Winger
2021/22,Norwich,Jonathan Tomkinson,Centre-Back
2021/22,Norwich,Jordan Hugill,Centre-Forward
2021/22,Norwich,Josh Martin,Left Winger
2021/22,Norwich,Josh Sargent,Centre-Forward
2021/22,Norwich,Kenny McLean,Central Midfield
2021/22,Norwich,Kieran Dowell,Attacking Midfield
2021/22,Norwich,Liam Gibbs,Central Midfield
2021/22,Norwich,Lukas Rupp,Attacking Midfield
2021/22,Norwich,Mathias Normann,Defensive Midfield
2021/22,Norwich,Max Aarons,Right-Back
2021/22,Norwich,Michael McGovern,Goalkeeper
2021/22,Norwich,Milot Rashica,Right Winger
2021/22,Norwich,Onel Hernández,Left Winger
2021/22,Norwich,Ozan Kabak,Centre-Back
2021/22,Norwich,Pierre Lees-Melou,Defensive Midfield
2021/22,Norwich,Przemysław Płacheta,Left Winger
2021/22,Norwich,Rocky Bushiri,Centre-Back
2021/22,Norwich,Sam Byram,Left-Back
2021/22,Norwich,Sam McCallum,Left-Back
2021/22,Norwich,Sebastian Soto,Centre-Forward
2021/22,Norwich,Teemu Pukki,Centre-Forward
2021/22,Norwich,Thomas Dickson-Peters,Centre-Forward
2021/22,Norwich,Tim Krul,Goalkeeper
2021/22,Norwich,Todd Cantwell,Attacking Midfield
2021/22,Norwich,Tony Springett,Right Winger
2021/22,Southampton,Adam Armstrong,Centre-Forward
2021/22,Southampton,Alex McCarthy,Goalkeeper
2021/22,Southampton,Armando Broja,Centre-Forward
2021/22,Southampton,Ché Adams,Centre-Forward
2021/22,Southampton,Dan Nlundulu,Centre-Forward
2021/22,Southampton,Dynel Simeu,Centre-Back
2021/22,Southampton,Fraser Forster,Goalkeeper
2021/22,Southampton,Harry Lewis,Goalkeeper
2021/22,Southampton,Ibrahima Diallo,Defensive Midfield
2021/22,Southampton,Jack Stephens,Centre-Back
2021/22,Southampton,James Ward-Prowse,Central Midfield
2021/22,Southampton,Jan Bednarek,Centre-Back
2021/22,Southampton,Kazeem Olaigbe,Left Winger
2021/22,Southampton,Kegs Chauke,Central Midfield
2021/22,Southampton,Kyle Walker-Peters,Right-Back
2021/22,Southampton,Lyanco,Centre-Back
2021/22,Southampton,Michael Obafemi,Centre-Forward
2021/22,Southampton,Mohamed Elyounoussi,Second Striker
2021/22,Southampton,Mohammed Salisu,Centre-Back
2021/22,Southampton,Moussa Djenepo,Left Winger
2021/22,Southampton,Nathan Redmond,Right Winger
2021/22,Southampton,Nathan Tella,Right Winger
2021/22,Southampton,Oriol Romeu,Defensive Midfield
2021/22,Southampton,Romain Perraud,Left-Back
2021/22,Southampton,Shane Long,Centre-Forward
2021/22,Southampton,Stuart Armstrong,Central Midfield
2021/22,Southampton,Theo Walcott,Right Winger
2021/22,Southampton,Thierry Small,Left-Back
2021/22,Southampton,Tino Livramento,Right-Back
2021/22,Southampton,Tyler Dibling,Right Winger
2021/22,Southampton,Will Smallbone,Central Midfield
2021/22,Southampton,Willy Caballero,Goalkeeper
2021/22,Southampton,Yan Valery,Right-Back
2021/22,Tottenham,Alfie Devine,Attacking Midfield
2021/22,Tottenham,Ben Davies,Centre-Back
2021/22,Tottenham,Brandon Austin,Goalkeeper
2021/22,Tottenham,Brooklyn Lyons-Foster,Right-Back
2021/22,Tottenham,Bryan Gil,Left Winger
2021/22,Tottenham,Cameron Carter-Vickers,Centre-Back
2021/22,Tottenham,Cristian Romero,Centre-Back
2021/22,Tottenham,Dane Scarlett,Centre-Forward
2021/22,Tottenham,Davinson Sánchez,Centre-Back
2021/22,Tottenham,Dejan Kulusevski,Attacking Midfield
2021/22,Tottenham,Dele Alli,Attacking Midfield
2021/22,Tottenham,Dilan Markanday,Right Winger
2021/22,Tottenham,Emerson Royal,Right-Back
2021/22,Tottenham,Eric Dier,Centre-Back
2021/22,Tottenham,Giovani Lo Celso,Attacking Midfield
2021/22,Tottenham,Harry Kane,Centre-Forward
2021/22,Tottenham,Harry Winks,Defensive Midfield
2021/22,Tottenham,Harvey White,Defensive Midfield
2021/22,Tottenham,Heung-min Son,Left Winger
2021/22,Tottenham,Hugo Lloris,Goalkeeper
2021/22,Tottenham,J'Neil Bennett,Left Winger
2021/22,Tottenham,Jack Clarke,Left Winger
2021/22,Tottenham,Jamie Bowden,Defensive Midfield
2021/22,Tottenham,Japhet Tanganga,Centre-Back
2021/22,Tottenham,Joe Rodon,Centre-Back
2021/22,Tottenham,Kallum Cesay,Defensive Midfield
2021/22,Tottenham,Lucas Moura,Right Winger
2021/22,Tottenham,Maksim Paskotsi,Centre-Back
2021/22,Tottenham,Malachi Fagan-Walcott,Centre-Back
2021/22,Tottenham,Marcel Lavinier,Right-Back
2021/22,Tottenham,Matt Doherty,Right-Back
2021/22,Tottenham,Matthew Craig,Defensive Midfield
2021/22,Tottenham,Michael Craig,Defensive Midfield
2021/22,Tottenham,Moussa Sissoko,Central Midfield
2021/22,Tottenham,Nile John,Central Midfield
2021/22,Tottenham,Oliver Skipp,Defensive Midfield
2021/22,Tottenham,Pierluigi Gollini,Goalkeeper
2021/22,Tottenham,Pierre-Emile Højbjerg,Defensive Midfield
2021/22,Tottenham,Rodrigo Bentancur,Defensive Midfield
2021/22,Tottenham,Romaine Mundle,Left Winger
2021/22,Tottenham,Ryan Sessegnon,Left-Back
2021/22,Tottenham,Sergio Reguilón,Left-Back
2021/22,Tottenham,Steven Bergwijn,Left Winger
2021/22,Tottenham,Tanguy Ndombélé,Central Midfield
2021/22,Tottenham,Tobi Omole,Centre-Back
2021/22,Watford,Adam Masina,Centre-Back
2021/22,Watford,Adrian Blake,Left Winger
2021/22,Watford,Andre Gray,Centre-Forward
2021/22,Watford,Ashley Fletcher,Centre-Forward
2021/22,Watford,Ben Foster,Goalkeeper
2021/22,Watford,Christian Kabasele,Centre-Back
2021/22,Watford,Craig Cathcart,Centre-Back
2021/22,Watford,Cucho Hernández,Centre-Forward
2021/22,Watford,Dan Gosling,Central Midfield
2021/22,Watford,Daniel Bachmann,Goalkeeper
2021/22,Watford,Danny Rose,Left-Back
2021/22,Watford,Derek Agyakwa,Centre-Back
2021/22,Watford,Domingos Quina,Central Midfield
2021/22,Watford,Edo Kayembe,Central Midfield
2021/22,Watford,Emmanuel Dennis,Centre-Forward
2021/22,Watford,Francisco Sierralta,Centre-Back
2021/22,Watford,Hassane Kamara,Left-Back
2021/22,Watford,Imrân Louza,Central Midfield
2021/22,Watford,Ismaïla Sarr,Right Winger
2021/22,Watford,Jack Grieves,Centre-Forward
2021/22,Watford,Jaime Alvarado,Defensive Midfield
2021/22,Watford,James Morris,Left-Back
2021/22,Watford,Jeremy Ngakia,Right-Back
2021/22,Watford,Joshua King,Centre-Forward
2021/22,Watford,João Pedro,Centre-Forward
2021/22,Watford,Juraj Kucka,Central Midfield
2021/22,Watford,Kamil Conteh,Central Midfield
2021/22,Watford,Ken Sema,Left-Back
2021/22,Watford,Kiko Femenía,Right-Back
2021/22,Watford,Kwadwo Baah,Left Winger
2021/22,Watford,Mattie Pollock,Centre-Back
2021/22,Watford,Moussa Sissoko,Central Midfield
2021/22,Watford,Nicolas N'Koulou,Centre-Back
2021/22,Watford,Ozan Tufan,Central Midfield
2021/22,Watford,Peter Etebo,Defensive Midfield
2021/22,Watford,Philip Zinckernagel,Right Winger
2021/22,Watford,Pontus Dahlberg,Goalkeeper
2021/22,Watford,Rob Elliot,Goalkeeper
2021/22,Watford,Samir Caetano,Centre-Back
2021/22,Watford,Samuel Kalu,Right Winger
2021/22,Watford,Shaq Forde,Right Winger
2021/22,Watford,Tiago Çukur,Centre-Forward
2021/22,Watford,Tom Cleverley,Central Midfield
2021/22,Watford,Tom Dele-Bashiru,Defensive Midfield
2021/22,Watford,Troy Deeney,Centre-Forward
2021/22,Watford,Vincent Angelini,Goalkeeper
2021/22,Watford,William Troost-Ekong,Centre-Back
2021/22,West Ham,Aaron Cresswell,Left-Back
2021/22,West Ham,Aji Alese,Centre-Back
2021/22,West Ham,Alex Král,Central Midfield
2021/22,West Ham,Alphonse Areola,Goalkeeper
2021/22,West Ham,Andriy Yarmolenko,Right Winger
2021/22,West Ham,Angelo Ogbonna,Centre-Back
2021/22,West Ham,Armstrong Oko-Flex,Left Winger
2021/22,West Ham,Arthur Masuaku,Left-Back
2021/22,West Ham,Ben Johnson,Right-Back
2021/22,West Ham,Conor Coventry,Defensive Midfield
2021/22,West Ham,Craig Dawson,Centre-Back
2021/22,West Ham,Dan Chesters,Right Midfield
2021/22,West Ham,Darren Randolph,Goalkeeper
2021/22,West Ham,David Martin,Goalkeeper
2021/22,West Ham,Declan Rice,Central Midfield
2021/22,West Ham,Emmanuel Longelo,Left-Back
2021/22,West Ham,Freddie Potts,Defensive Midfield
2021/22,West Ham,Harrison Ashby,Right-Back
2021/22,West Ham,Issa Diop,Centre-Back
2021/22,West Ham,Jamal Baptiste,Centre-Back
2021/22,West Ham,Jarrod Bowen,Right Winger
2021/22,West Ham,Kamarai Swyer,Attacking Midfield
2021/22,West Ham,Keenan Appiah-Forson,Defensive Midfield
2021/22,West Ham,Kurt Zouma,Centre-Back
2021/22,West Ham,Lukasz Fabianski,Goalkeeper
2021/22,West Ham,Manuel Lanzini,Attacking Midfield
2021/22,West Ham,Mark Noble,Central Midfield
2021/22,West Ham,Michail Antonio,Centre-Forward
2021/22,West Ham,Nikola Vlašić,Attacking Midfield
2021/22,West Ham,Ossama Ashley,Defensive Midfield
2021/22,West Ham,Pablo Fornals,Central Midfield
2021/22,West Ham,Pierre Ekwah,Defensive Midfield
2021/22,West Ham,Ryan Fredericks,Right-Back
2021/22,West Ham,Saïd Benrahma,Left Winger
2021/22,West Ham,Sonny Perkins,Right Winger
2021/22,West Ham,Tomáš Souček,Defensive Midfield
2021/22,West Ham,Vladimír Coufal,Right-Back
2021/22,Wolves,Adama Traoré,Right Winger
2021/22,Wolves,Andreas Søndergaard,Goalkeeper
2021/22,Wolves,Bruno Jordão,Defensive Midfield
2021/22,Wolves,Chem Campbell,Left Winger
2021/22,Wolves,Chiquinho,Left Winger
2021/22,Wolves,Christian Marques,Centre-Back
2021/22,Wolves,Connor Ronan,Central Midfield
2021/22,Wolves,Conor Coady,Centre-Back
2021/22,Wolves,Daniel Podence,Left Winger
2021/22,Wolves,Dexter Lembikisa,Right-Back
2021/22,Wolves,Dion Sanderson,Centre-Back
2021/22,Wolves,Francisco Trincão,Right Winger
2021/22,Wolves,Fábio Silva,Centre-Forward
2021/22,Wolves,Hee-chan Hwang,Centre-Forward
2021/22,Wolves,Hugo Bueno,Left-Back
2021/22,Wolves,James Storer,Goalkeeper
2021/22,Wolves,John Ruddy,Goalkeeper
2021/22,Wolves,Jonny Otto,Right-Back
2021/22,Wolves,José Sá,Goalkeeper
2021/22,Wolves,João Moutinho,Central Midfield
2021/22,Wolves,Ki-Jana Hoever,Right-Back
2021/22,Wolves,Leander Dendoncker,Defensive Midfield
2021/22,Wolves,Louie Moulden,Goalkeeper
2021/22,Wolves,Luke Cundle,Central Midfield
2021/22,Wolves,Marçal,Left-Back
2021/22,Wolves,Matija Sarkic,Goalkeeper
2021/22,Wolves,Maximilian Kilman,Centre-Back
2021/22,Wolves,Morgan Gibbs-White,Attacking Midfield
2021/22,Wolves,Nélson Semedo,Right-Back
2021/22,Wolves,Pedro Neto,Right Winger
2021/22,Wolves,Rayan Aït-Nouri,Left-Back
2021/22,Wolves,Raúl Jiménez,Centre-Forward
2021/22,Wolves,Romain Saïss,Centre-Back
2021/22,Wolves,Ryan Giles,Left-Back
2021/22,Wolves,Rúben Neves,Defensive Midfield
2021/22,Wolves,Toti,Centre-Back
2021/22,Wolves,Willy Boly,Centre-Back
2021/22,Wolves,Yerson Mosquera,Centre-Back
2022/23,AFC Bournemouth,Adam Smith,Right-Back
2022/23,AFC Bournemouth,Antoine Semenyo,Right Winger
2022/23,AFC Bournemouth,Ben Greenwood,Left-Back
2022/23,AFC Bournemouth,Ben Pearson,Defensive Midfield
2022/23,AFC Bournemouth,Brooklyn Genesini,Right-Back
2022/23,AFC Bournemouth,Cameron Plain,Goalkeeper
2022/23,AFC Bournemouth,Chris Francis,Centre-Back
2022/23,AFC Bournemouth,Chris Mepham,Centre-Back
2022/23,AFC Bournemouth,Christian Saydee,Centre-Forward
2022/23,AFC Bournemouth,Dango Ouattara,Right Winger
2022/23,AFC Bournemouth,Daniel Adu-Adjei,Centre-Forward
2022/23,AFC Bournemouth,Darren Randolph,Goalkeeper
2022/23,AFC Bournemouth,David Brooks,Right Winger
2022/23,AFC Bournemouth,Dominic Sadi,Right Winger
2022/23,AFC Bournemouth,Dominic Solanke,Centre-Forward
2022/23,AFC Bournemouth,Emiliano Marcondes,Attacking Midfield
2022/23,AFC Bournemouth,Euan Pollock,Centre-Forward
2022/23,AFC Bournemouth,Ferdinand Okoh,Central Midfield
2022/23,AFC Bournemouth,Gavin Kilkenny,Central Midfield
2022/23,AFC Bournemouth,Hamed Traoré,Left Winger
2022/23,AFC Bournemouth,Ilya Zabarnyi,Centre-Back
2022/23,AFC Bournemouth,Jack Stacey,Right-Back
2022/23,AFC Bournemouth,Jack Stephens,Centre-Back
2022/23,AFC Bournemouth,Jack Wadham,Central Midfield
2022/23,AFC Bournemouth,Jaidon Anthony,Left Winger
2022/23,AFC Bournemouth,Jamal Lowe,Centre-Forward
2022/23,AFC Bournemouth,James Hill,Centre-Back
2022/23,AFC Bournemouth,Jefferson Lerma,Defensive Midfield
2022/23,AFC Bournemouth,Joe Rothwell,Central Midfield
2022/23,AFC Bournemouth,Jordan Zemura,Left-Back
2022/23,AFC Bournemouth,Junior Stanislas,Left Winger
2022/23,AFC Bournemouth,Kieffer Moore,Centre-Forward
2022/23,AFC Bournemouth,Lewis Cook,Central Midfield
2022/23,AFC Bournemouth,Lloyd Kelly,Centre-Back
2022/23,AFC Bournemouth,Marcos Senesi,Centre-Back
2022/23,AFC Bournemouth,Marcus Tavernier,Attacking Midfield
2022/23,AFC Bournemouth,Mark Travers,Goalkeeper
2022/23,AFC Bournemouth,Matías Viña,Left-Back
2022/23,AFC Bournemouth,Max Kinsey,Centre-Back
2022/23,AFC Bournemouth,Michael Dacosta,Right Winger
2022/23,AFC Bournemouth,Neto,Goalkeeper
2022/23,AFC Bournemouth,Owen Bevan,Centre-Back
2022/23,AFC Bournemouth,Philip Billing,Central Midfield
2022/23,AFC Bournemouth,Ryan Christie,Central Midfield
2022/23,AFC Bournemouth,Ryan Fredericks,Right-Back
2022/23,AFC Bournemouth,Siriki Dembélé,Left Winger
2022/23,AFC Bournemouth,Will Dennis,Goalkeeper
2022/23,Arsenal,Aaron Ramsdale,Goalkeeper
2022/23,Arsenal,Ainsley Maitland-Niles,Right-Back
2022/23,Arsenal,Albert Sambi Lokonga,Central Midfield
2022/23,Arsenal,Amario Cozier-Duberry,Right Winger
2022/23,Arsenal,Auston Trusty,Centre-Back
2022/23,Arsenal,Ben White,Right-Back
2022/23,Arsenal,Bradley Ibrahim,Defensive Midfield
2022/23,Arsenal,Bukayo Saka,Right Winger
2022/23,Arsenal,Charles Sagoe Jr,Left Winger
2022/23,Arsenal,Cédric Soares,Right-Back
2022/23,Arsenal,Cătălin Cîrjan,Central Midfield
2022/23,Arsenal,Eddie Nketiah,Centre-Forward
2022/23,Arsenal,Emile Smith Rowe,Attacking Midfield
2022/23,Arsenal,Ethan Nwaneri,Attacking Midfield
2022/23,Arsenal,Fábio Vieira,Attacking Midfield
2022/23,Arsenal,Gabriel,Centre-Back
2022/23,Arsenal,Gabriel Jesus,Centre-Forward
2022/23,Arsenal,Gabriel Martinelli,Left Winger
2022/23,Arsenal,Granit Xhaka,Defensive Midfield
2022/23,Arsenal,Jakub Kiwior,Centre-Back
2022/23,Arsenal,James Hillson,Goalkeeper
2022/23,Arsenal,Jorginho,Defensive Midfield
2022/23,Arsenal,Karl Hein,Goalkeeper
2022/23,Arsenal,Khayon Edwards,Centre-Forward
2022/23,Arsenal,Kieran Tierney,Left-Back
2022/23,Arsenal,Leandro Trossard,Left Winger
2022/23,Arsenal,Lino Sousa,Left-Back
2022/23,Arsenal,Marquinhos,Right Winger
2022/23,Arsenal,Martin Ødegaard,Attacking Midfield
2022/23,Arsenal,Matt Smith,Central Midfield
2022/23,Arsenal,Matt Turner,Goalkeeper
2022/23,Arsenal,Mauro Bandeira,Central Midfield
2022/23,Arsenal,Mohamed Elneny,Defensive Midfield
2022/23,Arsenal,Nathan Butler-Oyedeji,Centre-Forward
2022/23,Arsenal,Nicolas Pépé,Right Winger
2022/23,Arsenal,Oleksandr Zinchenko,Left-Back
2022/23,Arsenal,Reiss Nelson,Left Winger
2022/23,Arsenal,Reuell Walters,Right-Back
2022/23,Arsenal,Rob Holding,Centre-Back
2022/23,Arsenal,Takehiro Tomiyasu,Centre-Back
2022/23,Arsenal,Thomas Partey,Defensive Midfield
2022/23,Arsenal,William Saliba,Centre-Back
2022/23,Aston Villa,Ashley Young,Right-Back
2022/23,Aston Villa,Bertrand Traoré,Right Winger
2022/23,Aston Villa,Boubacar Kamara,Defensive Midfield
2022/23,Aston Villa,Calum Chambers,Centre-Back
2022/23,Aston Villa,Cameron Archer,Centre-Forward
2022/23,Aston Villa,Danny Ings,Centre-Forward
2022/23,Aston Villa,Diego Carlos,Centre-Back
2022/23,Aston Villa,Douglas Luiz,Central Midfield
2022/23,Aston Villa,Emiliano Buendía,Left Winger
2022/23,Aston Villa,Emiliano Martínez,Goalkeeper
2022/23,Aston Villa,Ezri Konsa,Centre-Back
2022/23,Aston Villa,Filip Marschall,Goalkeeper
2022/23,Aston Villa,Jacob Ramsey,Central Midfield
2022/23,Aston Villa,Jaden Philogene,Left Winger
2022/23,Aston Villa,James Wright,Goalkeeper
2022/23,Aston Villa,Jan Bednarek,Centre-Back
2022/23,Aston Villa,Jed Steer,Goalkeeper
2022/23,Aston Villa,Jhon Durán,Centre-Forward
2022/23,Aston Villa,John McGinn,Central Midfield
2022/23,Aston Villa,Josh Feeney,Centre-Back
2022/23,Aston Villa,Kadan Young,Left Winger
2022/23,Aston Villa,Keinan Davis,Centre-Forward
2022/23,Aston Villa,Kortney Hause,Centre-Back
2022/23,Aston Villa,Lamare Bogarde,Defensive Midfield
2022/23,Aston Villa,Leander Dendoncker,Defensive Midfield
2022/23,Aston Villa,Leon Bailey,Right Winger
2022/23,Aston Villa,Lucas Digne,Left-Back
2022/23,Aston Villa,Ludwig Augustinsson,Left-Back
2022/23,Aston Villa,Marvelous Nakamba,Defensive Midfield
2022/23,Aston Villa,Matty Cash,Right-Back
2022/23,Aston Villa,Morgan Sanson,Central Midfield
2022/23,Aston Villa,Oliwier Zych,Goalkeeper
2022/23,Aston Villa,Ollie Watkins,Centre-Forward
2022/23,Aston Villa,Philippe Coutinho,Attacking Midfield
2022/23,Aston Villa,Robin Olsen,Goalkeeper
2022/23,Aston Villa,Sebastian Revan,Left-Back
2022/23,Aston Villa,Sil Swinkels,Centre-Back
2022/23,Aston Villa,Tim Iroegbunam,Central Midfield
2022/23,Aston Villa,Tommi O'Reilly,Attacking Midfield
2022/23,Aston Villa,Travis Patterson,Left-Back
2022/23,Aston Villa,Tyrone Mings,Centre-Back
2022/23,Aston Villa,Viljami Sinisalo,Goalkeeper
2022/23,Aston Villa,Álex Moreno,Left-Back
2022/23,Brentford FC,Aaron Hickey,Right-Back
2022/23,Brentford FC,Alex Gilbert,Attacking Midfield
2022/23,Brentford FC,Ben Mee,Centre-Back
2022/23,Brentford FC,Bryan Mbeumo,Right Winger
2022/23,Brentford FC,Charlie Goode,Centre-Back
2022/23,Brentford FC,Christian Nørgaard,Defensive Midfield
2022/23,Brentford FC,David Raya,Goalkeeper
2022/23,Brentford FC,Ellery Balcombe,Goalkeeper
2022/23,Brentford FC,Ethan Pinnock,Centre-Back
2022/23,Brentford FC,Fin Stevens,Right-Back
2022/23,Brentford FC,Frank Onyeka,Central Midfield
2022/23,Brentford FC,Halil Dervişoğlu,Centre-Forward
2022/23,Brentford FC,Ivan Toney,Centre-Forward
2022/23,Brentford FC,Josh Dasilva,Central Midfield
2022/23,Brentford FC,Keane Lewis-Potter,Left Midfield
2022/23,Brentford FC,Kevin Schade,Left Winger
2022/23,Brentford FC,Kristoffer Ajer,Centre-Back
2022/23,Brentford FC,Mads Bech Sørensen,Centre-Back
2022/23,Brentford FC,Mads Roerslev,Right-Back
2022/23,Brentford FC,Mathias Jensen,Central Midfield
2022/23,Brentford FC,Matthew Cox,Goalkeeper
2022/23,Brentford FC,Michael Olakigbe,Right Winger
2022/23,Brentford FC,Mikkel Damsgaard,Attacking Midfield
2022/23,Brentford FC,Pontus Jansson,Centre-Back
2022/23,Brentford FC,Rico Henry,Left-Back
2022/23,Brentford FC,Ryan Trevitt,Central Midfield
2022/23,Brentford FC,Saman Ghoddos,Attacking Midfield
2022/23,Brentford FC,Sergi Canós,Left Winger
2022/23,Brentford FC,Shandon Baptiste,Central Midfield
2022/23,Brentford FC,Tariqe Fosu,Left Winger
2022/23,Brentford FC,Thomas Strakosha,Goalkeeper
2022/23,Brentford FC,Tristan Crama,Centre-Back
2022/23,Brentford FC,Vitaly Janelt,Defensive Midfield
2022/23,Brentford FC,Yegor Yarmolyuk,Central Midfield
2022/23,Brentford FC,Yoane Wissa,Centre-Forward
2022/23,Brentford FC,Zanka,Centre-Back
2022/23,Brighton and Hove Albion,Aaron Connolly,Centre-Forward
2022/23,Brighton and Hove Albion,Adam Lallana,Attacking Midfield
2022/23,Brighton and Hove Albion,Adam Webster,Centre-Back
2022/23,Brighton and Hove Albion,Alexis Mac Allister,Central Midfield
2022/23,Brighton and Hove Albion,Andrew Moran,Attacking Midfield
2022/23,Brighton and Hove Albion,Antef Tsoungui,Centre-Back
2022/23,Brighton and Hove Albion,Billy Gilmour,Defensive Midfield
2022/23,Brighton and Hove Albion,Cameron Peupion,Left Winger
2022/23,Brighton and Hove Albion,Danny Welbeck,Centre-Forward
2022/23,Brighton and Hove Albion,Deniz Undav,Centre-Forward
2022/23,Brighton and Hove Albion,Ed Turns,Centre-Back
2022/23,Brighton and Hove Albion,Enock Mwepu,Central Midfield
2022/23,Brighton and Hove Albion,Evan Ferguson,Centre-Forward
2022/23,Brighton and Hove Albion,Facundo Buonanotte,Attacking Midfield
2022/23,Brighton and Hove Albion,Haydon Roberts,Left-Back
2022/23,Brighton and Hove Albion,Imari Samuels,Left-Back
2022/23,Brighton and Hove Albion,Jack Hinchy,Defensive Midfield
2022/23,Brighton and Hove Albion,Jack Hinshelwood,Defensive Midfield
2022/23,Brighton and Hove Albion,Jack Spong,Central Midfield
2022/23,Brighton and Hove Albion,Jakub Moder,Central Midfield
2022/23,Brighton and Hove Albion,James Furlong,Left-Back
2022/23,Brighton and Hove Albion,Jan Paul van Hecke,Centre-Back
2022/23,Brighton and Hove Albion,Jason Steele,Goalkeeper
2022/23,Brighton and Hove Albion,Jeremy Sarmiento,Left Winger
2022/23,Brighton and Hove Albion,Joël Veltman,Right-Back
2022/23,Brighton and Hove Albion,Julio Enciso,Attacking Midfield
2022/23,Brighton and Hove Albion,Kaoru Mitoma,Left Winger
2022/23,Brighton and Hove Albion,Leandro Trossard,Left Winger
2022/23,Brighton and Hove Albion,Levi Colwill,Centre-Back
2022/23,Brighton and Hove Albion,Lewis Dunk,Centre-Back
2022/23,Brighton and Hove Albion,Moisés Caicedo,Defensive Midfield
2022/23,Brighton and Hove Albion,Neal Maupay,Centre-Forward
2022/23,Brighton and Hove Albion,Odeluga Offiah,Centre-Back
2022/23,Brighton and Hove Albion,Pascal Groß,Central Midfield
2022/23,Brighton and Hove Albion,Pervis Estupiñán,Left-Back
2022/23,Brighton and Hove Albion,Robert Sánchez,Goalkeeper
2022/23,Brighton and Hove Albion,Solly March,Right Winger
2022/23,Brighton and Hove Albion,Steven Alzate,Central Midfield
2022/23,Brighton and Hove Albion,Tariq Lamptey,Right-Back
2022/23,Brighton and Hove Albion,Taylor Richards,Central Midfield
2022/23,Brighton and Hove Albion,Tom McGill,Goalkeeper
2022/23,Brighton and Hove Albion,Yasin Ayari,Central Midfield
2022/23,Chelsea,Abdul Rahman Baba,Left-Back
2022/23,Chelsea,Alfie Gilchrist,Right-Back
2022/23,Chelsea,Armando Broja,Centre-Forward
2022/23,Chelsea,Bashir Humphreys,Centre-Back
2022/23,Chelsea,Ben Chilwell,Left-Back
2022/23,Chelsea,Benoît Badiashile,Centre-Back
2022/23,Chelsea,Billy Gilmour,Defensive Midfield
2022/23,Chelsea,Callum Hudson-Odoi,Left Winger
2022/23,Chelsea,Carney Chukwuemeka,Central Midfield
2022/23,Chelsea,Christian Pulisic,Right Winger
2022/23,Chelsea,Conor Gallagher,Central Midfield
2022/23,Chelsea,César Azpilicueta,Centre-Back
2022/23,Chelsea,David Datro Fofana,Centre-Forward
2022/23,Chelsea,Denis Zakaria,Defensive Midfield
2022/23,Chelsea,Edouard Mendy,Goalkeeper
2022/23,Chelsea,Enzo Fernández,Central Midfield
2022/23,Chelsea,Ethan Ampadu,Defensive Midfield
2022/23,Chelsea,Ethan Wady,Goalkeeper
2022/23,Chelsea,Gabriel Slonina,Goalkeeper
2022/23,Chelsea,Hakim Ziyech,Right Winger
2022/23,Chelsea,Harvey Vale,Right Midfield
2022/23,Chelsea,Jorginho,Defensive Midfield
2022/23,Chelsea,João Félix,Second Striker
2022/23,Chelsea,Kai Havertz,Centre-Forward
2022/23,Chelsea,Kalidou Koulibaly,Centre-Back
2022/23,Chelsea,Kepa Arrizabalaga,Goalkeeper
2022/23,Chelsea,Lewis Hall,Left-Back
2022/23,Chelsea,Lucas Bergström,Goalkeeper
2022/23,Chelsea,Marc Cucurella,Left-Back
2022/23,Chelsea,Marcus Bettinelli,Goalkeeper
2022/23,Chelsea,Mason Mount,Attacking Midfield
2022/23,Chelsea,Mateo Kovacic,Central Midfield
2022/23,Chelsea,Mykhaylo Mudryk,Left Winger
2022/23,Chelsea,N'Golo Kanté,Defensive Midfield
2022/23,Chelsea,Noni Madueke,Right Winger
2022/23,Chelsea,Omari Hutchinson,Right Winger
2022/23,Chelsea,Pierre-Emerick Aubameyang,Centre-Forward
2022/23,Chelsea,Raheem Sterling,Right Winger
2022/23,Chelsea,Reece James,Right-Back
2022/23,Chelsea,Ruben Loftus-Cheek,Central Midfield
2022/23,Chelsea,Thiago Silva,Centre-Back
2022/23,Chelsea,Trevoh Chalobah,Centre-Back
2022/23,Chelsea,Wesley Fofana,Centre-Back
2022/23,Crystal Palace,Adler Nascimento,Left Winger
2022/23,Crystal Palace,Albert Sambi Lokonga,Central Midfield
2022/23,Crystal Palace,Cheick Doucouré,Defensive Midfield
2022/23,Crystal Palace,Chris Richards,Centre-Back
2022/23,Crystal Palace,David Boateng,Right-Back
2022/23,Crystal Palace,David Ozoh,Defensive Midfield
2022/23,Crystal Palace,Eberechi Eze,Attacking Midfield
2022/23,Crystal Palace,Jack Butland,Goalkeeper
2022/23,Crystal Palace,Jack Wells-Morrison,Central Midfield
2022/23,Crystal Palace,James McArthur,Central Midfield
2022/23,Crystal Palace,James Tomkins,Centre-Back
2022/23,Crystal Palace,Jaïro Riedewald,Defensive Midfield
2022/23,Crystal Palace,Jean-Philippe Mateta,Centre-Forward
2022/23,Crystal Palace,Jeffrey Schlupp,Left Midfield
2022/23,Crystal Palace,Joachim Andersen,Centre-Back
2022/23,Crystal Palace,Joe Whitworth,Goalkeeper
2022/23,Crystal Palace,Joel Ward,Right-Back
2022/23,Crystal Palace,John-Kymani Gordon,Left Winger
2022/23,Crystal Palace,Jordan Ayew,Centre-Forward
2022/23,Crystal Palace,Kaden Rodney,Defensive Midfield
2022/23,Crystal Palace,Killian Phillips,Central Midfield
2022/23,Crystal Palace,Kofi Balmer,Centre-Back
2022/23,Crystal Palace,Luka Milivojevic,Defensive Midfield
2022/23,Crystal Palace,Luke Plange,Centre-Forward
2022/23,Crystal Palace,Malcolm Ebiowei,Right Winger
2022/23,Crystal Palace,Marc Guéhi,Centre-Back
2022/23,Crystal Palace,Michael Olise,Right Winger
2022/23,Crystal Palace,Naouirou Ahamada,Central Midfield
2022/23,Crystal Palace,Nathan Ferguson,Centre-Back
2022/23,Crystal Palace,Nathaniel Clyne,Right-Back
2022/23,Crystal Palace,Odsonne Édouard,Centre-Forward
2022/23,Crystal Palace,Owen Goodman,Goalkeeper
2022/23,Crystal Palace,Remi Matthews,Goalkeeper
2022/23,Crystal Palace,Sam Johnstone,Goalkeeper
2022/23,Crystal Palace,Tayo Adaramola,Left-Back
2022/23,Crystal Palace,Tyrick Mitchell,Left-Back
2022/23,Crystal Palace,Vicente Guaita,Goalkeeper
2022/23,Crystal Palace,Wilfried Zaha,Left Winger
2022/23,Crystal Palace,Will Hughes,Central Midfield
2022/23,Everton,Abdoulaye Doucouré,Attacking Midfield
2022/23,Everton,Alex Iwobi,Left Winger
2022/23,Everton,Allan,Defensive Midfield
2022/23,Everton,Amadou Onana,Defensive Midfield
2022/23,Everton,Andros Townsend,Right Winger
2022/23,Everton,André Gomes,Central Midfield
2022/23,Everton,Andy Lonergan,Goalkeeper
2022/23,Everton,Anthony Gordon,Left Winger
2022/23,Everton,Asmir Begovic,Goalkeeper
2022/23,Everton,Ben Godfrey,Centre-Back
2022/23,Everton,Conor Coady,Centre-Back
2022/23,Everton,Dele Alli,Attacking Midfield
2022/23,Everton,Demarai Gray,Left Winger
2022/23,Everton,Dominic Calvert-Lewin,Centre-Forward
2022/23,Everton,Dwight McNeil,Left Winger
2022/23,Everton,Eldin Jakupović,Goalkeeper
2022/23,Everton,Ellis Simms,Centre-Forward
2022/23,Everton,Idrissa Gueye,Defensive Midfield
2022/23,Everton,Isaac Price,Central Midfield
2022/23,Everton,Ishé Samuels-Smith,Left-Back
2022/23,Everton,James Garner,Defensive Midfield
2022/23,Everton,James Tarkowski,Centre-Back
2022/23,Everton,Jean-Philippe Gbamin,Centre-Back
2022/23,Everton,Jordan Pickford,Goalkeeper
2022/23,Everton,Kyle John,Right-Back
2022/23,Everton,Lewis Warrington,Central Midfield
2022/23,Everton,Mason Holgate,Centre-Back
2022/23,Everton,Michael Keane,Centre-Back
2022/23,Everton,Nathan Patterson,Right-Back
2022/23,Everton,Neal Maupay,Centre-Forward
2022/23,Everton,Reece Welch,Centre-Back
2022/23,Everton,Rúben Vinagre,Left Midfield
2022/23,Everton,Salomón Rondón,Centre-Forward
2022/23,Everton,Sean McAllister,Centre-Forward
2022/23,Everton,Stanley Mills,Right Winger
2022/23,Everton,Séamus Coleman,Right-Back
2022/23,Everton,Tom Cannon,Centre-Forward
2022/23,Everton,Tom Davies,Central Midfield
2022/23,Everton,Vitaliy Mykolenko,Left-Back
2022/23,Everton,Yerry Mina,Centre-Back
2022/23,Fulham,Adrion Pajaziti,Defensive Midfield
2022/23,Fulham,Aleksandar Mitrović,Centre-Forward
2022/23,Fulham,Andreas Pereira,Central Midfield
2022/23,Fulham,Anthony Knockaert,Right Winger
2022/23,Fulham,Antonee Robinson,Left-Back
2022/23,Fulham,Bernd Leno,Goalkeeper
2022/23,Fulham,Bobby De Cordova-Reid,Attacking Midfield
2022/23,Fulham,Callum McFarlane,Centre-Forward
2022/23,Fulham,Carlos Vinícius,Centre-Forward
2022/23,Fulham,Charlie Robinson,Centre-Back
2022/23,Fulham,Connor McAvoy,Centre-Back
2022/23,Fulham,Cédric Soares,Right-Back
2022/23,Fulham,Daniel James,Right Winger
2022/23,Fulham,George Wickens,Goalkeeper
2022/23,Fulham,Harrison Reed,Central Midfield
2022/23,Fulham,Harry Wilson,Right Winger
2022/23,Fulham,Issa Diop,Centre-Back
2022/23,Fulham,Jay Stansfield,Centre-Forward
2022/23,Fulham,Joe Bryan,Left-Back
2022/23,Fulham,Josh Onomah,Central Midfield
2022/23,Fulham,João Palhinha,Defensive Midfield
2022/23,Fulham,Kenny Tete,Right-Back
2022/23,Fulham,Kevin Mbabu,Right-Back
2022/23,Fulham,Kristian Sekularac,Attacking Midfield
2022/23,Fulham,Layvin Kurzawa,Left-Back
2022/23,Fulham,Luciano D'Auria-Henry,Right-Back
2022/23,Fulham,Luke Harris,Attacking Midfield
2022/23,Fulham,Manor Solomon,Left Winger
2022/23,Fulham,Marek Rodák,Goalkeeper
2022/23,Fulham,Marlon Fossey,Right-Back
2022/23,Fulham,Martial Godo,Left Winger
2022/23,Fulham,Matt Dibley-Dias,Central Midfield
2022/23,Fulham,Nathaniel Chalobah,Defensive Midfield
2022/23,Fulham,Neeskens Kebano,Left Winger
2022/23,Fulham,Ollie O'Neill,Left Winger
2022/23,Fulham,Paulo Gazzaniga,Goalkeeper
2022/23,Fulham,Rodrigo Muniz,Centre-Forward
2022/23,Fulham,Saša Lukić,Central Midfield
2022/23,Fulham,Shane Duffy,Centre-Back
2022/23,Fulham,Stefan Parkes,Left-Back
2022/23,Fulham,Steven Sessegnon,Right-Back
2022/23,Fulham,Terry Ablade,Centre-Forward
2022/23,Fulham,Tim Ream,Centre-Back
2022/23,Fulham,Tom Cairney,Central Midfield
2022/23,Fulham,Tosin Adarabioyo,Centre-Back
2022/23,Fulham,Tyrese Francois,Central Midfield
2022/23,Fulham,Willian,Left Winger
2022/23,Leeds,Adam Forshaw,Central Midfield
2022/23,Leeds,Alfie McCalmont,Central Midfield
2022/23,Leeds,Amari Miller,Left Winger
2022/23,Leeds,Archie Gray,Defensive Midfield
2022/23,Leeds,Brenden Aaronson,Attacking Midfield
2022/23,Leeds,Charlie Allen,Central Midfield
2022/23,Leeds,Charlie Cresswell,Centre-Back
2022/23,Leeds,Cody Drameh,Right-Back
2022/23,Leeds,Crysencio Summerville,Left Winger
2022/23,Leeds,Dani van den Heuvel,Goalkeeper
2022/23,Leeds,Daniel James,Right Winger
2022/23,Leeds,Darko Gyabi,Central Midfield
2022/23,Leeds,Diego Llorente,Centre-Back
2022/23,Leeds,Diogo Monteiro,Centre-Back
2022/23,Leeds,Georginio Rutter,Centre-Forward
2022/23,Leeds,Ian Poveda,Right Winger
2022/23,Leeds,Illan Meslier,Goalkeeper
2022/23,Leeds,Jack Harrison,Left Winger
2022/23,Leeds,James Debayo,Centre-Back
2022/23,Leeds,Jamie Shackleton,Right-Back
2022/23,Leeds,Jeremiah Chilokoa-Mullen,Centre-Back
2022/23,Leeds,Joe Gelhardt,Centre-Forward
2022/23,Leeds,Joe Snowdon,Right Midfield
2022/23,Leeds,Joel Robles,Goalkeeper
2022/23,Leeds,Junior Firpo,Left-Back
2022/23,Leeds,Kris Moore,Centre-Back
2022/23,Leeds,Kristoffer Klaesson,Goalkeeper
2022/23,Leeds,Leo Hjelde,Centre-Back
2022/23,Leeds,Liam Cooper,Centre-Back
2022/23,Leeds,Luis Sinisterra,Left Winger
2022/23,Leeds,Luke Ayling,Right-Back
2022/23,Leeds,Marc Roca,Defensive Midfield
2022/23,Leeds,Mateo Joseph,Centre-Forward
2022/23,Leeds,Mateusz Klich,Defensive Midfield
2022/23,Leeds,Maximilian Wöber,Centre-Back
2022/23,Leeds,Pascal Struijk,Centre-Back
2022/23,Leeds,Patrick Bamford,Centre-Forward
2022/23,Leeds,Rasmus Nissen Kristensen,Right-Back
2022/23,Leeds,Robin Koch,Centre-Back
2022/23,Leeds,Rodrigo,Centre-Forward
2022/23,Leeds,Sam Greenwood,Attacking Midfield
2022/23,Leeds,Sonny Perkins,Right Winger
2022/23,Leeds,Stuart Dallas,Left Midfield
2022/23,Leeds,Tyler Adams,Defensive Midfield
2022/23,Leeds,Tyler Roberts,Second Striker
2022/23,Leeds,Weston McKennie,Central Midfield
2022/23,Leeds,Wilfried Gnonto,Right Winger
2022/23,Leicester,Alex Smithies,Goalkeeper
2022/23,Leicester,Ayoze Pérez,Centre-Forward
2022/23,Leicester,Boubakary Soumaré,Defensive Midfield
2022/23,Leicester,Daniel Amartey,Centre-Back
2022/23,Leicester,Daniel Iversen,Goalkeeper
2022/23,Leicester,Danny Ward,Goalkeeper
2022/23,Leicester,Dennis Praet,Central Midfield
2022/23,Leicester,George Hirst,Centre-Forward
2022/23,Leicester,Hamza Choudhury,Defensive Midfield
2022/23,Leicester,Harry Souttar,Centre-Back
2022/23,Leicester,Harvey Barnes,Left Winger
2022/23,Leicester,James Justin,Right-Back
2022/23,Leicester,James Maddison,Attacking Midfield
2022/23,Leicester,Jamie Vardy,Centre-Forward
2022/23,Leicester,Jannik Vestergaard,Centre-Back
2022/23,Leicester,Joe Wormleighton,Right-Back
2022/23,Leicester,Jonny Evans,Centre-Back
2022/23,Leicester,Kasey McAteer,Right Midfield
2022/23,Leicester,Kelechi Iheanacho,Centre-Forward
2022/23,Leicester,Kiernan Dewsbury-Hall,Central Midfield
2022/23,Leicester,Lewis Brunt,Centre-Back
2022/23,Leicester,Luke Thomas,Left-Back
2022/23,Leicester,Marc Albrighton,Right Midfield
2022/23,Leicester,Nampalys Mendy,Defensive Midfield
2022/23,Leicester,Patson Daka,Centre-Forward
2022/23,Leicester,Ricardo Pereira,Right-Back
2022/23,Leicester,Ryan Bertrand,Left-Back
2022/23,Leicester,Sammy Braybrooke,Defensive Midfield
2022/23,Leicester,Tetê,Right Winger
2022/23,Leicester,Timothy Castagne,Right-Back
2022/23,Leicester,Victor Kristiansen,Left-Back
2022/23,Leicester,Wanya Marçal,Right Winger
2022/23,Leicester,Wesley Fofana,Centre-Back
2022/23,Leicester,Wilfred Ndidi,Defensive Midfield
2022/23,Leicester,Will Alves,Attacking Midfield
2022/23,Leicester,Wout Faes,Centre-Back
2022/23,Leicester,Youri Tielemans,Central Midfield
2022/23,Leicester,Çağlar Söyüncü,Centre-Back
2022/23,Liverpool,Adrián San Miguel,Goalkeeper
2022/23,Liverpool,Alex Oxlade-Chamberlain,Central Midfield
2022/23,Liverpool,Alisson,Goalkeeper
2022/23,Liverpool,Andrew Robertson,Left-Back
2022/23,Liverpool,Arthur Melo,Central Midfield
2022/23,Liverpool,Ben Gannon-Doak,Right Winger
2022/23,Liverpool,Bobby Clark,Central Midfield
2022/23,Liverpool,Calvin Ramsay,Right-Back
2022/23,Liverpool,Caoimhín Kelleher,Goalkeeper
2022/23,Liverpool,Cody Gakpo,Left Winger
2022/23,Liverpool,Curtis Jones,Central Midfield
2022/23,Liverpool,Darwin Núñez,Centre-Forward
2022/23,Liverpool,Diogo Jota,Left Winger
2022/23,Liverpool,Fabinho,Defensive Midfield
2022/23,Liverpool,Fábio Carvalho,Attacking Midfield
2022/23,Liverpool,Harvey Davies,Goalkeeper
2022/23,Liverpool,Harvey Elliott,Attacking Midfield
2022/23,Liverpool,Ibrahima Konaté,Centre-Back
2022/23,Liverpool,Jake Cain,Central Midfield
2022/23,Liverpool,James Milner,Central Midfield
2022/23,Liverpool,Jarell Quansah,Centre-Back
2022/23,Liverpool,Joe Gomez,Centre-Back
2022/23,Liverpool,Jordan Henderson,Defensive Midfield
2022/23,Liverpool,Joël Matip,Centre-Back
2022/23,Liverpool,Konstantinos Tsimikas,Left-Back
2022/23,Liverpool,Layton Stewart,Centre-Forward
2022/23,Liverpool,Luis Díaz,Left Winger
2022/23,Liverpool,Luke Chambers,Centre-Back
2022/23,Liverpool,Melkamu Frauendorf,Right Winger
2022/23,Liverpool,Mohamed Salah,Right Winger
2022/23,Liverpool,Naby Keïta,Central Midfield
2022/23,Liverpool,Nat Phillips,Centre-Back
2022/23,Liverpool,Rhys Williams,Centre-Back
2022/23,Liverpool,Roberto Firmino,Centre-Forward
2022/23,Liverpool,Sepp van den Berg,Centre-Back
2022/23,Liverpool,Stefan Bajcetic,Defensive Midfield
2022/23,Liverpool,Thiago Alcántara,Central Midfield
2022/23,Liverpool,Trent Alexander-Arnold,Right-Back
2022/23,Liverpool,Virgil van Dijk,Centre-Back
2022/23,Man City,Alex Robertson,Central Midfield
2022/23,Man City,Aymeric Laporte,Centre-Back
2022/23,Man City,Ben Knight,Attacking Midfield
2022/23,Man City,Benjamin Mendy,Left-Back
2022/23,Man City,Bernardo Silva,Attacking Midfield
2022/23,Man City,Claudio Gomes,Defensive Midfield
2022/23,Man City,Cole Palmer,Attacking Midfield
2022/23,Man City,Ederson,Goalkeeper
2022/23,Man City,Erling Haaland,Centre-Forward
2022/23,Man City,Jack Grealish,Left Winger
2022/23,Man City,John Stones,Centre-Back
2022/23,Man City,Josh Wilson-Esbrand,Left-Back
2022/23,Man City,João Cancelo,Right-Back
2022/23,Man City,Julián Alvarez,Centre-Forward
2022/23,Man City,Kalvin Phillips,Defensive Midfield
2022/23,Man City,Kevin De Bruyne,Attacking Midfield
2022/23,Man City,Kyle Walker,Right-Back
2022/23,Man City,Liam Delap,Centre-Forward
2022/23,Man City,Luke Mbete,Centre-Back
2022/23,Man City,Manuel Akanji,Centre-Back
2022/23,Man City,Máximo Perrone,Defensive Midfield
2022/23,Man City,Nathan Aké,Centre-Back
2022/23,Man City,Nico O'Reilly,Left-Back
2022/23,Man City,Phil Foden,Attacking Midfield
2022/23,Man City,Rico Lewis,Right-Back
2022/23,Man City,Riyad Mahrez,Right Winger
2022/23,Man City,Rodri,Defensive Midfield
2022/23,Man City,Rúben Dias,Centre-Back
2022/23,Man City,Scott Carson,Goalkeeper
2022/23,Man City,Sergio Gómez,Left-Back
2022/23,Man City,Shea Charles,Defensive Midfield
2022/23,Man City,Stefan Ortega,Goalkeeper
2022/23,Man City,Zack Steffen,Goalkeeper
2022/23,Man City,İlkay Gündoğan,Central Midfield
2022/23,Man United,Aaron Wan-Bissaka,Right-Back
2022/23,Man United,Alejandro Garnacho,Left Winger
2022/23,Man United,Amad Diallo,Right Winger
2022/23,Man United,Anthony Elanga,Right Winger
2022/23,Man United,Anthony Martial,Centre-Forward
2022/23,Man United,Antony,Right Winger
2022/23,Man United,Axel Tuanzebe,Centre-Back
2022/23,Man United,Brandon Williams,Left-Back
2022/23,Man United,Bruno Fernandes,Attacking Midfield
2022/23,Man United,Casemiro,Defensive Midfield
2022/23,Man United,Charlie McNeill,Centre-Forward
2022/23,Man United,Christian Eriksen,Attacking Midfield
2022/23,Man United,Cristiano Ronaldo,Centre-Forward
2022/23,Man United,David de Gea,Goalkeeper
2022/23,Man United,Dean Henderson,Goalkeeper
2022/23,Man United,Diogo Dalot,Right-Back
2022/23,Man United,Donny van de Beek,Central Midfield
2022/23,Man United,Facundo Pellistri,Right Winger
2022/23,Man United,Fred,Central Midfield
2022/23,Man United,Hannibal,Attacking Midfield
2022/23,Man United,Harry Maguire,Centre-Back
2022/23,Man United,Jack Butland,Goalkeeper
2022/23,Man United,Jadon Sancho,Left Winger
2022/23,Man United,James Garner,Defensive Midfield
2022/23,Man United,Kobbie Mainoo,Central Midfield
2022/23,Man United,Lisandro Martínez,Centre-Back
2022/23,Man United,Luke Shaw,Left-Back
2022/23,Man United,Marc Jurado,Right-Back
2022/23,Man United,Marcel Sabitzer,Central Midfield
2022/23,Man United,Marcus Rashford,Left Winger
2022/23,Man United,Martin Dúbravka,Goalkeeper
2022/23,Man United,Mason Greenwood,Right Winger
2022/23,Man United,Matej Kovar,Goalkeeper
2022/23,Man United,Nathan Bishop,Goalkeeper
2022/23,Man United,Phil Jones,Centre-Back
2022/23,Man United,Radek Vítek,Goalkeeper
2022/23,Man United,Raphaël Varane,Centre-Back
2022/23,Man United,Rhys Bennett,Centre-Back
2022/23,Man United,Scott McTominay,Central Midfield
2022/23,Man United,Shola Shoretire,Left Winger
2022/23,Man United,Teden Mengi,Centre-Back
2022/23,Man United,Tom Heaton,Goalkeeper
2022/23,Man United,Tyler Fredricson,Centre-Back
2022/23,Man United,Tyrell Malacia,Left-Back
2022/23,Man United,Victor Lindelöf,Centre-Back
2022/23,Man United,Wout Weghorst,Centre-Forward
2022/23,Man United,Zidane Iqbal,Central Midfield
2022/23,Man United,Álvaro Carreras,Left-Back
2022/23,Newcastle,Alexander Isak,Centre-Forward
2022/23,Newcastle,Allan Saint-Maximin,Left Winger
2022/23,Newcastle,Anthony Gordon,Left Winger
2022/23,Newcastle,Bruno Guimarães,Central Midfield
2022/23,Newcastle,Callum Wilson,Centre-Forward
2022/23,Newcastle,Chris Wood,Centre-Forward
2022/23,Newcastle,Ciaran Clark,Centre-Back
2022/23,Newcastle,Dan Burn,Centre-Back
2022/23,Newcastle,Elliot Anderson,Central Midfield
2022/23,Newcastle,Emil Krafth,Right-Back
2022/23,Newcastle,Fabian Schär,Centre-Back
2022/23,Newcastle,Federico Fernández,Centre-Back
2022/23,Newcastle,Harrison Ashby,Right-Back
2022/23,Newcastle,Isaac Hayden,Defensive Midfield
2022/23,Newcastle,Jacob Murphy,Right Winger
2022/23,Newcastle,Jamaal Lascelles,Centre-Back
2022/23,Newcastle,Jamal Lewis,Left-Back
2022/23,Newcastle,Javier Manquillo,Right-Back
2022/23,Newcastle,Jeff Hendrick,Central Midfield
2022/23,Newcastle,Joe Willock,Central Midfield
2022/23,Newcastle,Joelinton,Central Midfield
2022/23,Newcastle,Jonjo Shelvey,Central Midfield
2022/23,Newcastle,Karl Darlow,Goalkeeper
2022/23,Newcastle,Kell Watts,Centre-Back
2022/23,Newcastle,Kieran Trippier,Right-Back
2022/23,Newcastle,Lewis Miley,Central Midfield
2022/23,Newcastle,Loris Karius,Goalkeeper
2022/23,Newcastle,Mark Gillespie,Goalkeeper
2022/23,Newcastle,Martin Dúbravka,Goalkeeper
2022/23,Newcastle,Matt Ritchie,Right Midfield
2022/23,Newcastle,Matt Targett,Left-Back
2022/23,Newcastle,Matty Longstaff,Central Midfield
2022/23,Newcastle,Miguel Almirón,Right Winger
2022/23,Newcastle,Nick Pope,Goalkeeper
2022/23,Newcastle,Paul Dummett,Left-Back
2022/23,Newcastle,Ryan Fraser,Left Winger
2022/23,Newcastle,Sean Longstaff,Central Midfield
2022/23,Newcastle,Sven Botman,Centre-Back
2022/23,Nott'm Forest,Aaron Donnelly,Centre-Back
2022/23,Nott'm Forest,Adnan Kanuric,Goalkeeper
2022/23,Nott'm Forest,Alex Gibson-Hammond,Right Midfield
2022/23,Nott'm Forest,Alex Mighten,Left Winger
2022/23,Nott'm Forest,André Ayew,Centre-Forward
2022/23,Nott'm Forest,Billy Fewster,Central Midfield
2022/23,Nott'm Forest,Brennan Johnson,Right Winger
2022/23,Nott'm Forest,Cafú,Central Midfield
2022/23,Nott'm Forest,Cheikhou Kouyaté,Defensive Midfield
2022/23,Nott'm Forest,Chris Wood,Centre-Forward
2022/23,Nott'm Forest,Dale Taylor,Centre-Forward
2022/23,Nott'm Forest,Danilo,Central Midfield
2022/23,Nott'm Forest,Dean Henderson,Goalkeeper
2022/23,Nott'm Forest,Emmanuel Dennis,Centre-Forward
2022/23,Nott'm Forest,Esapa Osong,Centre-Forward
2022/23,Nott'm Forest,Felipe,Centre-Back
2022/23,Nott'm Forest,George Shelvey,Goalkeeper
2022/23,Nott'm Forest,Giulian Biancone,Centre-Back
2022/23,Nott'm Forest,Gustavo Scarpa,Attacking Midfield
2022/23,Nott'm Forest,Harry Arter,Central Midfield
2022/23,Nott'm Forest,Harry Toffolo,Left-Back
2022/23,Nott'm Forest,Jack Colback,Defensive Midfield
2022/23,Nott'm Forest,Jesse Lingard,Attacking Midfield
2022/23,Nott'm Forest,Joe Worrall,Centre-Back
2022/23,Nott'm Forest,Jonathan Panzo,Centre-Back
2022/23,Nott'm Forest,Jonjo Shelvey,Central Midfield
2022/23,Nott'm Forest,Jordan Smith,Goalkeeper
2022/23,Nott'm Forest,Josh Bowler,Right Winger
2022/23,Nott'm Forest,Keylor Navas,Goalkeeper
2022/23,Nott'm Forest,Lewis O'Brien,Central Midfield
2022/23,Nott'm Forest,Loïc Badé,Centre-Back
2022/23,Nott'm Forest,Loïc Mbe Soh,Centre-Back
2022/23,Nott'm Forest,Lyle Taylor,Centre-Forward
2022/23,Nott'm Forest,Morgan Gibbs-White,Attacking Midfield
2022/23,Nott'm Forest,Moussa Niakhaté,Centre-Back
2022/23,Nott'm Forest,Neco Williams,Left-Back
2022/23,Nott'm Forest,Oliver Hammond,Central Midfield
2022/23,Nott'm Forest,Omar Richards,Left-Back
2022/23,Nott'm Forest,Orel Mangala,Defensive Midfield
2022/23,Nott'm Forest,Remo Freuler,Central Midfield
2022/23,Nott'm Forest,Renan Lodi,Left-Back
2022/23,Nott'm Forest,Ryan Yates,Central Midfield
2022/23,Nott'm Forest,Sam Surridge,Centre-Forward
2022/23,Nott'm Forest,Scott McKenna,Centre-Back
2022/23,Nott'm Forest,Serge Aurier,Right-Back
2022/23,Nott'm Forest,Steve Cook,Centre-Back
2022/23,Nott'm Forest,Taiwo Awoniyi,Centre-Forward
2022/23,Nott'm Forest,Wayne Hennessey,Goalkeeper
2022/23,Nott'm Forest,Willy Boly,Centre-Back
2022/23,Nott'm Forest,Zach Abbott,Centre-Back
2022/23,Southampton,Adam Armstrong,Centre-Forward
2022/23,Southampton,Ainsley Maitland-Niles,Right-Back
2022/23,Southampton,Alex McCarthy,Goalkeeper
2022/23,Southampton,Armel Bella-Kotchap,Centre-Back
2022/23,Southampton,Carlos Alcaraz,Central Midfield
2022/23,Southampton,Ché Adams,Centre-Forward
2022/23,Southampton,Dan Nlundulu,Centre-Forward
2022/23,Southampton,Diamond Edwards,Attacking Midfield
2022/23,Southampton,Dom Ballard,Centre-Forward
2022/23,Southampton,Duje Caleta-Car,Centre-Back
2022/23,Southampton,Dynel Simeu,Centre-Back
2022/23,Southampton,Gavin Bazunu,Goalkeeper
2022/23,Southampton,Ibrahima Diallo,Defensive Midfield
2022/23,Southampton,Jack Stephens,Centre-Back
2022/23,Southampton,James Bree,Right-Back
2022/23,Southampton,James Ward-Prowse,Central Midfield
2022/23,Southampton,Jan Bednarek,Centre-Back
2022/23,Southampton,Jimmy-Jay Morgan,Centre-Forward
2022/23,Southampton,Joe Aribo,Central Midfield
2022/23,Southampton,Juan Larios,Left-Back
2022/23,Southampton,Kamaldeen Sulemana,Left Winger
2022/23,Southampton,Kamari Doyle,Attacking Midfield
2022/23,Southampton,Kyle Walker-Peters,Right-Back
2022/23,Southampton,Lewis Payne,Right-Back
2022/23,Southampton,Lyanco,Centre-Back
2022/23,Southampton,Mislav Orsic,Left Winger
2022/23,Southampton,Mohamed Elyounoussi,Second Striker
2022/23,Southampton,Mohammed Salisu,Centre-Back
2022/23,Southampton,Moussa Djenepo,Left Winger
2022/23,Southampton,Nathan Redmond,Right Winger
2022/23,Southampton,Nathan Tella,Right Winger
2022/23,Southampton,Nico Lawrence,Centre-Back
2022/23,Southampton,Oriol Romeu,Defensive Midfield
2022/23,Southampton,Paul Onuachu,Centre-Forward
2022/23,Southampton,Romain Perraud,Left-Back
2022/23,Southampton,Roméo Lavia,Defensive Midfield
2022/23,Southampton,Ryan Finnigan,Central Midfield
2022/23,Southampton,Samuel Amo-Ameyaw,Right Winger
2022/23,Southampton,Samuel Edozie,Left Winger
2022/23,Southampton,Stuart Armstrong,Central Midfield
2022/23,Southampton,Sékou Mara,Centre-Forward
2022/23,Southampton,Theo Walcott,Right Winger
2022/23,Southampton,Tino Livramento,Right-Back
2022/23,Southampton,Will Smallbone,Central Midfield
2022/23,Southampton,Willy Caballero,Goalkeeper
2022/23,Southampton,Yan Valery,Right-Back
2022/23,Tottenham,Alfie Devine,Attacking Midfield
2022/23,Tottenham,Alfie Whiteman,Goalkeeper
2022/23,Tottenham,Arnaut Danjuma,Left Winger
2022/23,Tottenham,Ben Davies,Centre-Back
2022/23,Tottenham,Brandon Austin,Goalkeeper
2022/23,Tottenham,Bryan Gil,Left Winger
2022/23,Tottenham,Clément Lenglet,Centre-Back
2022/23,Tottenham,Cristian Romero,Centre-Back
2022/23,Tottenham,Davinson Sánchez,Centre-Back
2022/23,Tottenham,Dejan Kulusevski,Attacking Midfield
2022/23,Tottenham,Djed Spence,Right-Back
2022/23,Tottenham,Emerson Royal,Right-Back
2022/23,Tottenham,Eric Dier,Centre-Back
2022/23,Tottenham,Fraser Forster,Goalkeeper
2022/23,Tottenham,George Abbott,Defensive Midfield
2022/23,Tottenham,Harry Kane,Centre-Forward
2022/23,Tottenham,Harvey White,Defensive Midfield
2022/23,Tottenham,Heung-min Son,Left Winger
2022/23,Tottenham,Hugo Lloris,Goalkeeper
2022/23,Tottenham,Ivan Perišić,Left Winger
2022/23,Tottenham,Japhet Tanganga,Centre-Back
2022/23,Tottenham,Lucas Moura,Right Winger
2022/23,Tottenham,Matt Doherty,Right-Back
2022/23,Tottenham,Matthew Craig,Defensive Midfield
2022/23,Tottenham,Oliver Skipp,Defensive Midfield
2022/23,Tottenham,Pape Matar Sarr,Central Midfield
2022/23,Tottenham,Pedro Porro,Right-Back
2022/23,Tottenham,Pierre-Emile Højbjerg,Defensive Midfield
2022/23,Tottenham,Richarlison,Centre-Forward
2022/23,Tottenham,Rodrigo Bentancur,Defensive Midfield
2022/23,Tottenham,Romaine Mundle,Left Winger
2022/23,Tottenham,Ryan Sessegnon,Left-Back
2022/23,Tottenham,Yago Santiago,Left Winger
2022/23,Tottenham,Yves Bissouma,Defensive Midfield
2022/23,West Ham,Aaron Cresswell,Left-Back
2022/23,West Ham,Alphonse Areola,Goalkeeper
2022/23,West Ham,Angelo Ogbonna,Centre-Back
2022/23,West Ham,Armstrong Oko-Flex,Left Winger
2022/23,West Ham,Ben Johnson,Right-Back
2022/23,West Ham,Conor Coventry,Defensive Midfield
2022/23,West Ham,Craig Dawson,Centre-Back
2022/23,West Ham,Dan Chesters,Right Midfield
2022/23,West Ham,Danny Ings,Centre-Forward
2022/23,West Ham,Darren Randolph,Goalkeeper
2022/23,West Ham,Declan Rice,Central Midfield
2022/23,West Ham,Divin Mubama,Centre-Forward
2022/23,West Ham,Emerson,Left-Back
2022/23,West Ham,Flynn Downes,Defensive Midfield
2022/23,West Ham,Freddie Potts,Defensive Midfield
2022/23,West Ham,Gianluca Scamacca,Centre-Forward
2022/23,West Ham,Harrison Ashby,Right-Back
2022/23,West Ham,Jamal Baptiste,Centre-Back
2022/23,West Ham,Jarrod Bowen,Right Winger
2022/23,West Ham,Joseph Anang,Goalkeeper
2022/23,West Ham,Kaelan Casey,Centre-Back
2022/23,West Ham,Kamarai Swyer,Attacking Midfield
2022/23,West Ham,Keenan Appiah-Forson,Defensive Midfield
2022/23,West Ham,Krisztián Hegyi,Goalkeeper
2022/23,West Ham,Kurt Zouma,Centre-Back
2022/23,West Ham,Levi Laing,Centre-Back
2022/23,West Ham,Lewis Orford,Central Midfield
2022/23,West Ham,Lucas Paquetá,Attacking Midfield
2022/23,West Ham,Lukasz Fabianski,Goalkeeper
2022/23,West Ham,Manuel Lanzini,Attacking Midfield
2022/23,West Ham,Maxwel Cornet,Left Winger
2022/23,West Ham,Michael Forbes,Centre-Back
2022/23,West Ham,Michail Antonio,Centre-Forward
2022/23,West Ham,Nathan Trott,Goalkeeper
2022/23,West Ham,Nayef Aguerd,Centre-Back
2022/23,West Ham,Nikola Vlašić,Attacking Midfield
2022/23,West Ham,Oliver Scarles,Left-Back
2022/23,West Ham,Pablo Fornals,Central Midfield
2022/23,West Ham,Pierre Ekwah,Defensive Midfield
2022/23,West Ham,Regan Clayton,Left-Back
2022/23,West Ham,Saïd Benrahma,Left Winger
2022/23,West Ham,Thilo Kehrer,Centre-Back
2022/23,West Ham,Tomáš Souček,Defensive Midfield
2022/23,West Ham,Vladimír Coufal,Right-Back
2022/23,Wolves,Adama Traoré,Right Winger
2022/23,Wolves,Boubacar Traoré,Defensive Midfield
2022/23,Wolves,Chem Campbell,Left Winger
2022/23,Wolves,Chiquinho,Left Winger
2022/23,Wolves,Connor Ronan,Central Midfield
2022/23,Wolves,Conor Coady,Centre-Back
2022/23,Wolves,Craig Dawson,Centre-Back
2022/23,Wolves,Daniel Bentley,Goalkeeper
2022/23,Wolves,Daniel Podence,Left Winger
2022/23,Wolves,Dexter Lembikisa,Right-Back
2022/23,Wolves,Diego Costa,Centre-Forward
2022/23,Wolves,Gonçalo Guedes,Left Winger
2022/23,Wolves,Harvey Griffiths,Defensive Midfield
2022/23,Wolves,Hee-chan Hwang,Centre-Forward
2022/23,Wolves,Hugo Bueno,Left-Back
2022/23,Wolves,Jackson Smith,Goalkeeper
2022/23,Wolves,Joe Hodge,Defensive Midfield
2022/23,Wolves,Jonny Otto,Right-Back
2022/23,Wolves,José Sá,Goalkeeper
2022/23,Wolves,João Gomes,Central Midfield
2022/23,Wolves,João Moutinho,Central Midfield
2022/23,Wolves,Ki-Jana Hoever,Right-Back
2022/23,Wolves,Leander Dendoncker,Defensive Midfield
2022/23,Wolves,Louie Moulden,Goalkeeper
2022/23,Wolves,Luke Cundle,Central Midfield
2022/23,Wolves,Mario Lemina,Defensive Midfield
2022/23,Wolves,Matheus Cunha,Centre-Forward
2022/23,Wolves,Matheus Nunes,Right-Back
2022/23,Wolves,Matija Sarkic,Goalkeeper
2022/23,Wolves,Maximilian Kilman,Centre-Back
2022/23,Wolves,Morgan Gibbs-White,Attacking Midfield
2022/23,Wolves,Nathan Collins,Centre-Back
2022/23,Wolves,Nathan Fraser,Centre-Forward
2022/23,Wolves,Nélson Semedo,Right-Back
2022/23,Wolves,Pablo Sarabia,Attacking Midfield
2022/23,Wolves,Pedro Neto,Right Winger
2022/23,Wolves,Rayan Aït-Nouri,Left-Back
2022/23,Wolves,Raúl Jiménez,Centre-Forward
2022/23,Wolves,Rúben Neves,Defensive Midfield
2022/23,Wolves,Sasa Kalajdzic,Centre-Forward
2022/23,Wolves,Toti,Centre-Back
2022/23,Wolves,Willy Boly,Centre-Back
2022/23,Wolves,Yerson Mosquera,Centre-Back
2023/24,AFC Bournemouth,Adam Smith,Right-Back
2023/24,AFC Bournemouth,Alex Scott,Central Midfield
2023/24,AFC Bournemouth,Antoine Semenyo,Right Winger
2023/24,AFC Bournemouth,Ben Greenwood,Left-Back
2023/24,AFC Bournemouth,Callan McKenna,Goalkeeper
2023/24,AFC Bournemouth,Cameron Plain,Goalkeeper
2023/24,AFC Bournemouth,Chris Mepham,Centre-Back
2023/24,AFC Bournemouth,Dango Ouattara,Right Winger
2023/24,AFC Bournemouth,Daniel Adu-Adjei,Centre-Forward
2023/24,AFC Bournemouth,Darren Randolph,Goalkeeper
2023/24,AFC Bournemouth,David Brooks,Right Winger
2023/24,AFC Bournemouth,Dominic Sadi,Right Winger
2023/24,AFC Bournemouth,Dominic Solanke,Centre-Forward
2023/24,AFC Bournemouth,Emiliano Marcondes,Attacking Midfield
2023/24,AFC Bournemouth,Enes Ünal,Centre-Forward
2023/24,AFC Bournemouth,Gavin Kilkenny,Central Midfield
2023/24,AFC Bournemouth,Hamed Traoré,Left Winger
2023/24,AFC Bournemouth,Ilya Zabarnyi,Centre-Back
2023/24,AFC Bournemouth,Ionuț Radu,Goalkeeper
2023/24,AFC Bournemouth,Jaidon Anthony,Left Winger
2023/24,AFC Bournemouth,Jamal Lowe,Centre-Forward
2023/24,AFC Bournemouth,James Hill,Centre-Back
2023/24,AFC Bournemouth,Joe Rothwell,Central Midfield
2023/24,AFC Bournemouth,Justin Kluivert,Attacking Midfield
2023/24,AFC Bournemouth,Kieffer Moore,Centre-Forward
2023/24,AFC Bournemouth,Lewis Cook,Central Midfield
2023/24,AFC Bournemouth,Lloyd Kelly,Centre-Back
2023/24,AFC Bournemouth,Luis Sinisterra,Left Winger
2023/24,AFC Bournemouth,Marcos Senesi,Centre-Back
2023/24,AFC Bournemouth,Marcus Tavernier,Attacking Midfield
2023/24,AFC Bournemouth,Mark Travers,Goalkeeper
2023/24,AFC Bournemouth,Max Aarons,Right-Back
2023/24,AFC Bournemouth,Max Kinsey,Centre-Back
2023/24,AFC Bournemouth,Michael Dacosta,Right Winger
2023/24,AFC Bournemouth,Milos Kerkez,Left-Back
2023/24,AFC Bournemouth,Neto,Goalkeeper
2023/24,AFC Bournemouth,Philip Billing,Central Midfield
2023/24,AFC Bournemouth,Romain Faivre,Attacking Midfield
2023/24,AFC Bournemouth,Ryan Christie,Central Midfield
2023/24,AFC Bournemouth,Ryan Fredericks,Right-Back
2023/24,AFC Bournemouth,Tyler Adams,Defensive Midfield
2023/24,AFC Bournemouth,Will Dennis,Goalkeeper
2023/24,Arsenal,Aaron Ramsdale,Goalkeeper
2023/24,Arsenal,Albert Sambi Lokonga,Central Midfield
2023/24,Arsenal,Amario Cozier-Duberry,Right Winger
2023/24,Arsenal,Arthur Okonkwo,Goalkeeper
2023/24,Arsenal,Ayden Heaven,Centre-Back
2023/24,Arsenal,Ben White,Right-Back
2023/24,Arsenal,Bradley Ibrahim,Defensive Midfield
2023/24,Arsenal,Bukayo Saka,Right Winger
2023/24,Arsenal,Charles Sagoe Jr,Left Winger
2023/24,Arsenal,Cédric Soares,Right-Back
2023/24,Arsenal,David Raya,Goalkeeper
2023/24,Arsenal,Declan Rice,Central Midfield
2023/24,Arsenal,Eddie Nketiah,Centre-Forward
2023/24,Arsenal,Emile Smith Rowe,Attacking Midfield
2023/24,Arsenal,Ethan Nwaneri,Attacking Midfield
2023/24,Arsenal,Fábio Vieira,Attacking Midfield
2023/24,Arsenal,Gabriel,Centre-Back
2023/24,Arsenal,Gabriel Jesus,Centre-Forward
2023/24,Arsenal,Gabriel Martinelli,Left Winger
2023/24,Arsenal,Jakub Kiwior,Centre-Back
2023/24,Arsenal,James Sweet,Right-Back
2023/24,Arsenal,Jorginho,Defensive Midfield
2023/24,Arsenal,Jurriën Timber,Right-Back
2023/24,Arsenal,Kai Havertz,Centre-Forward
2023/24,Arsenal,Karl Hein,Goalkeeper
2023/24,Arsenal,Kieran Tierney,Left-Back
2023/24,Arsenal,Leandro Trossard,Left Winger
2023/24,Arsenal,Lino Sousa,Left-Back
2023/24,Arsenal,Martin Ødegaard,Attacking Midfield
2023/24,Arsenal,Matt Turner,Goalkeeper
2023/24,Arsenal,Mauro Bandeira,Central Midfield
2023/24,Arsenal,Mohamed Elneny,Defensive Midfield
2023/24,Arsenal,Myles Lewis-Skelly,Left-Back
2023/24,Arsenal,Oleksandr Zinchenko,Left-Back
2023/24,Arsenal,Reiss Nelson,Left Winger
2023/24,Arsenal,Reuell Walters,Right-Back
2023/24,Arsenal,Rob Holding,Centre-Back
2023/24,Arsenal,Takehiro Tomiyasu,Centre-Back
2023/24,Arsenal,Thomas Partey,Defensive Midfield
2023/24,Arsenal,William Saliba,Centre-Back
2023/24,Aston Villa,Bertrand Traoré,Right Winger
2023/24,Aston Villa,Boubacar Kamara,Defensive Midfield
2023/24,Aston Villa,Calum Chambers,Centre-Back
2023/24,Aston Villa,Cameron Archer,Centre-Forward
2023/24,Aston Villa,Clément Lenglet,Centre-Back
2023/24,Aston Villa,Diego Carlos,Centre-Back
2023/24,Aston Villa,Douglas Luiz,Central Midfield
2023/24,Aston Villa,Emiliano Buendía,Left Winger
2023/24,Aston Villa,Emiliano Martínez,Goalkeeper
2023/24,Aston Villa,Ezri Konsa,Centre-Back
2023/24,Aston Villa,Filip Marschall,Goalkeeper
2023/24,Aston Villa,Finley Munroe,Left-Back
2023/24,Aston Villa,Jacob Ramsey,Central Midfield
2023/24,Aston Villa,Jaden Philogene,Left Winger
2023/24,Aston Villa,James Wright,Goalkeeper
2023/24,Aston Villa,Jhon Durán,Centre-Forward
2023/24,Aston Villa,Joe Gauci,Goalkeeper
2023/24,Aston Villa,John McGinn,Central Midfield
2023/24,Aston Villa,Josh Feeney,Centre-Back
2023/24,Aston Villa,Kadan Young,Left Winger
2023/24,Aston Villa,Kaine Kesler-Hayden,Right-Back
2023/24,Aston Villa,Kortney Hause,Centre-Back
2023/24,Aston Villa,Lander Emery,Goalkeeper
2023/24,Aston Villa,Leander Dendoncker,Defensive Midfield
2023/24,Aston Villa,Leon Bailey,Right Winger
2023/24,Aston Villa,Lino Sousa,Left-Back
2023/24,Aston Villa,Lucas Digne,Left-Back
2023/24,Aston Villa,Matty Cash,Right-Back
2023/24,Aston Villa,Morgan Rogers,Attacking Midfield
2023/24,Aston Villa,Moussa Diaby,Right Winger
2023/24,Aston Villa,Nicolò Zaniolo,Second Striker
2023/24,Aston Villa,Oliwier Zych,Goalkeeper
2023/24,Aston Villa,Ollie Watkins,Centre-Forward
2023/24,Aston Villa,Omari Kellyman,Attacking Midfield
2023/24,Aston Villa,Pau Torres,Centre-Back
2023/24,Aston Villa,Philippe Coutinho,Attacking Midfield
2023/24,Aston Villa,Robin Olsen,Goalkeeper
2023/24,Aston Villa,Sam Proctor,Goalkeeper
2023/24,Aston Villa,Sebastian Revan,Left-Back
2023/24,Aston Villa,Tim Iroegbunam,Central Midfield
2023/24,Aston Villa,Tommi O'Reilly,Attacking Midfield
2023/24,Aston Villa,Travis Patterson,Left-Back
2023/24,Aston Villa,Tyrone Mings,Centre-Back
2023/24,Aston Villa,Youri Tielemans,Central Midfield
2023/24,Aston Villa,Álex Moreno,Left-Back
2023/24,Brentford FC,Aaron Hickey,Right-Back
2023/24,Brentford FC,Ben Mee,Centre-Back
2023/24,Brentford FC,Benjamin Arthur,Centre-Back
2023/24,Brentford FC,Benjamin Fredrick,Centre-Back
2023/24,Brentford FC,Bryan Mbeumo,Right Winger
2023/24,Brentford FC,Charlie Goode,Centre-Back
2023/24,Brentford FC,Christian Nørgaard,Defensive Midfield
2023/24,Brentford FC,Ellery Balcombe,Goalkeeper
2023/24,Brentford FC,Ethan Brierley,Central Midfield
2023/24,Brentford FC,Ethan Pinnock,Centre-Back
2023/24,Brentford FC,Fin Stevens,Right-Back
2023/24,Brentford FC,Frank Onyeka,Central Midfield
2023/24,Brentford FC,Hákon Valdimarsson,Goalkeeper
2023/24,Brentford FC,Ivan Toney,Centre-Forward
2023/24,Brentford FC,Ji-soo Kim,Centre-Back
2023/24,Brentford FC,Josh Dasilva,Central Midfield
2023/24,Brentford FC,Keane Lewis-Potter,Left Midfield
2023/24,Brentford FC,Kevin Schade,Left Winger
2023/24,Brentford FC,Kristoffer Ajer,Centre-Back
2023/24,Brentford FC,Mads Roerslev,Right-Back
2023/24,Brentford FC,Mark Flekken,Goalkeeper
2023/24,Brentford FC,Mathias Jensen,Central Midfield
2023/24,Brentford FC,Matthew Cox,Goalkeeper
2023/24,Brentford FC,Michael Olakigbe,Right Winger
2023/24,Brentford FC,Mikkel Damsgaard,Attacking Midfield
2023/24,Brentford FC,Myles Peart-Harris,Attacking Midfield
2023/24,Brentford FC,Nathan Collins,Centre-Back
2023/24,Brentford FC,Neal Maupay,Centre-Forward
2023/24,Brentford FC,Paris Maghoma,Central Midfield
2023/24,Brentford FC,Rico Henry,Left-Back
2023/24,Brentford FC,Ryan Trevitt,Central Midfield
2023/24,Brentford FC,Saman Ghoddos,Attacking Midfield
2023/24,Brentford FC,Sergio Reguilón,Left-Back
2023/24,Brentford FC,Shandon Baptiste,Central Midfield
2023/24,Brentford FC,Thomas Strakosha,Goalkeeper
2023/24,Brentford FC,Val Adedokun,Left-Back
2023/24,Brentford FC,Vincent Angelini,Goalkeeper
2023/24,Brentford FC,Vitaly Janelt,Defensive Midfield
2023/24,Brentford FC,Yegor Yarmolyuk,Central Midfield
2023/24,Brentford FC,Yoane Wissa,Centre-Forward
2023/24,Brentford FC,Yunus Konak,Defensive Midfield
2023/24,Brentford FC,Zanka,Centre-Back
2023/24,Brighton and Hove Albion,Abdallah Sima,Left Winger
2023/24,Brighton and Hove Albion,Adam Lallana,Attacking Midfield
2023/24,Brighton and Hove Albion,Adam Webster,Centre-Back
2023/24,Brighton and Hove Albion,Andrew Moran,Attacking Midfield
2023/24,Brighton and Hove Albion,Ansu Fati,Left Winger
2023/24,Brighton and Hove Albion,Bart Verbruggen,Goalkeeper
2023/24,Brighton and Hove Albion,Ben Jackson,Centre-Back
2023/24,Brighton and Hove Albion,Benicio Baker,Right Winger
2023/24,Brighton and Hove Albion,Billy Gilmour,Defensive Midfield
2023/24,Brighton and Hove Albion,Cameron Peupion,Left Winger
2023/24,Brighton and Hove Albion,Carl Rushworth,Goalkeeper
2023/24,Brighton and Hove Albion,Carlos Baleba,Defensive Midfield
2023/24,Brighton and Hove Albion,Danny Welbeck,Centre-Forward
2023/24,Brighton and Hove Albion,Ed Turns,Centre-Back
2023/24,Brighton and Hove Albion,Evan Ferguson,Centre-Forward
2023/24,Brighton and Hove Albion,Facundo Buonanotte,Attacking Midfield
2023/24,Brighton and Hove Albion,Igor Julio,Centre-Back
2023/24,Brighton and Hove Albion,Imari Samuels,Left-Back
2023/24,Brighton and Hove Albion,Jack Hinchy,Defensive Midfield
2023/24,Brighton and Hove Albion,Jack Hinshelwood,Defensive Midfield
2023/24,Brighton and Hove Albion,Jakub Moder,Central Midfield
2023/24,Brighton and Hove Albion,James Milner,Central Midfield
2023/24,Brighton and Hove Albion,Jan Paul van Hecke,Centre-Back
2023/24,Brighton and Hove Albion,Jason Steele,Goalkeeper
2023/24,Brighton and Hove Albion,Jensen Weir,Central Midfield
2023/24,Brighton and Hove Albion,Jeremy Sarmiento,Left Winger
2023/24,Brighton and Hove Albion,Joshua Duffus,Centre-Forward
2023/24,Brighton and Hove Albion,João Pedro,Centre-Forward
2023/24,Brighton and Hove Albion,Joël Veltman,Right-Back
2023/24,Brighton and Hove Albion,Julio Enciso,Attacking Midfield
2023/24,Brighton and Hove Albion,Kaoru Mitoma,Left Winger
2023/24,Brighton and Hove Albion,Leigh Kavanagh,Centre-Back
2023/24,Brighton and Hove Albion,Lewis Dunk,Centre-Back
2023/24,Brighton and Hove Albion,Luca Barrington,Left Winger
2023/24,Brighton and Hove Albion,Mahmoud Dahoud,Central Midfield
2023/24,Brighton and Hove Albion,Marc Leonard,Central Midfield
2023/24,Brighton and Hove Albion,Mark O'Mahony,Centre-Forward
2023/24,Brighton and Hove Albion,Noel Atom,Centre-Back
2023/24,Brighton and Hove Albion,Odeluga Offiah,Centre-Back
2023/24,Brighton and Hove Albion,Pascal Groß,Central Midfield
2023/24,Brighton and Hove Albion,Pervis Estupiñán,Left-Back
2023/24,Brighton and Hove Albion,Samy Chouchane,Central Midfield
2023/24,Brighton and Hove Albion,Simon Adingra,Left Winger
2023/24,Brighton and Hove Albion,Solly March,Right Winger
2023/24,Brighton and Hove Albion,Steven Alzate,Central Midfield
2023/24,Brighton and Hove Albion,Tariq Lamptey,Right-Back
2023/24,Brighton and Hove Albion,Tom McGill,Goalkeeper
2023/24,Brighton and Hove Albion,Valentín Barco,Central Midfield
2023/24,Brighton and Hove Albion,Yasin Ayari,Central Midfield
2023/24,Burnley FC,Aaron Ramsey,Attacking Midfield
2023/24,Burnley FC,Ameen Al-Dakhil,Centre-Back
2023/24,Burnley FC,Anass Zaroury,Left Winger
2023/24,Burnley FC,Arijanet Murić,Goalkeeper
2023/24,Burnley FC,CJ Egan-Riley,Centre-Back
2023/24,Burnley FC,Charlie Taylor,Left-Back
2023/24,Burnley FC,Connor Roberts,Right-Back
2023/24,Burnley FC,Dara Costelloe,Left Winger
2023/24,Burnley FC,Dara O'Shea,Centre-Back
2023/24,Burnley FC,Darko Churlinov,Left Winger
2023/24,Burnley FC,David Datro Fofana,Centre-Forward
2023/24,Burnley FC,Denis Franchi,Goalkeeper
2023/24,Burnley FC,Enock Agyei,Right Winger
2023/24,Burnley FC,Han-Noah Massengo,Central Midfield
2023/24,Burnley FC,Hannes Delcroix,Centre-Back
2023/24,Burnley FC,Hjalmar Ekdal,Centre-Back
2023/24,Burnley FC,Jack Cork,Defensive Midfield
2023/24,Burnley FC,Jacob Bruun Larsen,Left Winger
2023/24,Burnley FC,James Trafford,Goalkeeper
2023/24,Burnley FC,Jay Rodríguez,Centre-Forward
2023/24,Burnley FC,Jordan Beyer,Centre-Back
2023/24,Burnley FC,Josh Brownhill,Central Midfield
2023/24,Burnley FC,Josh Cullen,Central Midfield
2023/24,Burnley FC,Jóhann Berg Gudmundsson,Right Winger
2023/24,Burnley FC,Lawrence Vigouroux,Goalkeeper
2023/24,Burnley FC,Lorenz Assignon,Right-Back
2023/24,Burnley FC,Luca Koleosho,Right Winger
2023/24,Burnley FC,Luke McNally,Centre-Back
2023/24,Burnley FC,Lyle Foster,Centre-Forward
2023/24,Burnley FC,Manuel Benson,Right Winger
2023/24,Burnley FC,Maxime Estève,Centre-Back
2023/24,Burnley FC,Michael Obafemi,Centre-Forward
2023/24,Burnley FC,Mike Tresor,Attacking Midfield
2023/24,Burnley FC,Nathan Redmond,Right Winger
2023/24,Burnley FC,Sander Berge,Defensive Midfield
2023/24,Burnley FC,Scott Twine,Attacking Midfield
2023/24,Burnley FC,Vitinho,Right-Back
2023/24,Burnley FC,Wilson Odobert,Left Winger
2023/24,Burnley FC,Zeki Amdouni,Centre-Forward
2023/24,Chelsea,Alex Matos,Central Midfield
2023/24,Chelsea,Alfie Gilchrist,Right-Back
2023/24,Chelsea,Andrey Santos,Central Midfield
2023/24,Chelsea,Armando Broja,Centre-Forward
2023/24,Chelsea,Axel Disasi,Centre-Back
2023/24,Chelsea,Bashir Humphreys,Centre-Back
2023/24,Chelsea,Ben Chilwell,Left-Back
2023/24,Chelsea,Benoît Badiashile,Centre-Back
2023/24,Chelsea,Billy Gee,Centre-Back
2023/24,Chelsea,Carney Chukwuemeka,Central Midfield
2023/24,Chelsea,Cesare Casadei,Central Midfield
2023/24,Chelsea,Christopher Nkunku,Centre-Forward
2023/24,Chelsea,Cole Palmer,Attacking Midfield
2023/24,Chelsea,Conor Gallagher,Central Midfield
2023/24,Chelsea,David Datro Fofana,Centre-Forward
2023/24,Chelsea,Deivid Washington,Centre-Forward
2023/24,Chelsea,Diego Moreira,Left Midfield
2023/24,Chelsea,Djordje Petrovic,Goalkeeper
2023/24,Chelsea,Dylan Williams,Left-Back
2023/24,Chelsea,Eddie Beach,Goalkeeper
2023/24,Chelsea,Enzo Fernández,Central Midfield
2023/24,Chelsea,Harrison Murray-Campbell,Centre-Back
2023/24,Chelsea,Ian Maatsen,Left-Back
2023/24,Chelsea,Ishé Samuels-Smith,Left-Back
2023/24,Chelsea,Jimi Tauriainen,Central Midfield
2023/24,Chelsea,Josh Acheampong,Right-Back
2023/24,Chelsea,Josh Brooking,Centre-Back
2023/24,Chelsea,Kiano Dyer,Central Midfield
2023/24,Chelsea,Leo Castledine,Attacking Midfield
2023/24,Chelsea,Lesley Ugochukwu,Defensive Midfield
2023/24,Chelsea,Levi Colwill,Centre-Back
2023/24,Chelsea,Lucas Bergström,Goalkeeper
2023/24,Chelsea,Malang Sarr,Centre-Back
2023/24,Chelsea,Malo Gusto,Right-Back
2023/24,Chelsea,Marc Cucurella,Left-Back
2023/24,Chelsea,Marcus Bettinelli,Goalkeeper
2023/24,Chelsea,Mason Burstow,Centre-Forward
2023/24,Chelsea,Max Merrick,Goalkeeper
2023/24,Chelsea,Michael Golding,Central Midfield
2023/24,Chelsea,Moisés Caicedo,Defensive Midfield
2023/24,Chelsea,Mykhaylo Mudryk,Left Winger
2023/24,Chelsea,Nicolas Jackson,Centre-Forward
2023/24,Chelsea,Noni Madueke,Right Winger
2023/24,Chelsea,Ollie Harrison,Defensive Midfield
2023/24,Chelsea,Raheem Sterling,Right Winger
2023/24,Chelsea,Reece James,Right-Back
2023/24,Chelsea,Robert Sánchez,Goalkeeper
2023/24,Chelsea,Roméo Lavia,Defensive Midfield
2023/24,Chelsea,Ronnie Stutter,Centre-Forward
2023/24,Chelsea,Ted Curd,Goalkeeper
2023/24,Chelsea,Teddy Sharman-Lowe,Goalkeeper
2023/24,Chelsea,Thiago Silva,Centre-Back
2023/24,Chelsea,Trevoh Chalobah,Centre-Back
2023/24,Chelsea,Tyrique George,Left Winger
2023/24,Chelsea,Wesley Fofana,Centre-Back
2023/24,Chelsea,Zak Sturge,Left-Back
2023/24,Crystal Palace,Adam Wharton,Defensive Midfield
2023/24,Crystal Palace,Ademola Ola-Adebomi,Centre-Forward
2023/24,Crystal Palace,Cheick Doucouré,Defensive Midfield
2023/24,Crystal Palace,Chris Richards,Centre-Back
2023/24,Crystal Palace,Daniel Muñoz,Right-Back
2023/24,Crystal Palace,David Ozoh,Defensive Midfield
2023/24,Crystal Palace,Dean Henderson,Goalkeeper
2023/24,Crystal Palace,Eberechi Eze,Attacking Midfield
2023/24,Crystal Palace,Franco Umeh,Right Winger
2023/24,Crystal Palace,Jack Wells-Morrison,Central Midfield
2023/24,Crystal Palace,Jadan Raymond,Attacking Midfield
2023/24,Crystal Palace,James Tomkins,Centre-Back
2023/24,Crystal Palace,Jaïro Riedewald,Defensive Midfield
2023/24,Crystal Palace,Jean-Philippe Mateta,Centre-Forward
2023/24,Crystal Palace,Jefferson Lerma,Defensive Midfield
2023/24,Crystal Palace,Jeffrey Schlupp,Left Midfield
2023/24,Crystal Palace,Jesurun Rak-Sakyi,Right Winger
2023/24,Crystal Palace,Joachim Andersen,Centre-Back
2023/24,Crystal Palace,Joe Whitworth,Goalkeeper
2023/24,Crystal Palace,Joel Ward,Right-Back
2023/24,Crystal Palace,John-Kymani Gordon,Left Winger
2023/24,Crystal Palace,Jordan Ayew,Centre-Forward
2023/24,Crystal Palace,Kaden Rodney,Defensive Midfield
2023/24,Crystal Palace,Luke Plange,Centre-Forward
2023/24,Crystal Palace,Malcolm Ebiowei,Right Winger
2023/24,Crystal Palace,Marc Guéhi,Centre-Back
2023/24,Crystal Palace,Matheus França,Attacking Midfield
2023/24,Crystal Palace,Michael Olise,Right Winger
2023/24,Crystal Palace,Naouirou Ahamada,Central Midfield
2023/24,Crystal Palace,Nathan Ferguson,Centre-Back
2023/24,Crystal Palace,Nathaniel Clyne,Right-Back
2023/24,Crystal Palace,Odsonne Édouard,Centre-Forward
2023/24,Crystal Palace,Remi Matthews,Goalkeeper
2023/24,Crystal Palace,Rob Holding,Centre-Back
2023/24,Crystal Palace,Roshaun Mathurin,Right Winger
2023/24,Crystal Palace,Sam Johnstone,Goalkeeper
2023/24,Crystal Palace,Seán Grehan,Centre-Back
2023/24,Crystal Palace,Tayo Adaramola,Left-Back
2023/24,Crystal Palace,Tyrick Mitchell,Left-Back
2023/24,Crystal Palace,Will Hughes,Central Midfield
2023/24,Everton,Abdoulaye Doucouré,Attacking Midfield
2023/24,Everton,Alex Iwobi,Left Winger
2023/24,Everton,Amadou Onana,Defensive Midfield
2023/24,Everton,André Gomes,Central Midfield
2023/24,Everton,Andy Lonergan,Goalkeeper
2023/24,Everton,Arnaut Danjuma,Left Winger
2023/24,Everton,Ashley Young,Right-Back
2023/24,Everton,Ben Godfrey,Centre-Back
2023/24,Everton,Beto,Centre-Forward
2023/24,Everton,Billy Crellin,Goalkeeper
2023/24,Everton,Dele Alli,Attacking Midfield
2023/24,Everton,Dominic Calvert-Lewin,Centre-Forward
2023/24,Everton,Dwight McNeil,Left Winger
2023/24,Everton,Elijah Campbell,Centre-Back
2023/24,Everton,Idrissa Gueye,Defensive Midfield
2023/24,Everton,Jack Harrison,Left Winger
2023/24,Everton,James Garner,Defensive Midfield
2023/24,Everton,James Tarkowski,Centre-Back
2023/24,Everton,Jarrad Branthwaite,Centre-Back
2023/24,Everton,Jenson Metcalfe,Central Midfield
2023/24,Everton,Jordan Pickford,Goalkeeper
2023/24,Everton,João Virgínia,Goalkeeper
2023/24,Everton,Lewis Dobbin,Left Winger
2023/24,Everton,Lewis Warrington,Central Midfield
2023/24,Everton,Mackenzie Hunt,Left-Back
2023/24,Everton,Mason Holgate,Centre-Back
2023/24,Everton,Michael Keane,Centre-Back
2023/24,Everton,Nathan Patterson,Right-Back
2023/24,Everton,Neal Maupay,Centre-Forward
2023/24,Everton,Séamus Coleman,Right-Back
2023/24,Everton,Tom Cannon,Centre-Forward
2023/24,Everton,Tyler Onyango,Central Midfield
2023/24,Everton,Vitaliy Mykolenko,Left-Back
2023/24,Everton,Youssef Chermiti,Centre-Forward
2023/24,Fulham,Adama Traoré,Right Winger
2023/24,Fulham,Aleksandar Mitrović,Centre-Forward
2023/24,Fulham,Alex Iwobi,Left Winger
2023/24,Fulham,Andreas Pereira,Central Midfield
2023/24,Fulham,Antonee Robinson,Left-Back
2023/24,Fulham,Armando Broja,Centre-Forward
2023/24,Fulham,Bernd Leno,Goalkeeper
2023/24,Fulham,Bobby De Cordova-Reid,Attacking Midfield
2023/24,Fulham,Calvin Bassey,Centre-Back
2023/24,Fulham,Carlos Vinícius,Centre-Forward
2023/24,Fulham,Devan Tanton,Right-Back
2023/24,Fulham,Fodé Ballo-Touré,Left-Back
2023/24,Fulham,Harrison Reed,Central Midfield
2023/24,Fulham,Harry Wilson,Right Winger
2023/24,Fulham,Issa Diop,Centre-Back
2023/24,Fulham,Jay Stansfield,Centre-Forward
2023/24,Fulham,Josh King,Attacking Midfield
2023/24,Fulham,João Palhinha,Defensive Midfield
2023/24,Fulham,Kenny Tete,Right-Back
2023/24,Fulham,Kevin Mbabu,Right-Back
2023/24,Fulham,Kristian Sekularac,Attacking Midfield
2023/24,Fulham,Luc De Fougerolles,Centre-Back
2023/24,Fulham,Luke Harris,Attacking Midfield
2023/24,Fulham,Marek Rodák,Goalkeeper
2023/24,Fulham,Matt Dibley-Dias,Central Midfield
2023/24,Fulham,Raúl Jiménez,Centre-Forward
2023/24,Fulham,Rodrigo Muniz,Centre-Forward
2023/24,Fulham,Saša Lukić,Central Midfield
2023/24,Fulham,Steven Benda,Goalkeeper
2023/24,Fulham,Tim Ream,Centre-Back
2023/24,Fulham,Timothy Castagne,Right-Back
2023/24,Fulham,Tom Cairney,Central Midfield
2023/24,Fulham,Tosin Adarabioyo,Centre-Back
2023/24,Fulham,Tyrese Francois,Central Midfield
2023/24,Fulham,Willian,Left Winger
2023/24,Liverpool,Adrián San Miguel,Goalkeeper
2023/24,Liverpool,Alexis Mac Allister,Central Midfield
2023/24,Liverpool,Alisson,Goalkeeper
2023/24,Liverpool,Amara Nallo,Centre-Back
2023/24,Liverpool,Andrew Robertson,Left-Back
2023/24,Liverpool,Ben Gannon-Doak,Right Winger
2023/24,Liverpool,Bobby Clark,Central Midfield
2023/24,Liverpool,Calum Scanlon,Left-Back
2023/24,Liverpool,Calvin Ramsay,Right-Back
2023/24,Liverpool,Caoimhín Kelleher,Goalkeeper
2023/24,Liverpool,Cody Gakpo,Left Winger
2023/24,Liverpool,Conor Bradley,Right-Back
2023/24,Liverpool,Curtis Jones,Central Midfield
2023/24,Liverpool,Darwin Núñez,Centre-Forward
2023/24,Liverpool,Diogo Jota,Left Winger
2023/24,Liverpool,Dominik Szoboszlai,Attacking Midfield
2023/24,Liverpool,Fabian Mrozek,Goalkeeper
2023/24,Liverpool,Fábio Carvalho,Attacking Midfield
2023/24,Liverpool,Harvey Elliott,Attacking Midfield
2023/24,Liverpool,Ibrahima Konaté,Centre-Back
2023/24,Liverpool,James McConnell,Defensive Midfield
2023/24,Liverpool,Jarell Quansah,Centre-Back
2023/24,Liverpool,Jayden Danns,Centre-Forward
2023/24,Liverpool,Joe Gomez,Centre-Back
2023/24,Liverpool,Joël Matip,Centre-Back
2023/24,Liverpool,Kaide Gordon,Right Winger
2023/24,Liverpool,Konstantinos Tsimikas,Left-Back
2023/24,Liverpool,Lewis Koumas,Left Winger
2023/24,Liverpool,Luis Díaz,Left Winger
2023/24,Liverpool,Luke Chambers,Centre-Back
2023/24,Liverpool,Marcelo Pitaluga,Goalkeeper
2023/24,Liverpool,Mateusz Musiałowski,Attacking Midfield
2023/24,Liverpool,Mohamed Salah,Right Winger
2023/24,Liverpool,Nat Phillips,Centre-Back
2023/24,Liverpool,Owen Beck,Left-Back
2023/24,Liverpool,Rhys Williams,Centre-Back
2023/24,Liverpool,Ryan Gravenberch,Defensive Midfield
2023/24,Liverpool,Stefan Bajcetic,Defensive Midfield
2023/24,Liverpool,Thiago Alcántara,Central Midfield
2023/24,Liverpool,Tom Hill,Central Midfield
2023/24,Liverpool,Trent Alexander-Arnold,Right-Back
2023/24,Liverpool,Trey Nyoni,Central Midfield
2023/24,Liverpool,Virgil van Dijk,Centre-Back
2023/24,Liverpool,Vitezslav Jaros,Goalkeeper
2023/24,Liverpool,Wataru Endo,Defensive Midfield
2023/24,Luton,Admiral Muskwe,Centre-Forward
2023/24,Luton,Aidan Francis-Clarke,Centre-Back
2023/24,Luton,Albert Sambi Lokonga,Central Midfield
2023/24,Luton,Alfie Doughty,Left Midfield
2023/24,Luton,Allan Campbell,Central Midfield
2023/24,Luton,Amari'i Bell,Centre-Back
2023/24,Luton,Andros Townsend,Right Winger
2023/24,Luton,Axel Piesold,Central Midfield
2023/24,Luton,Carlton Morris,Centre-Forward
2023/24,Luton,Cauley Woodrow,Centre-Forward
2023/24,Luton,Chiedozie Ogbene,Right Winger
2023/24,Luton,Christian Chigozie,Centre-Back
2023/24,Luton,Daiki Hashioka,Right-Back
2023/24,Luton,Dan Potts,Centre-Back
2023/24,Luton,Dion Pereira,Left Winger
2023/24,Luton,Dominic Martins,Defensive Midfield
2023/24,Luton,Elijah Adebayo,Centre-Forward
2023/24,Luton,Elliot Thorpe,Attacking Midfield
2023/24,Luton,Fred Onyedinma,Right Midfield
2023/24,Luton,Gabriel Osho,Centre-Back
2023/24,Luton,Issa Kaboré,Right-Back
2023/24,Luton,Jack Walton,Goalkeeper
2023/24,Luton,Jacob Brown,Centre-Forward
2023/24,Luton,Jake Burger,Central Midfield
2023/24,Luton,James Shea,Goalkeeper
2023/24,Luton,Jayden Luker,Central Midfield
2023/24,Luton,Joe Johnson,Left-Back
2023/24,Luton,Joe Taylor,Centre-Forward
2023/24,Luton,John McAtee,Second Striker
2023/24,Luton,Jordan Clark,Attacking Midfield
2023/24,Luton,Louie Watson,Central Midfield
2023/24,Luton,Luke Berry,Central Midfield
2023/24,Luton,Mads Andersen,Centre-Back
2023/24,Luton,Marvelous Nakamba,Defensive Midfield
2023/24,Luton,Pelly Ruddock Mpanzu,Defensive Midfield
2023/24,Luton,Reece Burke,Centre-Back
2023/24,Luton,Ross Barkley,Central Midfield
2023/24,Luton,Ryan Giles,Left-Back
2023/24,Luton,Tahith Chong,Attacking Midfield
2023/24,Luton,Taylan Harris,Centre-Forward
2023/24,Luton,Teden Mengi,Centre-Back
2023/24,Luton,Thomas Kaminski,Goalkeeper
2023/24,Luton,Tim Krul,Goalkeeper
2023/24,Luton,Tom Holmes,Centre-Back
2023/24,Luton,Tom Lockyer,Centre-Back
2023/24,Luton,Zack Nelson,Attacking Midfield
2023/24,Man City,Bernardo Silva,Attacking Midfield
2023/24,Man City,Ederson,Goalkeeper
2023/24,Man City,Erling Haaland,Centre-Forward
2023/24,Man City,Issa Kaboré,Right-Back
2023/24,Man City,Jack Grealish,Left Winger
2023/24,Man City,Jacob Wright,Defensive Midfield
2023/24,Man City,James McAtee,Attacking Midfield
2023/24,Man City,John Stones,Centre-Back
2023/24,Man City,Josh Wilson-Esbrand,Left-Back
2023/24,Man City,Josko Gvardiol,Centre-Back
2023/24,Man City,Julián Alvarez,Centre-Forward
2023/24,Man City,Jérémy Doku,Left Winger
2023/24,Man City,Kalvin Phillips,Defensive Midfield
2023/24,Man City,Kevin De Bruyne,Attacking Midfield
2023/24,Man City,Kyle Walker,Right-Back
2023/24,Man City,Mahamadou Susoho,Defensive Midfield
2023/24,Man City,Manuel Akanji,Centre-Back
2023/24,Man City,Mateo Kovacic,Central Midfield
2023/24,Man City,Matheus Nunes,Right-Back
2023/24,Man City,Max Alleyne,Centre-Back
2023/24,Man City,Micah Hamilton,Left Winger
2023/24,Man City,Máximo Perrone,Defensive Midfield
2023/24,Man City,Nathan Aké,Centre-Back
2023/24,Man City,Oscar Bobb,Right Winger
2023/24,Man City,Phil Foden,Attacking Midfield
2023/24,Man City,Rico Lewis,Right-Back
2023/24,Man City,Rodri,Defensive Midfield
2023/24,Man City,Rúben Dias,Centre-Back
2023/24,Man City,Scott Carson,Goalkeeper
2023/24,Man City,Sergio Gómez,Left-Back
2023/24,Man City,Stefan Ortega,Goalkeeper
2023/24,Man City,Taylor Harwood-Bellis,Centre-Back
2023/24,Man City,True Grant,Goalkeeper
2023/24,Man City,Zack Steffen,Goalkeeper
2023/24,Man United,Aaron Wan-Bissaka,Right-Back
2023/24,Man United,Alejandro Garnacho,Left Winger
2023/24,Man United,Altay Bayındır,Goalkeeper
2023/24,Man United,Amad Diallo,Right Winger
2023/24,Man United,André Onana,Goalkeeper
2023/24,Man United,Anthony Martial,Centre-Forward
2023/24,Man United,Antony,Right Winger
2023/24,Man United,Brandon Williams,Left-Back
2023/24,Man United,Bruno Fernandes,Attacking Midfield
2023/24,Man United,Casemiro,Defensive Midfield
2023/24,Man United,Christian Eriksen,Attacking Midfield
2023/24,Man United,Dan Gore,Central Midfield
2023/24,Man United,Dean Henderson,Goalkeeper
2023/24,Man United,Dermot Mee,Goalkeeper
2023/24,Man United,Diogo Dalot,Right-Back
2023/24,Man United,Donny van de Beek,Central Midfield
2023/24,Man United,Ethan Wheatley,Centre-Forward
2023/24,Man United,Facundo Pellistri,Right Winger
2023/24,Man United,Habeeb Ogunneye,Right-Back
2023/24,Man United,Hannibal,Attacking Midfield
2023/24,Man United,Harry Amass,Left-Back
2023/24,Man United,Harry Maguire,Centre-Back
2023/24,Man United,Jadon Sancho,Left Winger
2023/24,Man United,Joe Hugill,Centre-Forward
2023/24,Man United,Jonny Evans,Centre-Back
2023/24,Man United,Kobbie Mainoo,Central Midfield
2023/24,Man United,Lisandro Martínez,Centre-Back
2023/24,Man United,Louis Jackson,Centre-Back
2023/24,Man United,Luke Shaw,Left-Back
2023/24,Man United,Marcus Rashford,Left Winger
2023/24,Man United,Mason Mount,Attacking Midfield
2023/24,Man United,Omari Forson,Right Winger
2023/24,Man United,Radek Vítek,Goalkeeper
2023/24,Man United,Raphaël Varane,Centre-Back
2023/24,Man United,Rasmus Højlund,Centre-Forward
2023/24,Man United,Rhys Bennett,Centre-Back
2023/24,Man United,Scott McTominay,Central Midfield
2023/24,Man United,Sergio Reguilón,Left-Back
2023/24,Man United,Shola Shoretire,Left Winger
2023/24,Man United,Sofyan Amrabat,Defensive Midfield
2023/24,Man United,Toby Collyer,Defensive Midfield
2023/24,Man United,Tom Heaton,Goalkeeper
2023/24,Man United,Tyrell Malacia,Left-Back
2023/24,Man United,Victor Lindelöf,Centre-Back
2023/24,Man United,Willy Kambwala,Centre-Back
2023/24,Man United,Álvaro Carreras,Left-Back
2023/24,Newcastle,Adam Harrison,Goalkeeper
2023/24,Newcastle,Aidan Harris,Goalkeeper
2023/24,Newcastle,Alex Murphy,Left-Back
2023/24,Newcastle,Alexander Isak,Centre-Forward
2023/24,Newcastle,Amadou Diallo,Left Winger
2023/24,Newcastle,Anthony Gordon,Left Winger
2023/24,Newcastle,Ben Parkinson,Centre-Forward
2023/24,Newcastle,Bruno Guimarães,Central Midfield
2023/24,Newcastle,Callum Wilson,Centre-Forward
2023/24,Newcastle,Dan Burn,Centre-Back
2023/24,Newcastle,Elliot Anderson,Central Midfield
2023/24,Newcastle,Emil Krafth,Right-Back
2023/24,Newcastle,Fabian Schär,Centre-Back
2023/24,Newcastle,Harrison Ashby,Right-Back
2023/24,Newcastle,Harvey Barnes,Left Winger
2023/24,Newcastle,Isaac Hayden,Defensive Midfield
2023/24,Newcastle,Jacob Murphy,Right Winger
2023/24,Newcastle,Jamaal Lascelles,Centre-Back
2023/24,Newcastle,Jamal Lewis,Left-Back
2023/24,Newcastle,James Huntley,Central Midfield
2023/24,Newcastle,Javier Manquillo,Right-Back
2023/24,Newcastle,Jeff Hendrick,Central Midfield
2023/24,Newcastle,Joe White,Attacking Midfield
2023/24,Newcastle,Joe Willock,Central Midfield
2023/24,Newcastle,Joelinton,Central Midfield
2023/24,Newcastle,Kell Watts,Centre-Back
2023/24,Newcastle,Kieran Trippier,Right-Back
2023/24,Newcastle,Lewis Hall,Left-Back
2023/24,Newcastle,Lewis Miley,Central Midfield
2023/24,Newcastle,Loris Karius,Goalkeeper
2023/24,Newcastle,Lucas De Bolle,Central Midfield
2023/24,Newcastle,Mark Gillespie,Goalkeeper
2023/24,Newcastle,Martin Dúbravka,Goalkeeper
2023/24,Newcastle,Matt Ritchie,Right Midfield
2023/24,Newcastle,Matt Targett,Left-Back
2023/24,Newcastle,Michael Ndiweni,Centre-Forward
2023/24,Newcastle,Miguel Almirón,Right Winger
2023/24,Newcastle,Nick Pope,Goalkeeper
2023/24,Newcastle,Paul Dummett,Left-Back
2023/24,Newcastle,Ryan Fraser,Left Winger
2023/24,Newcastle,Sandro Tonali,Defensive Midfield
2023/24,Newcastle,Sean Longstaff,Central Midfield
2023/24,Newcastle,Sven Botman,Centre-Back
2023/24,Newcastle,Tino Livramento,Right-Back
2023/24,Newcastle,Travis Hernes,Central Midfield
2023/24,Nott'm Forest,Alex Mighten,Left Winger
2023/24,Nott'm Forest,Andrew Omobamidele,Centre-Back
2023/24,Nott'm Forest,Andrey Santos,Central Midfield
2023/24,Nott'm Forest,Anthony Elanga,Right Winger
2023/24,Nott'm Forest,Brandon Aguilera,Central Midfield
2023/24,Nott'm Forest,Brennan Johnson,Right Winger
2023/24,Nott'm Forest,Callum Hudson-Odoi,Left Winger
2023/24,Nott'm Forest,Cheikhou Kouyaté,Defensive Midfield
2023/24,Nott'm Forest,Chris Wood,Centre-Forward
2023/24,Nott'm Forest,Danilo,Central Midfield
2023/24,Nott'm Forest,Divock Origi,Centre-Forward
2023/24,Nott'm Forest,Emmanuel Dennis,Centre-Forward
2023/24,Nott'm Forest,Esapa Osong,Centre-Forward
2023/24,Nott'm Forest,Ethan Horvath,Goalkeeper
2023/24,Nott'm Forest,Felipe,Centre-Back
2023/24,Nott'm Forest,Giovanni Reyna,Attacking Midfield
2023/24,Nott'm Forest,Gonzalo Montiel,Right-Back
2023/24,Nott'm Forest,Harry Arter,Central Midfield
2023/24,Nott'm Forest,Harry Toffolo,Left-Back
2023/24,Nott'm Forest,Ibrahim Sangaré,Defensive Midfield
2023/24,Nott'm Forest,Jamie McDonnell,Defensive Midfield
2023/24,Nott'm Forest,Joe Gardner,Centre-Forward
2023/24,Nott'm Forest,Joe Worrall,Centre-Back
2023/24,Nott'm Forest,Josh Bowler,Right Winger
2023/24,Nott'm Forest,Lewis O'Brien,Central Midfield
2023/24,Nott'm Forest,Matt Turner,Goalkeeper
2023/24,Nott'm Forest,Matz Sels,Goalkeeper
2023/24,Nott'm Forest,Morgan Gibbs-White,Attacking Midfield
2023/24,Nott'm Forest,Moussa Niakhaté,Centre-Back
2023/24,Nott'm Forest,Murillo,Centre-Back
2023/24,Nott'm Forest,Neco Williams,Left-Back
2023/24,Nott'm Forest,Nicolás Domínguez,Central Midfield
2023/24,Nott'm Forest,Nuno Tavares,Left-Back
2023/24,Nott'm Forest,Odysseas Vlachodimos,Goalkeeper
2023/24,Nott'm Forest,Ola Aina,Right-Back
2023/24,Nott'm Forest,Orel Mangala,Defensive Midfield
2023/24,Nott'm Forest,Remo Freuler,Central Midfield
2023/24,Nott'm Forest,Rodrigo Ribeiro,Centre-Forward
2023/24,Nott'm Forest,Ryan Yates,Central Midfield
2023/24,Nott'm Forest,Scott McKenna,Centre-Back
2023/24,Nott'm Forest,Serge Aurier,Right-Back
2023/24,Nott'm Forest,Taiwo Awoniyi,Centre-Forward
2023/24,Nott'm Forest,Ui-jo Hwang,Attacking Midfield
2023/24,Nott'm Forest,Wayne Hennessey,Goalkeeper
2023/24,Nott'm Forest,Willy Boly,Centre-Back
2023/24,Nott'm Forest,Zach Abbott,Centre-Back
2023/24,Sheffield United,Adam Davies,Goalkeeper
2023/24,Sheffield United,Andre Brooks,Central Midfield
2023/24,Sheffield United,Anel Ahmedhodzic,Centre-Back
2023/24,Sheffield United,Anis Ben Slimane,Attacking Midfield
2023/24,Sheffield United,Antwoine Hackford,Centre-Forward
2023/24,Sheffield United,Auston Trusty,Centre-Back
2023/24,Sheffield United,Ben Brereton Díaz,Centre-Forward
2023/24,Sheffield United,Ben Osborn,Central Midfield
2023/24,Sheffield United,Billy Blacker,Central Midfield
2023/24,Sheffield United,Bénie Traoré,Left Winger
2023/24,Sheffield United,Cameron Archer,Centre-Forward
2023/24,Sheffield United,Chris Basham,Centre-Back
2023/24,Sheffield United,Daniel Jebbison,Centre-Forward
2023/24,Sheffield United,Dovydas Sasnauskas,Centre-Back
2023/24,Sheffield United,Evan Easton,Centre-Back
2023/24,Sheffield United,Femi Seriki,Right-Back
2023/24,Sheffield United,George Baldock,Right-Back
2023/24,Sheffield United,Gustavo Hamer,Central Midfield
2023/24,Sheffield United,Ismaila Coulibaly,Central Midfield
2023/24,Sheffield United,Ivo Grbic,Goalkeeper
2023/24,Sheffield United,Jack Robinson,Centre-Back
2023/24,Sheffield United,James McAtee,Attacking Midfield
2023/24,Sheffield United,Jayden Bogle,Right-Back
2023/24,Sheffield United,Jili Buyabu,Left-Back
2023/24,Sheffield United,John Egan,Centre-Back
2023/24,Sheffield United,John Fleck,Central Midfield
2023/24,Sheffield United,Jordan Amissah,Goalkeeper
2023/24,Sheffield United,Louie Marsh,Second Striker
2023/24,Sheffield United,Luke Thomas,Left-Back
2023/24,Sheffield United,Mason Holgate,Centre-Back
2023/24,Sheffield United,Max Lowe,Left-Back
2023/24,Sheffield United,Oli McBurnie,Centre-Forward
2023/24,Sheffield United,Oliver Arblaster,Central Midfield
2023/24,Sheffield United,Oliver Norwood,Central Midfield
2023/24,Sheffield United,Owen Hampson,Central Midfield
2023/24,Sheffield United,Rhian Brewster,Centre-Forward
2023/24,Sheffield United,Rhys Norrington-Davies,Left-Back
2023/24,Sheffield United,Ryan Oné,Centre-Forward
2023/24,Sheffield United,Sam Curtis,Right-Back
2023/24,Sheffield United,Sydie Peck,Central Midfield
2023/24,Sheffield United,Tom Davies,Central Midfield
2023/24,Sheffield United,Vini Souza,Defensive Midfield
2023/24,Sheffield United,Wes Foderingham,Goalkeeper
2023/24,Sheffield United,William Osula,Centre-Forward
2023/24,Sheffield United,Yasser Larouci,Left-Back
2023/24,Tottenham,Alejo Veliz,Centre-Forward
2023/24,Tottenham,Alfie Dorrington,Centre-Back
2023/24,Tottenham,Alfie Whiteman,Goalkeeper
2023/24,Tottenham,Ashley Phillips,Centre-Back
2023/24,Tottenham,Ben Davies,Centre-Back
2023/24,Tottenham,Brandon Austin,Goalkeeper
2023/24,Tottenham,Brennan Johnson,Right Winger
2023/24,Tottenham,Bryan Gil,Left Winger
2023/24,Tottenham,Cristian Romero,Centre-Back
2023/24,Tottenham,Dane Scarlett,Centre-Forward
2023/24,Tottenham,Davinson Sánchez,Centre-Back
2023/24,Tottenham,Dejan Kulusevski,Attacking Midfield
2023/24,Tottenham,Destiny Udogie,Left-Back
2023/24,Tottenham,Emerson Royal,Right-Back
2023/24,Tottenham,Eric Dier,Centre-Back
2023/24,Tottenham,Fraser Forster,Goalkeeper
2023/24,Tottenham,Giovani Lo Celso,Attacking Midfield
2023/24,Tottenham,Guglielmo Vicario,Goalkeeper
2023/24,Tottenham,Heung-min Son,Left Winger
2023/24,Tottenham,Hugo Lloris,Goalkeeper
2023/24,Tottenham,Ivan Perišić,Left Winger
2023/24,Tottenham,James Maddison,Attacking Midfield
2023/24,Tottenham,Jamie Donley,Attacking Midfield
2023/24,Tottenham,Japhet Tanganga,Centre-Back
2023/24,Tottenham,Joe Rodon,Centre-Back
2023/24,Tottenham,Manor Solomon,Left Winger
2023/24,Tottenham,Micky van de Ven,Centre-Back
2023/24,Tottenham,Mikey Moore,Left Winger
2023/24,Tottenham,Oliver Skipp,Defensive Midfield
2023/24,Tottenham,Pape Matar Sarr,Central Midfield
2023/24,Tottenham,Pedro Porro,Right-Back
2023/24,Tottenham,Pierre-Emile Højbjerg,Defensive Midfield
2023/24,Tottenham,Radu Drăgușin,Centre-Back
2023/24,Tottenham,Richarlison,Centre-Forward
2023/24,Tottenham,Rodrigo Bentancur,Defensive Midfield
2023/24,Tottenham,Ryan Sessegnon,Left-Back
2023/24,Tottenham,Sergio Reguilón,Left-Back
2023/24,Tottenham,Timo Werner,Centre-Forward
2023/24,Tottenham,Tyrese Hall,Central Midfield
2023/24,Tottenham,Yago Santiago,Left Winger
2023/24,Tottenham,Yves Bissouma,Defensive Midfield
2023/24,West Ham,Aaron Cresswell,Left-Back
2023/24,West Ham,Alphonse Areola,Goalkeeper
2023/24,West Ham,Angelo Ogbonna,Centre-Back
2023/24,West Ham,Ben Johnson,Right-Back
2023/24,West Ham,Callum Marshall,Centre-Forward
2023/24,West Ham,Conor Coventry,Defensive Midfield
2023/24,West Ham,Dan Chesters,Right Midfield
2023/24,West Ham,Danny Ings,Centre-Forward
2023/24,West Ham,Divin Mubama,Centre-Forward
2023/24,West Ham,Edson Álvarez,Defensive Midfield
2023/24,West Ham,Emerson,Left-Back
2023/24,West Ham,Flynn Downes,Defensive Midfield
2023/24,West Ham,George Earthy,Attacking Midfield
2023/24,West Ham,Jacob Knightbridge,Goalkeeper
2023/24,West Ham,James Ward-Prowse,Central Midfield
2023/24,West Ham,Jarrod Bowen,Right Winger
2023/24,West Ham,Joseph Anang,Goalkeeper
2023/24,West Ham,Kaelan Casey,Centre-Back
2023/24,West Ham,Kalvin Phillips,Defensive Midfield
2023/24,West Ham,Kamarai Swyer,Attacking Midfield
2023/24,West Ham,Konstantinos Mavropanos,Centre-Back
2023/24,West Ham,Kurt Zouma,Centre-Back
2023/24,West Ham,Levi Laing,Centre-Back
2023/24,West Ham,Lewis Orford,Central Midfield
2023/24,West Ham,Lucas Paquetá,Attacking Midfield
2023/24,West Ham,Lukasz Fabianski,Goalkeeper
2023/24,West Ham,Maxwel Cornet,Left Winger
2023/24,West Ham,Michail Antonio,Centre-Forward
2023/24,West Ham,Mohammed Kudus,Right Winger
2023/24,West Ham,Nayef Aguerd,Centre-Back
2023/24,West Ham,Oliver Scarles,Left-Back
2023/24,West Ham,Pablo Fornals,Central Midfield
2023/24,West Ham,Saïd Benrahma,Left Winger
2023/24,West Ham,Thilo Kehrer,Centre-Back
2023/24,West Ham,Tomáš Souček,Defensive Midfield
2023/24,West Ham,Vladimír Coufal,Right-Back
2023/24,Wolves,Aaron Keto-Diyawa,Left-Back
2023/24,Wolves,Alfie Pond,Centre-Back
2023/24,Wolves,Boubacar Traoré,Defensive Midfield
2023/24,Wolves,Bruno Jordão,Defensive Midfield
2023/24,Wolves,Chem Campbell,Left Winger
2023/24,Wolves,Craig Dawson,Centre-Back
2023/24,Wolves,Daniel Bentley,Goalkeeper
2023/24,Wolves,Emilio Ballard-Matthews,Left Winger
2023/24,Wolves,Enso González,Left Winger
2023/24,Wolves,Fletcher Holman,Centre-Forward
2023/24,Wolves,Fábio Silva,Centre-Forward
2023/24,Wolves,Harvey Griffiths,Defensive Midfield
2023/24,Wolves,Hee-chan Hwang,Centre-Forward
2023/24,Wolves,Hugo Bueno,Left-Back
2023/24,Wolves,Jean-Ricner Bellegarde,Central Midfield
2023/24,Wolves,Joe Hodge,Defensive Midfield
2023/24,Wolves,Jonny Otto,Right-Back
2023/24,Wolves,José Sá,Goalkeeper
2023/24,Wolves,João Gomes,Central Midfield
2023/24,Wolves,Justin Hubner,Centre-Back
2023/24,Wolves,Ki-Jana Hoever,Right-Back
2023/24,Wolves,Leon Chiwome,Centre-Forward
2023/24,Wolves,Louie Moulden,Goalkeeper
2023/24,Wolves,Luke Cundle,Central Midfield
2023/24,Wolves,Mario Lemina,Defensive Midfield
2023/24,Wolves,Matheus Cunha,Centre-Forward
2023/24,Wolves,Matheus Nunes,Right-Back
2023/24,Wolves,Matt Doherty,Right-Back
2023/24,Wolves,Matthew Whittingham,Central Midfield
2023/24,Wolves,Maximilian Kilman,Centre-Back
2023/24,Wolves,Nathan Fraser,Centre-Forward
2023/24,Wolves,Noha Lemina,Attacking Midfield
2023/24,Wolves,Nélson Semedo,Right-Back
2023/24,Wolves,Owen Hesketh,Attacking Midfield
2023/24,Wolves,Pablo Sarabia,Attacking Midfield
2023/24,Wolves,Pedro Neto,Right Winger
2023/24,Wolves,Rayan Aït-Nouri,Left-Back
2023/24,Wolves,Santiago Bueno,Centre-Back
2023/24,Wolves,Sasa Kalajdzic,Centre-Forward
2023/24,Wolves,Tawanda Chirewa,Attacking Midfield
2023/24,Wolves,Temple Ojinnaka,Centre-Back
2023/24,Wolves,Tom King,Goalkeeper
2023/24,Wolves,Tommy Doyle,Central Midfield
2023/24,Wolves,Toti,Centre-Back
2023/24,Wolves,Ty Barnett,Attacking Midfield
2023/24,Wolves,Wesley Okoduwa,Right-Back
2023/24,Wolves,Yerson Mosquera,Centre-Back
2024/25,AFC Bournemouth,Adam Smith,Right-Back
2024/25,AFC Bournemouth,Alex Scott,Central Midfield
2024/25,AFC Bournemouth,Antoine Semenyo,Right Winger
2024/25,AFC Bournemouth,Ben Winterburn,Defensive Midfield
2024/25,AFC Bournemouth,Chris Mepham,Centre-Back
2024/25,AFC Bournemouth,Dango Ouattara,Right Winger
2024/25,AFC Bournemouth,Daniel Jebbison,Centre-Forward
2024/25,AFC Bournemouth,David Brooks,Right Winger
2024/25,AFC Bournemouth,Enes Ünal,Centre-Forward
2024/25,AFC Bournemouth,Evanilson,Centre-Forward
2024/25,AFC Bournemouth,Ilya Zabarnyi,Centre-Back
2024/25,AFC Bournemouth,James Hill,Centre-Back
2024/25,AFC Bournemouth,Julio Soler,Left-Back
2024/25,AFC Bournemouth,Julián Araujo,Right-Back
2024/25,AFC Bournemouth,Justin Kluivert,Attacking Midfield
2024/25,AFC Bournemouth,Kepa Arrizabalaga,Goalkeeper
2024/25,AFC Bournemouth,Lewis Cook,Central Midfield
2024/25,AFC Bournemouth,Luis Sinisterra,Left Winger
2024/25,AFC Bournemouth,Marcos Senesi,Centre-Back
2024/25,AFC Bournemouth,Marcus Tavernier,Attacking Midfield
2024/25,AFC Bournemouth,Mark Travers,Goalkeeper
2024/25,AFC Bournemouth,Matai Akinmboni,Centre-Back
2024/25,AFC Bournemouth,Max Aarons,Right-Back
2024/25,AFC Bournemouth,Max Kinsey,Centre-Back
2024/25,AFC Bournemouth,Milos Kerkez,Left-Back
2024/25,AFC Bournemouth,Ryan Christie,Central Midfield
2024/25,AFC Bournemouth,Tyler Adams,Defensive Midfield
2024/25,AFC Bournemouth,Will Dennis,Goalkeeper
2024/25,Arsenal,Ben White,Right-Back
2024/25,Arsenal,Bukayo Saka,Right Winger
2024/25,Arsenal,David Raya,Goalkeeper
2024/25,Arsenal,Declan Rice,Central Midfield
2024/25,Arsenal,Ethan Nwaneri,Attacking Midfield
2024/25,Arsenal,Gabriel,Centre-Back
2024/25,Arsenal,Gabriel Jesus,Centre-Forward
2024/25,Arsenal,Gabriel Martinelli,Left Winger
2024/25,Arsenal,Jakub Kiwior,Centre-Back
2024/25,Arsenal,Jurriën Timber,Right-Back
2024/25,Arsenal,Kai Havertz,Centre-Forward
2024/25,Arsenal,Kieran Tierney,Left-Back
2024/25,Arsenal,Leandro Trossard,Left Winger
2024/25,Arsenal,Martin Ødegaard,Attacking Midfield
2024/25,Arsenal,Mikel Merino,Central Midfield
2024/25,Arsenal,Myles Lewis-Skelly,Left-Back
2024/25,Arsenal,Neto,Goalkeeper
2024/25,Arsenal,Oleksandr Zinchenko,Left-Back
2024/25,Arsenal,Raheem Sterling,Right Winger
2024/25,Arsenal,Reiss Nelson,Left Winger
2024/25,Arsenal,Riccardo Calafiori,Left-Back
2024/25,Arsenal,Takehiro Tomiyasu,Centre-Back
2024/25,Arsenal,Thomas Partey,Defensive Midfield
2024/25,Arsenal,Tommy Setford,Goalkeeper
2024/25,Arsenal,William Saliba,Centre-Back
2024/25,Aston Villa,Amadou Onana,Defensive Midfield
2024/25,Aston Villa,Andrés García,Right-Back
2024/25,Aston Villa,Axel Disasi,Centre-Back
2024/25,Aston Villa,Boubacar Kamara,Defensive Midfield
2024/25,Aston Villa,Donyell Malen,Centre-Forward
2024/25,Aston Villa,Emiliano Buendía,Left Winger
2024/25,Aston Villa,Emiliano Martínez,Goalkeeper
2024/25,Aston Villa,Ezri Konsa,Centre-Back
2024/25,Aston Villa,Ian Maatsen,Left-Back
2024/25,Aston Villa,Jacob Ramsey,Central Midfield
2024/25,Aston Villa,Joe Gauci,Goalkeeper
2024/25,Aston Villa,John McGinn,Central Midfield
2024/25,Aston Villa,Kortney Hause,Centre-Back
2024/25,Aston Villa,Kosta Nedeljkovic,Right-Back
2024/25,Aston Villa,Lamare Bogarde,Defensive Midfield
2024/25,Aston Villa,Leon Bailey,Right Winger
2024/25,Aston Villa,Lucas Digne,Left-Back
2024/25,Aston Villa,Marco Asensio,Attacking Midfield
2024/25,Aston Villa,Marcus Rashford,Left Winger
2024/25,Aston Villa,Matty Cash,Right-Back
2024/25,Aston Villa,Morgan Rogers,Attacking Midfield
2024/25,Aston Villa,Ollie Watkins,Centre-Forward
2024/25,Aston Villa,Pau Torres,Centre-Back
2024/25,Aston Villa,Robin Olsen,Goalkeeper
2024/25,Aston Villa,Ross Barkley,Central Midfield
2024/25,Aston Villa,Tyrone Mings,Centre-Back
2024/25,Aston Villa,Youri Tielemans,Central Midfield
2024/25,Brentford FC,Aaron Hickey,Right-Back
2024/25,Brentford FC,Ben Mee,Centre-Back
2024/25,Brentford FC,Ben Winterbottom,Goalkeeper
2024/25,Brentford FC,Benjamin Arthur,Centre-Back
2024/25,Brentford FC,Benjamin Fredrick,Centre-Back
2024/25,Brentford FC,Bryan Mbeumo,Right Winger
2024/25,Brentford FC,Christian Nørgaard,Defensive Midfield
2024/25,Brentford FC,Ethan Pinnock,Centre-Back
2024/25,Brentford FC,Fábio Carvalho,Attacking Midfield
2024/25,Brentford FC,Gustavo Nunes,Left Winger
2024/25,Brentford FC,Hákon Valdimarsson,Goalkeeper
2024/25,Brentford FC,Igor Thiago,Centre-Forward
2024/25,Brentford FC,Jayden Meghoma,Left-Back
2024/25,Brentford FC,Ji-soo Kim,Centre-Back
2024/25,Brentford FC,Josh Dasilva,Central Midfield
2024/25,Brentford FC,Julian Eyestone,Goalkeeper
2024/25,Brentford FC,Keane Lewis-Potter,Left Midfield
2024/25,Brentford FC,Kevin Schade,Left Winger
2024/25,Brentford FC,Kristoffer Ajer,Centre-Back
2024/25,Brentford FC,Mark Flekken,Goalkeeper
2024/25,Brentford FC,Mathias Jensen,Central Midfield
2024/25,Brentford FC,Matthew Cox,Goalkeeper
2024/25,Brentford FC,Michael Kayode,Right-Back
2024/25,Brentford FC,Mikkel Damsgaard,Attacking Midfield
2024/25,Brentford FC,Myles Peart-Harris,Attacking Midfield
2024/25,Brentford FC,Nathan Collins,Centre-Back
2024/25,Brentford FC,Paris Maghoma,Central Midfield
2024/25,Brentford FC,Rico Henry,Left-Back
2024/25,Brentford FC,Ryan Trevitt,Central Midfield
2024/25,Brentford FC,Sepp van den Berg,Centre-Back
2024/25,Brentford FC,Vitaly Janelt,Defensive Midfield
2024/25,Brentford FC,Yegor Yarmolyuk,Central Midfield
2024/25,Brentford FC,Yoane Wissa,Centre-Forward
2024/25,Brentford FC,Yunus Konak,Defensive Midfield
2024/25,Brighton and Hove Albion,Adam Webster,Centre-Back
2024/25,Brighton and Hove Albion,Amario Cozier-Duberry,Right Winger
2024/25,Brighton and Hove Albion,Bart Verbruggen,Goalkeeper
2024/25,Brighton and Hove Albion,Brajan Gruda,Attacking Midfield
2024/25,Brighton and Hove Albion,Carl Rushworth,Goalkeeper
2024/25,Brighton and Hove Albion,Carlos Baleba,Defensive Midfield
2024/25,Brighton and Hove Albion,Danny Welbeck,Centre-Forward
2024/25,Brighton and Hove Albion,Diego Gómez,Central Midfield
2024/25,Brighton and Hove Albion,Eiran Cashin,Centre-Back
2024/25,Brighton and Hove Albion,Evan Ferguson,Centre-Forward
2024/25,Brighton and Hove Albion,Ferdi Kadıoğlu,Left-Back
2024/25,Brighton and Hove Albion,Georginio Rutter,Centre-Forward
2024/25,Brighton and Hove Albion,Igor Julio,Centre-Back
2024/25,Brighton and Hove Albion,Jack Hinshelwood,Defensive Midfield
2024/25,Brighton and Hove Albion,James Milner,Central Midfield
2024/25,Brighton and Hove Albion,Jan Paul van Hecke,Centre-Back
2024/25,Brighton and Hove Albion,Jason Steele,Goalkeeper
2024/25,Brighton and Hove Albion,Jeremy Sarmiento,Left Winger
2024/25,Brighton and Hove Albion,João Pedro,Centre-Forward
2024/25,Brighton and Hove Albion,Joël Veltman,Right-Back
2024/25,Brighton and Hove Albion,Kaoru Mitoma,Left Winger
2024/25,Brighton and Hove Albion,Lewis Dunk,Centre-Back
2024/25,Brighton and Hove Albion,Malick Yalcouyé,Central Midfield
2024/25,Brighton and Hove Albion,Mats Wieffer,Right-Back
2024/25,Brighton and Hove Albion,Matt O'Riley,Central Midfield
2024/25,Brighton and Hove Albion,Odeluga Offiah,Centre-Back
2024/25,Brighton and Hove Albion,Pervis Estupiñán,Left-Back
2024/25,Brighton and Hove Albion,Simon Adingra,Left Winger
2024/25,Brighton and Hove Albion,Solly March,Right Winger
2024/25,Brighton and Hove Albion,Tariq Lamptey,Right-Back
2024/25,Brighton and Hove Albion,Tom McGill,Goalkeeper
2024/25,Brighton and Hove Albion,Yankuba Minteh,Right Winger
2024/25,Brighton and Hove Albion,Yasin Ayari,Central Midfield
2024/25,Chelsea,Aarón Anselmino,Centre-Back
2024/25,Chelsea,Andrey Santos,Central Midfield
2024/25,Chelsea,Ato Ampah,Right Winger
2024/25,Chelsea,Axel Disasi,Centre-Back
2024/25,Chelsea,Ben Chilwell,Left-Back
2024/25,Chelsea,Benoît Badiashile,Centre-Back
2024/25,Chelsea,Carney Chukwuemeka,Central Midfield
2024/25,Chelsea,Cesare Casadei,Central Midfield
2024/25,Chelsea,Christopher Nkunku,Centre-Forward
2024/25,Chelsea,Cole Palmer,Attacking Midfield
2024/25,Chelsea,David Datro Fofana,Centre-Forward
2024/25,Chelsea,Deivid Washington,Centre-Forward
2024/25,Chelsea,Dário Essugo,Defensive Midfield
2024/25,Chelsea,Enzo Fernández,Central Midfield
2024/25,Chelsea,Filip Jørgensen,Goalkeeper
2024/25,Chelsea,Gabriel Slonina,Goalkeeper
2024/25,Chelsea,Genesis Antwi,Right-Back
2024/25,Chelsea,Harrison Murray-Campbell,Centre-Back
2024/25,Chelsea,Harvey Vale,Right Midfield
2024/25,Chelsea,Ishé Samuels-Smith,Left-Back
2024/25,Chelsea,Jadon Sancho,Left Winger
2024/25,Chelsea,Josh Acheampong,Right-Back
2024/25,Chelsea,João Félix,Second Striker
2024/25,Chelsea,João Pedro,Centre-Forward
2024/25,Chelsea,Kaiden Wilson,Centre-Back
2024/25,Chelsea,Kiano Dyer,Central Midfield
2024/25,Chelsea,Kiernan Dewsbury-Hall,Central Midfield
2024/25,Chelsea,Landon Emenalo,Left-Back
2024/25,Chelsea,Levi Colwill,Centre-Back
2024/25,Chelsea,Liam Delap,Centre-Forward
2024/25,Chelsea,Lucas Bergström,Goalkeeper
2024/25,Chelsea,Malo Gusto,Right-Back
2024/25,Chelsea,Mamadou Sarr,Centre-Back
2024/25,Chelsea,Marc Cucurella,Left-Back
2024/25,Chelsea,Marc Guiu,Centre-Forward
2024/25,Chelsea,Marcus Bettinelli,Goalkeeper
2024/25,Chelsea,Mathis Amougou,Central Midfield
2024/25,Chelsea,Max Merrick,Goalkeeper
2024/25,Chelsea,Mike Penders,Goalkeeper
2024/25,Chelsea,Moisés Caicedo,Defensive Midfield
2024/25,Chelsea,Mykhaylo Mudryk,Left Winger
2024/25,Chelsea,Nicolas Jackson,Centre-Forward
2024/25,Chelsea,Noni Madueke,Right Winger
2024/25,Chelsea,Omari Kellyman,Attacking Midfield
2024/25,Chelsea,Pedro Neto,Right Winger
2024/25,Chelsea,Reece James,Right-Back
2024/25,Chelsea,Reggie Walsh,Attacking Midfield
2024/25,Chelsea,Renato Veiga,Centre-Back
2024/25,Chelsea,Richard Olise,Right-Back
2024/25,Chelsea,Robert Sánchez,Goalkeeper
2024/25,Chelsea,Roméo Lavia,Defensive Midfield
2024/25,Chelsea,Sam Rak-Sakyi,Defensive Midfield
2024/25,Chelsea,Shumaira Mheuka,Centre-Forward
2024/25,Chelsea,Ted Curd,Goalkeeper
2024/25,Chelsea,Tosin Adarabioyo,Centre-Back
2024/25,Chelsea,Trevoh Chalobah,Centre-Back
2024/25,Chelsea,Tyrique George,Left Winger
2024/25,Chelsea,Wesley Fofana,Centre-Back
2024/25,Crystal Palace,Adam Wharton,Defensive Midfield
2024/25,Crystal Palace,Ben Chilwell,Left-Back
2024/25,Crystal Palace,Caleb Kporha,Right-Back
2024/25,Crystal Palace,Chadi Riad,Centre-Back
2024/25,Crystal Palace,Cheick Doucouré,Defensive Midfield
2024/25,Crystal Palace,Chris Richards,Centre-Back
2024/25,Crystal Palace,Daichi Kamada,Attacking Midfield
2024/25,Crystal Palace,Daniel Muñoz,Right-Back
2024/25,Crystal Palace,David Ozoh,Defensive Midfield
2024/25,Crystal Palace,Dean Henderson,Goalkeeper
2024/25,Crystal Palace,Eberechi Eze,Attacking Midfield
2024/25,Crystal Palace,Eddie Nketiah,Centre-Forward
2024/25,Crystal Palace,Ismaïla Sarr,Right Winger
2024/25,Crystal Palace,Jean-Philippe Mateta,Centre-Forward
2024/25,Crystal Palace,Jefferson Lerma,Defensive Midfield
2024/25,Crystal Palace,Joe Whitworth,Goalkeeper
2024/25,Crystal Palace,Joel Ward,Right-Back
2024/25,Crystal Palace,Justin Devenny,Attacking Midfield
2024/25,Crystal Palace,Kaden Rodney,Defensive Midfield
2024/25,Crystal Palace,Malcolm Ebiowei,Right Winger
2024/25,Crystal Palace,Marc Guéhi,Centre-Back
2024/25,Crystal Palace,Matheus França,Attacking Midfield
2024/25,Crystal Palace,Matt Turner,Goalkeeper
2024/25,Crystal Palace,Maxence Lacroix,Centre-Back
2024/25,Crystal Palace,Nathaniel Clyne,Right-Back
2024/25,Crystal Palace,Remi Matthews,Goalkeeper
2024/25,Crystal Palace,Romain Esse,Right Winger
2024/25,Crystal Palace,Tyrick Mitchell,Left-Back
2024/25,Crystal Palace,Will Hughes,Central Midfield
2024/25,Everton,Abdoulaye Doucouré,Attacking Midfield
2024/25,Everton,Armando Broja,Centre-Forward
2024/25,Everton,Ashley Young,Right-Back
2024/25,Everton,Asmir Begovic,Goalkeeper
2024/25,Everton,Beto,Centre-Forward
2024/25,Everton,Carlos Alcaraz,Central Midfield
2024/25,Everton,Dominic Calvert-Lewin,Centre-Forward
2024/25,Everton,Dwight McNeil,Left Winger
2024/25,Everton,Harrison Armstrong,Central Midfield
2024/25,Everton,Idrissa Gueye,Defensive Midfield
2024/25,Everton,Iliman Ndiaye,Right Winger
2024/25,Everton,Jack Harrison,Left Winger
2024/25,Everton,Jake O'Brien,Right-Back
2024/25,Everton,James Garner,Defensive Midfield
2024/25,Everton,James Tarkowski,Centre-Back
2024/25,Everton,Jarrad Branthwaite,Centre-Back
2024/25,Everton,Jesper Lindstrøm,Right Winger
2024/25,Everton,Jordan Pickford,Goalkeeper
2024/25,Everton,João Virgínia,Goalkeeper
2024/25,Everton,Michael Keane,Centre-Back
2024/25,Everton,Nathan Patterson,Right-Back
2024/25,Everton,Orel Mangala,Defensive Midfield
2024/25,Everton,Séamus Coleman,Right-Back
2024/25,Everton,Tim Iroegbunam,Central Midfield
2024/25,Everton,Vitaliy Mykolenko,Left-Back
2024/25,Everton,Youssef Chermiti,Centre-Forward
2024/25,Fulham,Adama Traoré,Right Winger
2024/25,Fulham,Alex Iwobi,Left Winger
2024/25,Fulham,Andreas Pereira,Central Midfield
2024/25,Fulham,Antonee Robinson,Left-Back
2024/25,Fulham,Bernd Leno,Goalkeeper
2024/25,Fulham,Calvin Bassey,Centre-Back
2024/25,Fulham,Carlos Vinícius,Centre-Forward
2024/25,Fulham,Emile Smith Rowe,Attacking Midfield
2024/25,Fulham,Harrison Reed,Central Midfield
2024/25,Fulham,Harry Wilson,Right Winger
2024/25,Fulham,Issa Diop,Centre-Back
2024/25,Fulham,Joachim Andersen,Centre-Back
2024/25,Fulham,Jorge Cuenca,Centre-Back
2024/25,Fulham,Josh King,Attacking Midfield
2024/25,Fulham,Kenny Tete,Right-Back
2024/25,Fulham,Martial Godo,Left Winger
2024/25,Fulham,Raúl Jiménez,Centre-Forward
2024/25,Fulham,Reiss Nelson,Left Winger
2024/25,Fulham,Rodrigo Muniz,Centre-Forward
2024/25,Fulham,Ryan Sessegnon,Left-Back
2024/25,Fulham,Sander Berge,Defensive Midfield
2024/25,Fulham,Saša Lukić,Central Midfield
2024/25,Fulham,Steven Benda,Goalkeeper
2024/25,Fulham,Timothy Castagne,Right-Back
2024/25,Fulham,Tom Cairney,Central Midfield
2024/25,Fulham,Willian,Left Winger
2024/25,Ipswich,Alex Palmer,Goalkeeper
2024/25,Ipswich,Ali Al-Hamadi,Centre-Forward
2024/25,Ipswich,Arijanet Murić,Goalkeeper
2024/25,Ipswich,Axel Tuanzebe,Centre-Back
2024/25,Ipswich,Ben Godfrey,Centre-Back
2024/25,Ipswich,Ben Johnson,Right-Back
2024/25,Ipswich,Cameron Burgess,Centre-Back
2024/25,Ipswich,Chiedozie Ogbene,Right Winger
2024/25,Ipswich,Christian Walton,Goalkeeper
2024/25,Ipswich,Cieran Slicker,Goalkeeper
2024/25,Ipswich,Conor Chaplin,Second Striker
2024/25,Ipswich,Conor Townsend,Left-Back
2024/25,Ipswich,Dara O'Shea,Centre-Back
2024/25,Ipswich,George Hirst,Centre-Forward
2024/25,Ipswich,Harry Clarke,Right-Back
2024/25,Ipswich,Jack Clarke,Left Winger
2024/25,Ipswich,Jack Taylor,Central Midfield
2024/25,Ipswich,Jacob Greaves,Centre-Back
2024/25,Ipswich,Jaden Philogene,Left Winger
2024/25,Ipswich,Jens Cajuste,Defensive Midfield
2024/25,Ipswich,Julio Enciso,Attacking Midfield
2024/25,Ipswich,Kalvin Phillips,Defensive Midfield
2024/25,Ipswich,Leif Davis,Left-Back
2024/25,Ipswich,Luke Woolfenden,Centre-Back
2024/25,Ipswich,Marcus Harness,Attacking Midfield
2024/25,Ipswich,Massimo Luongo,Central Midfield
2024/25,Ipswich,Nathan Broadhead,Left Winger
2024/25,Ipswich,Omari Hutchinson,Right Winger
2024/25,Ipswich,Sam Morsy,Central Midfield
2024/25,Ipswich,Sammie Szmodics,Attacking Midfield
2024/25,Ipswich,Wes Burns,Right Midfield
2024/25,Leicester,Abdul Fatawu,Right Winger
2024/25,Leicester,Ben Nelson,Centre-Back
2024/25,Leicester,Bilal El Khannouss,Attacking Midfield
2024/25,Leicester,Bobby De Cordova-Reid,Attacking Midfield
2024/25,Leicester,Boubakary Soumaré,Defensive Midfield
2024/25,Leicester,Caleb Okoli,Centre-Back
2024/25,Leicester,Conor Coady,Centre-Back
2024/25,Leicester,Daniel Iversen,Goalkeeper
2024/25,Leicester,Danny Ward,Goalkeeper
2024/25,Leicester,Facundo Buonanotte,Attacking Midfield
2024/25,Leicester,Hamza Choudhury,Defensive Midfield
2024/25,Leicester,Harry Souttar,Centre-Back
2024/25,Leicester,Harry Winks,Defensive Midfield
2024/25,Leicester,Jakub Stolarczyk,Goalkeeper
2024/25,Leicester,James Justin,Right-Back
2024/25,Leicester,Jamie Vardy,Centre-Forward
2024/25,Leicester,Jannik Vestergaard,Centre-Back
2024/25,Leicester,Jordan Ayew,Centre-Forward
2024/25,Leicester,Kasey McAteer,Right Midfield
2024/25,Leicester,Luke Thomas,Left-Back
2024/25,Leicester,Mads Hermansen,Goalkeeper
2024/25,Leicester,Michael Golding,Central Midfield
2024/25,Leicester,Odsonne Édouard,Centre-Forward
2024/25,Leicester,Olabade Aluko,Right-Back
2024/25,Leicester,Oliver Skipp,Defensive Midfield
2024/25,Leicester,Patson Daka,Centre-Forward
2024/25,Leicester,Ricardo Pereira,Right-Back
2024/25,Leicester,Stephy Mavididi,Left Winger
2024/25,Leicester,Victor Kristiansen,Left-Back
2024/25,Leicester,Wilfred Ndidi,Defensive Midfield
2024/25,Leicester,Will Alves,Attacking Midfield
2024/25,Leicester,Wout Faes,Centre-Back
2024/25,Leicester,Woyo Coulibaly,Right-Back
2024/25,Liverpool,Alexis Mac Allister,Central Midfield
2024/25,Liverpool,Alisson,Goalkeeper
2024/25,Liverpool,Andrew Robertson,Left-Back
2024/25,Liverpool,Caoimhín Kelleher,Goalkeeper
2024/25,Liverpool,Cody Gakpo,Left Winger
2024/25,Liverpool,Conor Bradley,Right-Back
2024/25,Liverpool,Curtis Jones,Central Midfield
2024/25,Liverpool,Darwin Núñez,Centre-Forward
2024/25,Liverpool,Diogo Jota,Left Winger
2024/25,Liverpool,Dominik Szoboszlai,Attacking Midfield
2024/25,Liverpool,Federico Chiesa,Right Winger
2024/25,Liverpool,Harvey Davies,Goalkeeper
2024/25,Liverpool,Harvey Elliott,Attacking Midfield
2024/25,Liverpool,Ibrahima Konaté,Centre-Back
2024/25,Liverpool,Jarell Quansah,Centre-Back
2024/25,Liverpool,Joe Gomez,Centre-Back
2024/25,Liverpool,Konstantinos Tsimikas,Left-Back
2024/25,Liverpool,Luis Díaz,Left Winger
2024/25,Liverpool,Mohamed Salah,Right Winger
2024/25,Liverpool,Rio Ngumoha,Left Winger
2024/25,Liverpool,Ryan Gravenberch,Defensive Midfield
2024/25,Liverpool,Trey Nyoni,Central Midfield
2024/25,Liverpool,Tyler Morton,Defensive Midfield
2024/25,Liverpool,Virgil van Dijk,Centre-Back
2024/25,Liverpool,Vitezslav Jaros,Goalkeeper
2024/25,Liverpool,Wataru Endo,Defensive Midfield
2024/25,Man City,Abdukodir Khusanov,Centre-Back
2024/25,Man City,Bernardo Silva,Attacking Midfield
2024/25,Man City,Claudio Echeverri,Attacking Midfield
2024/25,Man City,Ederson,Goalkeeper
2024/25,Man City,Erling Haaland,Centre-Forward
2024/25,Man City,Issa Kaboré,Right-Back
2024/25,Man City,Jack Grealish,Left Winger
2024/25,Man City,James McAtee,Attacking Midfield
2024/25,Man City,John Stones,Centre-Back
2024/25,Man City,Josh Wilson-Esbrand,Left-Back
2024/25,Man City,Josko Gvardiol,Centre-Back
2024/25,Man City,Jérémy Doku,Left Winger
2024/25,Man City,Kalvin Phillips,Defensive Midfield
2024/25,Man City,Kevin De Bruyne,Attacking Midfield
2024/25,Man City,Manuel Akanji,Centre-Back
2024/25,Man City,Marcus Bettinelli,Goalkeeper
2024/25,Man City,Mateo Kovacic,Central Midfield
2024/25,Man City,Matheus Nunes,Right-Back
2024/25,Man City,Max Alleyne,Centre-Back
2024/25,Man City,Nathan Aké,Centre-Back
2024/25,Man City,Nico González,Defensive Midfield
2024/25,Man City,Nico O'Reilly,Left-Back
2024/25,Man City,Omar Marmoush,Centre-Forward
2024/25,Man City,Oscar Bobb,Right Winger
2024/25,Man City,Phil Foden,Attacking Midfield
2024/25,Man City,Rayan Aït-Nouri,Left-Back
2024/25,Man City,Rayan Cherki,Attacking Midfield
2024/25,Man City,Rico Lewis,Right-Back
2024/25,Man City,Rodri,Defensive Midfield
2024/25,Man City,Rúben Dias,Centre-Back
2024/25,Man City,Savinho,Left Winger
2024/25,Man City,Scott Carson,Goalkeeper
2024/25,Man City,Stefan Ortega,Goalkeeper
2024/25,Man City,Tijjani Reijnders,Central Midfield
2024/25,Man City,Vitor Reis,Centre-Back
2024/25,Man City,İlkay Gündoğan,Central Midfield
2024/25,Man United,Alejandro Garnacho,Left Winger
2024/25,Man United,Altay Bayındır,Goalkeeper
2024/25,Man United,Amad Diallo,Right Winger
2024/25,Man United,André Onana,Goalkeeper
2024/25,Man United,Ayden Heaven,Centre-Back
2024/25,Man United,Bruno Fernandes,Attacking Midfield
2024/25,Man United,Casemiro,Defensive Midfield
2024/25,Man United,Chido Obi,Centre-Forward
2024/25,Man United,Christian Eriksen,Attacking Midfield
2024/25,Man United,Dan Gore,Central Midfield
2024/25,Man United,Dermot Mee,Goalkeeper
2024/25,Man United,Diogo Dalot,Right-Back
2024/25,Man United,Ethan Wheatley,Centre-Forward
2024/25,Man United,Harry Amass,Left-Back
2024/25,Man United,Harry Maguire,Centre-Back
2024/25,Man United,Jack Fletcher,Attacking Midfield
2024/25,Man United,Jonny Evans,Centre-Back
2024/25,Man United,Joshua Zirkzee,Centre-Forward
2024/25,Man United,Kobbie Mainoo,Central Midfield
2024/25,Man United,Leny Yoro,Centre-Back
2024/25,Man United,Lisandro Martínez,Centre-Back
2024/25,Man United,Luke Shaw,Left-Back
2024/25,Man United,Manuel Ugarte,Defensive Midfield
2024/25,Man United,Marcus Rashford,Left Winger
2024/25,Man United,Mason Mount,Attacking Midfield
2024/25,Man United,Matthijs de Ligt,Centre-Back
2024/25,Man United,Noussair Mazraoui,Right-Back
2024/25,Man United,Patrick Dorgu,Left Winger
2024/25,Man United,Rasmus Højlund,Centre-Forward
2024/25,Man United,Toby Collyer,Defensive Midfield
2024/25,Man United,Tom Heaton,Goalkeeper
2024/25,Man United,Tyler Fredricson,Centre-Back
2024/25,Man United,Victor Lindelöf,Centre-Back
2024/25,Newcastle,Alex Murphy,Left-Back
2024/25,Newcastle,Alexander Isak,Centre-Forward
2024/25,Newcastle,Anthony Gordon,Left Winger
2024/25,Newcastle,Bruno Guimarães,Central Midfield
2024/25,Newcastle,Callum Wilson,Centre-Forward
2024/25,Newcastle,Dan Burn,Centre-Back
2024/25,Newcastle,Emil Krafth,Right-Back
2024/25,Newcastle,Fabian Schär,Centre-Back
2024/25,Newcastle,Harrison Ashby,Right-Back
2024/25,Newcastle,Harvey Barnes,Left Winger
2024/25,Newcastle,Isaac Hayden,Defensive Midfield
2024/25,Newcastle,Jacob Murphy,Right Winger
2024/25,Newcastle,Jamaal Lascelles,Centre-Back
2024/25,Newcastle,Jamal Lewis,Left-Back
2024/25,Newcastle,Joe White,Attacking Midfield
2024/25,Newcastle,Joe Willock,Central Midfield
2024/25,Newcastle,Joelinton,Central Midfield
2024/25,Newcastle,John Ruddy,Goalkeeper
2024/25,Newcastle,Kieran Trippier,Right-Back
2024/25,Newcastle,Leo Shahar,Right-Back
2024/25,Newcastle,Lewis Hall,Left-Back
2024/25,Newcastle,Lewis Miley,Central Midfield
2024/25,Newcastle,Mark Gillespie,Goalkeeper
2024/25,Newcastle,Martin Dúbravka,Goalkeeper
2024/25,Newcastle,Matt Targett,Left-Back
2024/25,Newcastle,Nick Pope,Goalkeeper
2024/25,Newcastle,Odysseas Vlachodimos,Goalkeeper
2024/25,Newcastle,Sandro Tonali,Defensive Midfield
2024/25,Newcastle,Sean Longstaff,Central Midfield
2024/25,Newcastle,Sven Botman,Centre-Back
2024/25,Newcastle,Tino Livramento,Right-Back
2024/25,Newcastle,William Osula,Centre-Forward
2024/25,Nott'm Forest,Anthony Elanga,Right Winger
2024/25,Nott'm Forest,Callum Hudson-Odoi,Left Winger
2024/25,Nott'm Forest,Carlos Miguel,Goalkeeper
2024/25,Nott'm Forest,Chris Wood,Centre-Forward
2024/25,Nott'm Forest,Danilo,Central Midfield
2024/25,Nott'm Forest,Elliot Anderson,Central Midfield
2024/25,Nott'm Forest,Emmanuel Dennis,Centre-Forward
2024/25,Nott'm Forest,Eric da Silva Moreira,Right-Back
2024/25,Nott'm Forest,Harry Toffolo,Left-Back
2024/25,Nott'm Forest,Ibrahim Sangaré,Defensive Midfield
2024/25,Nott'm Forest,Josh Bowler,Right Winger
2024/25,Nott'm Forest,Jota Silva,Left Winger
2024/25,Nott'm Forest,Lewis O'Brien,Central Midfield
2024/25,Nott'm Forest,Matz Sels,Goalkeeper
2024/25,Nott'm Forest,Morato,Centre-Back
2024/25,Nott'm Forest,Morgan Gibbs-White,Attacking Midfield
2024/25,Nott'm Forest,Murillo,Centre-Back
2024/25,Nott'm Forest,Neco Williams,Left-Back
2024/25,Nott'm Forest,Nicolás Domínguez,Central Midfield
2024/25,Nott'm Forest,Nikola Milenković,Centre-Back
2024/25,Nott'm Forest,Ola Aina,Right-Back
2024/25,Nott'm Forest,Ramón Sosa,Second Striker
2024/25,Nott'm Forest,Ryan Yates,Central Midfield
2024/25,Nott'm Forest,Taiwo Awoniyi,Centre-Forward
2024/25,Nott'm Forest,Tyler Bindon,Centre-Back
2024/25,Nott'm Forest,Wayne Hennessey,Goalkeeper
2024/25,Nott'm Forest,Willy Boly,Centre-Back
2024/25,Nott'm Forest,Zach Abbott,Centre-Back
2024/25,Nott'm Forest,Álex Moreno,Left-Back
2024/25,Southampton,Aaron Ramsdale,Goalkeeper
2024/25,Southampton,Adam Armstrong,Centre-Forward
2024/25,Southampton,Adam Lallana,Attacking Midfield
2024/25,Southampton,Albert Grønbaek,Attacking Midfield
2024/25,Southampton,Alex McCarthy,Goalkeeper
2024/25,Southampton,Armel Bella-Kotchap,Centre-Back
2024/25,Southampton,Ben Brereton Díaz,Centre-Forward
2024/25,Southampton,Cameron Archer,Centre-Forward
2024/25,Southampton,Charlie Taylor,Left-Back
2024/25,Southampton,Flynn Downes,Defensive Midfield
2024/25,Southampton,Gavin Bazunu,Goalkeeper
2024/25,Southampton,Jack Stephens,Centre-Back
2024/25,Southampton,James Bree,Right-Back
2024/25,Southampton,Jan Bednarek,Centre-Back
2024/25,Southampton,Jay Robinson,Left Winger
2024/25,Southampton,Joachim Kayi Sanda,Centre-Back
2024/25,Southampton,Joe Aribo,Central Midfield
2024/25,Southampton,Joe Lumley,Goalkeeper
2024/25,Southampton,Juan Larios,Left-Back
2024/25,Southampton,Kamaldeen Sulemana,Left Winger
2024/25,Southampton,Kyle Walker-Peters,Right-Back
2024/25,Southampton,Lesley Ugochukwu,Defensive Midfield
2024/25,Southampton,Mateus Fernandes,Central Midfield
2024/25,Southampton,Nathan Wood,Centre-Back
2024/25,Southampton,Paul Onuachu,Centre-Forward
2024/25,Southampton,Ross Stewart,Centre-Forward
2024/25,Southampton,Ryan Fraser,Left Winger
2024/25,Southampton,Ryan Manning,Left-Back
2024/25,Southampton,Samuel Edozie,Left Winger
2024/25,Southampton,Shea Charles,Defensive Midfield
2024/25,Southampton,Taylor Harwood-Bellis,Centre-Back
2024/25,Southampton,Tyler Dibling,Right Winger
2024/25,Southampton,Welington,Left-Back
2024/25,Southampton,Will Smallbone,Central Midfield
2024/25,Southampton,Yukinari Sugawara,Right-Back
2024/25,Tottenham,Alfie Whiteman,Goalkeeper
2024/25,Tottenham,Antonín Kinský,Goalkeeper
2024/25,Tottenham,Archie Gray,Defensive Midfield
2024/25,Tottenham,Ben Davies,Centre-Back
2024/25,Tottenham,Brandon Austin,Goalkeeper
2024/25,Tottenham,Brennan Johnson,Right Winger
2024/25,Tottenham,Cristian Romero,Centre-Back
2024/25,Tottenham,Dane Scarlett,Centre-Forward
2024/25,Tottenham,Dejan Kulusevski,Attacking Midfield
2024/25,Tottenham,Destiny Udogie,Left-Back
2024/25,Tottenham,Djed Spence,Right-Back
2024/25,Tottenham,Dominic Solanke,Centre-Forward
2024/25,Tottenham,Fraser Forster,Goalkeeper
2024/25,Tottenham,Guglielmo Vicario,Goalkeeper
2024/25,Tottenham,Heung-min Son,Left Winger
2024/25,Tottenham,James Maddison,Attacking Midfield
2024/25,Tottenham,Kevin Danso,Centre-Back
2024/25,Tottenham,Lucas Bergvall,Central Midfield
2024/25,Tottenham,Mathys Tel,Centre-Forward
2024/25,Tottenham,Micky van de Ven,Centre-Back
2024/25,Tottenham,Mikey Moore,Left Winger
2024/25,Tottenham,Min-hyeok Yang,Right Winger
2024/25,Tottenham,Pape Matar Sarr,Central Midfield
2024/25,Tottenham,Pedro Porro,Right-Back
2024/25,Tottenham,Radu Drăgușin,Centre-Back
2024/25,Tottenham,Richarlison,Centre-Forward
2024/25,Tottenham,Rodrigo Bentancur,Defensive Midfield
2024/25,Tottenham,Sergio Reguilón,Left-Back
2024/25,Tottenham,Timo Werner,Centre-Forward
2024/25,Tottenham,Wilson Odobert,Left Winger
2024/25,Tottenham,Yves Bissouma,Defensive Midfield
2024/25,West Ham,Aaron Cresswell,Left-Back
2024/25,West Ham,Aaron Wan-Bissaka,Right-Back
2024/25,West Ham,Alphonse Areola,Goalkeeper
2024/25,West Ham,Andrew Irving,Central Midfield
2024/25,West Ham,Carlos Soler,Central Midfield
2024/25,West Ham,Crysencio Summerville,Left Winger
2024/25,West Ham,Danny Ings,Centre-Forward
2024/25,West Ham,Edson Álvarez,Defensive Midfield
2024/25,West Ham,Emerson,Left-Back
2024/25,West Ham,Evan Ferguson,Centre-Forward
2024/25,West Ham,Ezra Mayers,Centre-Back
2024/25,West Ham,Guido Rodríguez,Defensive Midfield
2024/25,West Ham,James Ward-Prowse,Central Midfield
2024/25,West Ham,Jarrod Bowen,Right Winger
2024/25,West Ham,Jean-Clair Todibo,Centre-Back
2024/25,West Ham,Kaelan Casey,Centre-Back
2024/25,West Ham,Konstantinos Mavropanos,Centre-Back
2024/25,West Ham,Lucas Paquetá,Attacking Midfield
2024/25,West Ham,Lukasz Fabianski,Goalkeeper
2024/25,West Ham,Luís Guilherme,Right Winger
2024/25,West Ham,Maximilian Kilman,Centre-Back
2024/25,West Ham,Michail Antonio,Centre-Forward
2024/25,West Ham,Mohammed Kudus,Right Winger
2024/25,West Ham,Niclas Füllkrug,Centre-Forward
2024/25,West Ham,Oliver Scarles,Left-Back
2024/25,West Ham,Tomáš Souček,Defensive Midfield
2024/25,West Ham,Vladimír Coufal,Right-Back
2024/25,West Ham,Wes Foderingham,Goalkeeper
2024/25,Wolves,André,Defensive Midfield
2024/25,Wolves,Bastien Meupiyou,Centre-Back
2024/25,Wolves,Boubacar Traoré,Defensive Midfield
2024/25,Wolves,Carlos Forbs,Right Winger
2024/25,Wolves,Chem Campbell,Left Winger
2024/25,Wolves,Craig Dawson,Centre-Back
2024/25,Wolves,Daniel Bentley,Goalkeeper
2024/25,Wolves,Emmanuel Agbadou,Centre-Back
2024/25,Wolves,Enso González,Left Winger
2024/25,Wolves,Gonçalo Guedes,Left Winger
2024/25,Wolves,Hee-chan Hwang,Centre-Forward
2024/25,Wolves,Jean-Ricner Bellegarde,Central Midfield
2024/25,Wolves,Joe Hodge,Defensive Midfield
2024/25,Wolves,José Sá,Goalkeeper
2024/25,Wolves,João Gomes,Central Midfield
2024/25,Wolves,Jørgen Strand Larsen,Centre-Forward
2024/25,Wolves,Marshall Munetsi,Central Midfield
2024/25,Wolves,Mateus Mané,Attacking Midfield
2024/25,Wolves,Matheus Cunha,Centre-Forward
2024/25,Wolves,Matt Doherty,Right-Back
2024/25,Wolves,Nasser Djiga,Centre-Back
2024/25,Wolves,Nathan Fraser,Centre-Forward
2024/25,Wolves,Nélson Semedo,Right-Back
2024/25,Wolves,Pablo Sarabia,Attacking Midfield
2024/25,Wolves,Pedro Lima,Right-Back
2024/25,Wolves,Rodrigo Gomes,Left Midfield
2024/25,Wolves,Sam Johnstone,Goalkeeper
2024/25,Wolves,Santiago Bueno,Centre-Back
2024/25,Wolves,Sasa Kalajdzic,Centre-Forward
2024/25,Wolves,Tawanda Chirewa,Attacking Midfield
2024/25,Wolves,Tom King,Goalkeeper
2024/25,Wolves,Tommy Doyle,Central Midfield
2024/25,Wolves,Toti,Centre-Back
2024/25,Wolves,Yerson Mosquera,Centre-Back
